{"type":"FeatureCollection","features":[{"type":"Feature","properties":{"plz":"01","c":[13.7959,51.1496]},"geometry":{"type":"Polygon","coordinates":[[[13.5569,50.8069],[13.5751,50.8113],[13.5509,50.8178],[13.5414,50.831],[13.5206,50.8272],[13.4982,50.8487],[13.5151,50.8559],[13.4877,50.8927],[13.4601,50.9019],[13.4581,50.9236],[13.4915,50.9226],[13.4483,50.9267],[13.4436,50.9326],[13.4552,50.941],[13.4283,50.9435],[13.45,50.9649],[13.4452,50.9683],[13.4627,50.9676],[13.4734,50.976],[13.4738,50.9853],[13.4388,50.9815],[13.4268,50.9948],[13.4495,51.0223],[13.4358,51.0315],[13.3828,51.0525],[13.2741,51.0318],[13.2351,51.0082],[13.229,51.0124],[13.2666,51.0492],[13.2467,51.0533],[13.2423,51.0642],[13.2604,51.0685],[13.2514,51.1107],[13.2271,51.1024],[13.2286,51.1139],[13.2505,51.1182],[13.2495,51.1374],[13.259,51.141],[13.2506,51.1412],[13.2578,51.1506],[13.2536,51.1624],[13.2109,51.1757],[13.2085,51.2025],[13.1925,51.2116],[13.2078,51.2173],[13.1967,51.237],[13.2074,51.2388],[13.1952,51.248],[13.2007,51.2516],[13.194,51.261],[13.2086,51.2597],[13.2165,51.2692],[13.2058,51.2774],[13.2073,51.2892],[13.2395,51.3004],[13.2142,51.2942],[13.2031,51.3279],[13.2135,51.3433],[13.1989,51.3509],[13.2045,51.3558],[13.1908,51.3586],[13.2084,51.3668],[13.1818,51.3768],[13.1905,51.3946],[13.2014,51.3953],[13.2001,51.4112],[13.2163,51.3954],[13.2687,51.3846],[13.2602,51.4014],[13.2865,51.3993],[13.2856,51.4108],[13.3286,51.4265],[13.3208,51.4374],[13.3763,51.4249],[13.3827,51.4273],[13.374,51.4382],[13.3817,51.4365],[13.4007,51.4542],[13.4289,51.4318],[13.4219,51.4216],[13.4454,51.4309],[13.4505,51.4225],[13.4645,51.4272],[13.4758,51.4185],[13.4655,51.4219],[13.463,51.4122],[13.5207,51.4037],[13.5233,51.3809],[13.5381,51.3808],[13.5425,51.3694],[13.5703,51.3857],[13.59,51.3842],[13.5991,51.3687],[13.6609,51.3689],[13.669,51.3758],[13.6828,51.3677],[13.7016,51.3827],[13.6995,51.3949],[13.6802,51.4126],[13.6951,51.4101],[13.6989,51.4256],[13.7154,51.4169],[13.7222,51.4319],[13.7098,51.4597],[13.7971,51.4574],[13.6936,51.4622],[13.694,51.4829],[13.6419,51.4934],[13.6483,51.497],[13.6354,51.5048],[13.6583,51.506],[13.654,51.5289],[13.6837,51.5294],[13.6831,51.5233],[13.7095,51.519],[13.7275,51.5237],[13.7344,51.5357],[13.7624,51.542],[13.7771,51.5331],[13.854,51.5644],[13.8743,51.5656],[13.8805,51.577],[13.8663,51.5911],[13.8894,51.6178],[13.8903,51.6308],[13.9115,51.6321],[13.9259,51.6137],[13.9671,51.6188],[13.9782,51.6112],[14.0578,51.6233],[14.0775,51.5939],[14.111,51.5939],[14.0939,51.5705],[14.1207,51.5598],[14.12,51.546],[14.1349,51.5413],[14.1307,51.531],[14.1423,51.523],[14.1085,51.5219],[14.0971,51.4993],[14.0738,51.4922],[14.0889,51.4778],[14.0327,51.475],[14.0548,51.4612],[14.0525,51.4515],[14.0626,51.4454],[14.0369,51.4345],[14.0465,51.4281],[14.0384,51.4284],[14.0449,51.4191],[14.0162,51.4049],[14.0281,51.3963],[14.0038,51.3955],[14.0061,51.3881],[13.9961,51.383],[14.0113,51.3656],[13.995,51.3501],[14.0062,51.3416],[14.0718,51.3374],[14.1075,51.3519],[14.106,51.3687],[14.0953,51.3762],[14.1126,51.3807],[14.117,51.372],[14.1334,51.3754],[14.1414,51.3674],[14.1518,51.3803],[14.1654,51.3794],[14.1782,51.3658],[14.2112,51.3745],[14.2107,51.3603],[14.1985,51.3518],[14.2065,51.3345],[14.2616,51.3388],[14.2707,51.3249],[14.2651,51.2834],[14.2551,51.2738],[14.2625,51.2536],[14.2553,51.2459],[14.2892,51.2214],[14.2645,51.2186],[14.2699,51.2057],[14.2533,51.1944],[14.268,51.187],[14.2486,51.1705],[14.2694,51.1725],[14.2708,51.1632],[14.2837,51.1611],[14.2849,51.1397],[14.3041,51.1304],[14.3045,51.1141],[14.3468,51.1096],[14.3453,51.0878],[14.3654,51.0871],[14.3908,51.0706],[14.3722,51.0655],[14.362,51.0453],[14.3451,51.039],[14.3179,51.0547],[14.3017,51.055],[14.289,51.0395],[14.2739,51.0398],[14.2864,51.0275],[14.2801,51.0141],[14.2605,51.0088],[14.2687,51],[14.2586,50.9885],[14.2857,50.9769],[14.3235,50.9854],[14.3281,50.9731],[14.3026,50.9653],[14.317,50.9606],[14.3114,50.954],[14.3738,50.9382],[14.3873,50.9419],[14.4007,50.9333],[14.402,50.9236],[14.3856,50.9165],[14.388,50.8992],[14.3492,50.9008],[14.3491,50.8927],[14.3048,50.8839],[14.2674,50.8953],[14.2334,50.8876],[14.2359,50.8761],[14.2235,50.8591],[14.0875,50.8253],[14.0785,50.8125],[14.0296,50.8043],[13.9908,50.82],[13.9544,50.8076],[13.9561,50.8006],[13.9392,50.79],[13.9039,50.7942],[13.8872,50.7705],[13.9028,50.753],[13.8965,50.743],[13.8803,50.7377],[13.862,50.7428],[13.8582,50.7288],[13.8444,50.7253],[13.7583,50.7358],[13.7406,50.7273],[13.7281,50.7337],[13.7083,50.7254],[13.7123,50.7195],[13.7067,50.7167],[13.6881,50.7195],[13.6167,50.7487],[13.5993,50.7742],[13.6043,50.7777],[13.5718,50.7723],[13.5522,50.7818],[13.563,50.8028],[13.5569,50.8069]]]}},{"type":"Feature","properties":{"plz":"02","c":[14.6009,51.258]},"geometry":{"type":"Polygon","coordinates":[[[14.3453,51.0878],[14.3468,51.1096],[14.3689,51.1073],[14.3045,51.1141],[14.3041,51.1304],[14.2832,51.1424],[14.2889,51.1512],[14.2837,51.1611],[14.2708,51.1632],[14.2694,51.1725],[14.2486,51.1705],[14.268,51.187],[14.2536,51.1915],[14.2699,51.2057],[14.2645,51.2186],[14.2892,51.2214],[14.2553,51.2459],[14.2629,51.2632],[14.2551,51.2738],[14.2651,51.2834],[14.2716,51.3132],[14.2616,51.3388],[14.2065,51.3345],[14.1985,51.3518],[14.2107,51.3603],[14.2112,51.3745],[14.1782,51.3658],[14.1654,51.3794],[14.1518,51.3803],[14.1414,51.3674],[14.1334,51.3754],[14.117,51.372],[14.1126,51.3807],[14.0953,51.3762],[14.106,51.3687],[14.1075,51.3519],[14.0718,51.3374],[14.0062,51.3416],[13.995,51.3501],[14.0113,51.3656],[13.9961,51.383],[14.0061,51.3881],[14.0038,51.3955],[14.0281,51.3963],[14.0162,51.4049],[14.0449,51.4191],[14.0384,51.4284],[14.0465,51.4281],[14.0369,51.4345],[14.0626,51.4454],[14.0525,51.4515],[14.0548,51.4612],[14.0327,51.475],[14.0889,51.4778],[14.0738,51.4922],[14.0971,51.4993],[14.1085,51.5219],[14.1423,51.523],[14.1307,51.531],[14.1349,51.5413],[14.2123,51.5399],[14.2472,51.5278],[14.2767,51.5308],[14.3229,51.5194],[14.3323,51.5049],[14.3421,51.5106],[14.3405,51.5211],[14.3856,51.5338],[14.3871,51.5416],[14.4477,51.542],[14.4507,51.5559],[14.5165,51.5543],[14.5439,51.5613],[14.5444,51.5735],[14.5601,51.5731],[14.5677,51.5811],[14.597,51.5725],[14.6131,51.5494],[14.6772,51.5519],[14.6915,51.5626],[14.6927,51.5764],[14.7055,51.5769],[14.6964,51.5964],[14.7092,51.5964],[14.7298,51.5816],[14.7113,51.5628],[14.7294,51.5499],[14.7304,51.5306],[14.7963,51.5178],[14.8521,51.4893],[14.9163,51.4837],[14.9267,51.4732],[14.9486,51.4716],[14.9743,51.4416],[14.9706,51.4324],[14.9599,51.4316],[14.9672,51.417],[14.9587,51.4099],[14.9692,51.3983],[14.9582,51.3953],[14.969,51.3791],[14.9838,51.3737],[14.9651,51.3614],[14.9763,51.3571],[14.9861,51.3294],[15.0092,51.3167],[15.0138,51.301],[15.0334,51.2941],[15.0344,51.2774],[15.0419,51.2728],[15.0381,51.2581],[15.0233,51.2504],[15.038,51.244],[15.0286,51.2418],[15.0163,51.2276],[15.0167,51.2146],[15.0099,51.2137],[15.0144,51.1958],[15.0047,51.1907],[15.005,51.1675],[14.9922,51.1615],[15.0008,51.1502],[14.9904,51.1425],[14.9973,51.1215],[14.9818,51.1175],[14.984,51.0909],[14.9763,51.0869],[14.9794,51.0772],[14.9679,51.0716],[14.9647,51.0501],[14.9485,51.0427],[14.9478,51.0284],[14.9352,51.0203],[14.9379,51.0112],[14.929,50.9978],[14.9174,50.9956],[14.9196,50.9755],[14.8997,50.9636],[14.8965,50.9406],[14.82,50.8857],[14.8251,50.8687],[14.8005,50.8232],[14.7665,50.8192],[14.7448,50.8295],[14.7223,50.8221],[14.7083,50.8408],[14.69,50.838],[14.6189,50.8578],[14.6369,50.8981],[14.6528,50.9054],[14.6519,50.9267],[14.6473,50.9316],[14.5819,50.9135],[14.5605,50.9251],[14.5962,50.9627],[14.5991,50.9872],[14.5646,51.0101],[14.5348,51.0037],[14.5398,51.0104],[14.5322,51.0166],[14.4986,51.0221],[14.5085,51.0423],[14.4996,51.0466],[14.4908,51.0436],[14.4927,51.0234],[14.4538,51.0359],[14.4198,51.0191],[14.3878,51.0253],[14.3827,51.0385],[14.362,51.0453],[14.3722,51.0655],[14.3908,51.0706],[14.4137,51.0612],[14.3654,51.0871],[14.3453,51.0878]]]}},{"type":"Feature","properties":{"plz":"03","c":[14.1705,51.7289]},"geometry":{"type":"Polygon","coordinates":[[[14.2599,51.5323],[14.2472,51.5278],[14.2123,51.5399],[14.12,51.546],[14.1207,51.5598],[14.0939,51.5705],[14.111,51.5939],[14.0775,51.5939],[14.0578,51.6233],[13.9782,51.6112],[13.9671,51.6188],[13.9259,51.6137],[13.9115,51.6321],[13.8903,51.6308],[13.8894,51.6178],[13.8663,51.5911],[13.8805,51.577],[13.8743,51.5656],[13.854,51.5644],[13.7771,51.5331],[13.7624,51.542],[13.7344,51.5357],[13.7275,51.5237],[13.7095,51.519],[13.6831,51.5233],[13.6837,51.5294],[13.654,51.5289],[13.6583,51.506],[13.634,51.5047],[13.6279,51.5108],[13.6367,51.5161],[13.623,51.5256],[13.5552,51.5335],[13.5523,51.5503],[13.5204,51.5546],[13.4932,51.545],[13.4619,51.5607],[13.4336,51.5521],[13.4468,51.5601],[13.4419,51.5807],[13.4128,51.5884],[13.4146,51.5982],[13.3602,51.5921],[13.3888,51.6179],[13.3575,51.6259],[13.3383,51.6589],[13.3968,51.6664],[13.4259,51.6832],[13.4793,51.6824],[13.516,51.7043],[13.508,51.7255],[13.5433,51.7267],[13.5486,51.7354],[13.5371,51.736],[13.5385,51.7443],[13.5791,51.7543],[13.609,51.741],[13.6616,51.7473],[13.6646,51.7329],[13.6957,51.7268],[13.6963,51.7422],[13.7293,51.76],[13.7529,51.7541],[13.7755,51.7596],[13.7853,51.7491],[13.7826,51.7352],[13.8156,51.7429],[13.8442,51.735],[13.8558,51.7522],[13.851,51.759],[13.8306,51.7579],[13.806,51.7848],[13.838,51.7894],[13.8389,51.8118],[13.8299,51.8181],[13.8426,51.8214],[13.833,51.8285],[13.8544,51.839],[13.8365,51.8436],[13.843,51.8486],[13.8275,51.8576],[13.8476,51.8764],[13.8634,51.8788],[13.8637,51.8921],[13.8998,51.8928],[13.9222,51.9032],[13.9821,51.8996],[14.0293,51.8844],[14.1336,51.8719],[14.1737,51.857],[14.1812,51.8645],[14.2148,51.8693],[14.2256,51.8885],[14.2235,51.9042],[14.3179,51.9349],[14.3931,51.9354],[14.3694,52.0011],[14.4535,52.0145],[14.4454,52.0399],[14.483,52.0577],[14.4792,52.046],[14.5009,52.0077],[14.5572,52.0052],[14.5625,52.0192],[14.5903,52.034],[14.6496,52.0278],[14.6658,52.0155],[14.6612,52.011],[14.6802,52.0017],[14.7099,52.013],[14.6992,52.007],[14.7217,51.9945],[14.7048,51.9764],[14.7212,51.9522],[14.691,51.9078],[14.6942,51.9019],[14.6628,51.8902],[14.6439,51.8672],[14.6111,51.8571],[14.6125,51.8455],[14.605,51.8481],[14.6045,51.8399],[14.5474,51.8503],[14.5926,51.8398],[14.5901,51.8214],[14.6072,51.8038],[14.6455,51.7955],[14.6539,51.7837],[14.6508,51.7612],[14.6641,51.7568],[14.6567,51.7404],[14.6682,51.7259],[14.7378,51.6874],[14.7377,51.6785],[14.7575,51.6612],[14.7533,51.6279],[14.7651,51.6075],[14.7298,51.5816],[14.6955,51.6017],[14.7055,51.5769],[14.6927,51.5764],[14.6915,51.5626],[14.6772,51.5519],[14.6131,51.5494],[14.597,51.5725],[14.5677,51.5811],[14.5601,51.5731],[14.5444,51.5735],[14.5439,51.5613],[14.5165,51.5543],[14.4507,51.5559],[14.4477,51.542],[14.3871,51.5416],[14.3856,51.5338],[14.3405,51.5211],[14.3421,51.5106],[14.3323,51.5049],[14.3229,51.5194],[14.2599,51.5323]]]}},{"type":"Feature","properties":{"plz":"04","c":[12.8127,51.3553]},"geometry":{"type":"Polygon","coordinates":[[[12.24,50.9755],[12.2946,51.029],[12.2866,51.0382],[12.2513,51.0416],[12.2624,51.0496],[12.2584,51.0662],[12.2695,51.0717],[12.2661,51.078],[12.2732,51.0749],[12.2883,51.0883],[12.2783,51.0994],[12.2529,51.0972],[12.2214,51.1097],[12.2206,51.123],[12.2276,51.12],[12.2412,51.1298],[12.1956,51.1415],[12.1975,51.1602],[12.2115,51.1721],[12.2131,51.1835],[12.1748,51.1812],[12.1737,51.1899],[12.1917,51.1957],[12.1895,51.2039],[12.2048,51.2142],[12.1921,51.2358],[12.1995,51.2386],[12.1891,51.2578],[12.1735,51.258],[12.173,51.2662],[12.1659,51.266],[12.1687,51.2935],[12.1577,51.2921],[12.1478,51.3199],[12.1944,51.3303],[12.1933,51.3431],[12.1889,51.3472],[12.1963,51.3605],[12.1857,51.3624],[12.1931,51.3703],[12.1819,51.3688],[12.1904,51.3779],[12.1749,51.3759],[12.1724,51.3841],[12.1827,51.3891],[12.1735,51.4102],[12.194,51.4212],[12.1858,51.4207],[12.1846,51.4304],[12.1573,51.4346],[12.1581,51.4521],[12.1485,51.4593],[12.1758,51.4698],[12.1758,51.4823],[12.2031,51.4852],[12.2079,51.5024],[12.1921,51.5053],[12.1937,51.5314],[12.2314,51.5474],[12.233,51.5609],[12.2442,51.5665],[12.2506,51.5587],[12.2928,51.5605],[12.3198,51.578],[12.3438,51.582],[12.3364,51.585],[12.4255,51.5821],[12.4274,51.5992],[12.4368,51.5994],[12.4333,51.6061],[12.4442,51.6103],[12.4852,51.6045],[12.4775,51.5962],[12.4829,51.5926],[12.4978,51.5969],[12.4962,51.6051],[12.5384,51.602],[12.5614,51.6083],[12.5805,51.626],[12.5893,51.6181],[12.602,51.6255],[12.6294,51.6253],[12.6077,51.6109],[12.6636,51.6298],[12.6859,51.6612],[12.7069,51.6628],[12.7721,51.6472],[12.7928,51.6656],[12.8441,51.6848],[12.8622,51.6735],[12.8658,51.6552],[12.8886,51.667],[12.8974,51.6478],[12.9282,51.6495],[12.9424,51.6381],[12.9521,51.6435],[12.9493,51.6493],[12.9719,51.6512],[12.9667,51.6653],[12.9959,51.6691],[13.0181,51.659],[13.0162,51.6449],[13.0233,51.637],[13.1543,51.6864],[13.1624,51.6917],[13.1542,51.7105],[13.1697,51.7079],[13.1669,51.718],[13.1869,51.7157],[13.1786,51.7313],[13.1521,51.7442],[13.1637,51.7548],[13.1473,51.7665],[13.1705,51.7871],[13.16,51.788],[13.1621,51.8043],[13.1401,51.8246],[13.1233,51.8579],[13.1629,51.8605],[13.1622,51.8837],[13.2302,51.8781],[13.2325,51.8694],[13.2207,51.8563],[13.2283,51.8375],[13.2586,51.8198],[13.2815,51.8267],[13.3036,51.8188],[13.3102,51.8305],[13.3545,51.8326],[13.3914,51.8169],[13.4187,51.8199],[13.421,51.8114],[13.4448,51.8091],[13.4425,51.802],[13.4634,51.7933],[13.4744,51.7991],[13.4869,51.7909],[13.4976,51.7951],[13.5207,51.782],[13.5273,51.7628],[13.5486,51.7469],[13.5385,51.7443],[13.5371,51.736],[13.5486,51.7354],[13.5433,51.7267],[13.508,51.7255],[13.516,51.7043],[13.4793,51.6824],[13.4259,51.6832],[13.3968,51.6664],[13.3383,51.6589],[13.3575,51.6259],[13.3888,51.6179],[13.3611,51.5935],[13.4146,51.5982],[13.4128,51.5884],[13.4419,51.5807],[13.4468,51.5601],[13.4336,51.5521],[13.4619,51.5607],[13.4932,51.545],[13.5204,51.5546],[13.5523,51.5503],[13.5552,51.5335],[13.5171,51.5311],[13.623,51.5256],[13.6367,51.5161],[13.6279,51.5108],[13.6483,51.497],[13.6419,51.4934],[13.694,51.4829],[13.6936,51.4622],[13.7098,51.4597],[13.7197,51.4449],[13.7154,51.4169],[13.6989,51.4256],[13.6951,51.4101],[13.6802,51.4126],[13.6995,51.3949],[13.7016,51.3827],[13.6828,51.3677],[13.669,51.3758],[13.6609,51.3689],[13.5991,51.3687],[13.59,51.3842],[13.5703,51.3857],[13.5425,51.3694],[13.5381,51.3808],[13.5233,51.3809],[13.5207,51.4037],[13.463,51.4122],[13.4655,51.4219],[13.4758,51.4185],[13.4645,51.4272],[13.4505,51.4225],[13.4454,51.4309],[13.4219,51.4216],[13.4289,51.4318],[13.4007,51.4542],[13.3817,51.4365],[13.374,51.4382],[13.3827,51.4273],[13.3763,51.4249],[13.3208,51.4374],[13.3286,51.4265],[13.2856,51.4108],[13.2865,51.3993],[13.2602,51.4014],[13.2687,51.3846],[13.2163,51.3954],[13.2001,51.4112],[13.2014,51.3953],[13.1905,51.3946],[13.1818,51.3768],[13.2084,51.3668],[13.1908,51.3586],[13.2045,51.3558],[13.1989,51.3509],[13.2135,51.3433],[13.2031,51.3279],[13.2142,51.2942],[13.2058,51.2774],[13.2165,51.2692],[13.2086,51.2597],[13.194,51.261],[13.2007,51.2516],[13.1952,51.248],[13.2074,51.2388],[13.1967,51.237],[13.2078,51.2173],[13.1925,51.2116],[13.2085,51.2025],[13.2109,51.1757],[13.2536,51.1624],[13.2578,51.1506],[13.2506,51.1412],[13.259,51.141],[13.2495,51.1374],[13.2505,51.1182],[13.2286,51.1139],[13.2271,51.1024],[13.2514,51.1107],[13.2587,51.0931],[13.2521,51.0928],[13.2604,51.0685],[13.2552,51.0639],[13.2031,51.0688],[13.1932,51.065],[13.1909,51.0526],[13.1739,51.0615],[13.1516,51.0484],[13.1377,51.0512],[13.134,51.0614],[13.0458,51.0517],[13.0154,51.0518],[13.0141,51.0594],[12.9872,51.0471],[12.957,51.0556],[12.9445,51.1013],[12.9233,51.0971],[12.9308,51.1019],[12.9233,51.106],[12.8743,51.0913],[12.8507,51.098],[12.8131,51.0915],[12.8023,51.1059],[12.7887,51.1007],[12.7445,51.1078],[12.738,51.096],[12.7466,51.0945],[12.7263,51.0839],[12.716,51.0624],[12.7332,51.0513],[12.7265,51.0464],[12.7307,51.0378],[12.7097,51.0246],[12.7313,51.0195],[12.7293,51.0134],[12.7436,51.0024],[12.7318,50.9982],[12.7062,51.007],[12.6863,50.985],[12.6174,50.9813],[12.6298,50.9425],[12.6242,50.9398],[12.6427,50.9332],[12.6539,50.919],[12.6412,50.9117],[12.641,50.903],[12.6202,50.9093],[12.5743,50.9014],[12.5073,50.9047],[12.5098,50.8932],[12.4882,50.8932],[12.4593,50.8803],[12.4641,50.8702],[12.4439,50.8621],[12.4432,50.8432],[12.4202,50.8395],[12.4111,50.8471],[12.4151,50.8572],[12.4044,50.8495],[12.3765,50.8489],[12.3783,50.8538],[12.3484,50.8376],[12.3471,50.8235],[12.307,50.8186],[12.2982,50.83],[12.3025,50.8174],[12.2915,50.8257],[12.278,50.8096],[12.2769,50.8179],[12.2598,50.8116],[12.2506,50.8185],[12.2466,50.8447],[12.2571,50.8538],[12.2423,50.8626],[12.2176,50.859],[12.2176,50.8751],[12.2078,50.8807],[12.2264,50.8905],[12.2257,50.9105],[12.2501,50.9275],[12.2369,50.9288],[12.2238,50.9416],[12.2385,50.9514],[12.2418,50.9611],[12.2324,50.9614],[12.24,50.9755]]]}},{"type":"Feature","properties":{"plz":"06","c":[11.9083,51.5652]},"geometry":{"type":"Polygon","coordinates":[[[11.3902,51.2524],[11.351,51.2577],[11.3599,51.2629],[11.3521,51.2727],[11.3271,51.2788],[11.337,51.2879],[11.3242,51.2937],[11.3075,51.2844],[11.2916,51.2984],[11.3144,51.2779],[11.3055,51.2718],[11.3284,51.2709],[11.3257,51.2605],[11.3039,51.2442],[11.2554,51.2644],[11.2429,51.2445],[11.2327,51.2467],[11.2199,51.2345],[11.091,51.2679],[11.0937,51.2802],[11.0713,51.2682],[11.0299,51.275],[11.0375,51.2847],[11.0309,51.2894],[11.0687,51.2979],[11.0566,51.3133],[11.0693,51.317],[11.0684,51.3229],[11.1141,51.3107],[11.0716,51.3232],[11.0768,51.3313],[11.0635,51.3347],[11.0689,51.3434],[11.0544,51.3438],[11.0677,51.3733],[11.0933,51.3787],[11.084,51.3921],[11.0897,51.403],[11.1106,51.4024],[11.1227,51.4125],[11.0636,51.4294],[11.0455,51.4258],[11.0504,51.4204],[10.9907,51.4181],[10.9998,51.4287],[10.9801,51.4319],[11.0132,51.4345],[10.9668,51.4323],[10.9724,51.4537],[10.961,51.4633],[10.9621,51.4735],[10.9724,51.4829],[10.9489,51.5012],[10.9391,51.5005],[10.9451,51.5062],[10.9268,51.5207],[10.9475,51.5379],[10.9156,51.5481],[10.9116,51.5573],[10.9046,51.5498],[10.8964,51.5544],[10.9003,51.5653],[10.8916,51.5791],[10.8828,51.5791],[10.8954,51.6018],[10.9021,51.594],[10.9304,51.5912],[10.9376,51.6022],[10.9142,51.61],[10.9217,51.6174],[10.897,51.6119],[10.9061,51.6316],[10.9328,51.6415],[10.9525,51.6611],[10.9317,51.6666],[10.9494,51.6809],[10.9113,51.6782],[10.9054,51.6859],[10.9104,51.6923],[10.8965,51.6888],[10.9047,51.6949],[10.9418,51.6963],[10.9152,51.7019],[10.9168,51.7245],[10.8866,51.7327],[10.8995,51.7469],[10.9342,51.753],[10.9464,51.7381],[10.9749,51.7381],[10.9925,51.749],[11.0016,51.7408],[11.0156,51.7478],[11.0125,51.7618],[10.9822,51.7718],[10.9895,51.7718],[10.9874,51.7782],[11.0125,51.7779],[11.0243,51.7969],[11.0092,51.8053],[11.0429,51.8144],[11.0581,51.8383],[11.0954,51.8276],[11.1192,51.8457],[11.1664,51.8433],[11.1859,51.8608],[11.2371,51.8526],[11.2285,51.8727],[11.2778,51.8947],[11.2593,51.9031],[11.2969,51.9098],[11.3113,51.8997],[11.3411,51.9018],[11.3288,51.8872],[11.3513,51.8699],[11.3687,51.8706],[11.3785,51.8627],[11.386,51.8407],[11.4656,51.8506],[11.4882,51.8343],[11.4895,51.8164],[11.5148,51.8101],[11.5084,51.8065],[11.5283,51.7976],[11.5538,51.7998],[11.5688,51.7724],[11.5859,51.7728],[11.5971,51.7479],[11.6164,51.7459],[11.6301,51.7677],[11.6471,51.7634],[11.6684,51.7881],[11.6483,51.7743],[11.6535,51.7814],[11.6479,51.7967],[11.6399,51.7959],[11.6474,51.8009],[11.641,51.821],[11.6603,51.8272],[11.6675,51.8407],[11.6649,51.8569],[11.6896,51.8548],[11.6927,51.8596],[11.6742,51.8684],[11.6878,51.8765],[11.6917,51.8696],[11.7609,51.8631],[11.775,51.8794],[11.8158,51.8771],[11.8575,51.8375],[11.8659,51.8529],[11.9075,51.8641],[11.9096,51.8719],[11.9273,51.8747],[11.9247,51.8808],[11.9372,51.8813],[11.9618,51.8646],[11.959,51.8691],[11.9771,51.8691],[11.9733,51.8728],[11.9816,51.8759],[11.9958,51.8719],[12.0041,51.8795],[12.0193,51.8735],[12.0229,51.8637],[12.0474,51.8588],[12.1138,51.8714],[12.1217,51.898],[12.1845,51.9016],[12.1541,51.926],[12.1885,51.9283],[12.21,51.9416],[12.2077,51.9614],[12.2812,51.97],[12.2801,51.9797],[12.2522,51.9772],[12.2593,51.9823],[12.2556,51.9875],[12.3202,51.9995],[12.3535,52.0267],[12.3772,52.0226],[12.3777,52.0449],[12.4295,52.0183],[12.4492,52.0165],[12.4608,52.0346],[12.4791,52.0335],[12.494,52.0116],[12.5328,52.0037],[12.5394,51.9849],[12.6153,51.9822],[12.6143,51.9917],[12.6446,51.9943],[12.6477,52.0075],[12.6683,52.0131],[12.7304,51.9886],[12.7562,51.9865],[12.7767,51.9758],[12.7761,51.9649],[12.8443,51.9676],[12.8529,51.9351],[12.8888,51.9348],[12.8962,51.9275],[12.9149,51.9312],[12.917,51.9393],[12.9606,51.9349],[12.9563,51.9227],[12.9765,51.9199],[12.9731,51.901],[13.0455,51.9007],[13.0482,51.8917],[13.0374,51.8908],[13.0376,51.8802],[13.0269,51.881],[13.0395,51.8709],[13.0804,51.8674],[13.0849,51.8738],[13.1189,51.8766],[13.1188,51.8831],[13.1495,51.8724],[13.1508,51.8597],[13.1233,51.8579],[13.1401,51.8246],[13.1621,51.8043],[13.16,51.788],[13.1705,51.7871],[13.1473,51.7665],[13.1637,51.7548],[13.1521,51.7442],[13.1786,51.7313],[13.1869,51.7157],[13.1669,51.718],[13.1697,51.7079],[13.1542,51.7105],[13.1624,51.6917],[13.1543,51.6864],[13.0233,51.637],[13.0162,51.6449],[13.0181,51.659],[12.9959,51.6691],[12.9667,51.6653],[12.9719,51.6512],[12.9493,51.6493],[12.9521,51.6435],[12.9424,51.6381],[12.9282,51.6495],[12.8974,51.6478],[12.8886,51.667],[12.8658,51.6552],[12.8622,51.6735],[12.8441,51.6848],[12.7928,51.6656],[12.7721,51.6472],[12.6925,51.663],[12.6698,51.6466],[12.6636,51.6298],[12.6077,51.6109],[12.6294,51.6253],[12.602,51.6255],[12.5893,51.6181],[12.5805,51.626],[12.5614,51.6083],[12.5384,51.602],[12.5068,51.6085],[12.4829,51.5926],[12.4775,51.5962],[12.4852,51.6045],[12.4442,51.6103],[12.4333,51.6061],[12.4368,51.5994],[12.4274,51.5992],[12.4255,51.5821],[12.3391,51.5858],[12.3438,51.582],[12.3198,51.578],[12.2928,51.5605],[12.2506,51.5587],[12.2442,51.5665],[12.233,51.5609],[12.2314,51.5474],[12.21,51.542],[12.1911,51.5247],[12.1921,51.5053],[12.2079,51.5024],[12.2031,51.4852],[12.1758,51.4823],[12.1758,51.4698],[12.1485,51.4593],[12.1077,51.4588],[12.153,51.4575],[12.1573,51.4346],[12.1846,51.4304],[12.1858,51.4207],[12.194,51.4212],[12.1744,51.4091],[12.1827,51.3891],[12.1724,51.3841],[12.1904,51.3779],[12.1819,51.3688],[12.1931,51.3703],[12.1857,51.3624],[12.1963,51.3605],[12.1889,51.3472],[12.1944,51.3303],[12.1478,51.3199],[12.1577,51.2921],[12.1687,51.2935],[12.1659,51.266],[12.173,51.2662],[12.1735,51.258],[12.1891,51.2578],[12.1995,51.2386],[12.1921,51.2358],[12.1978,51.2168],[12.2048,51.2142],[12.1895,51.2039],[12.1917,51.1957],[12.1737,51.1899],[12.1748,51.1812],[12.2131,51.1835],[12.2115,51.1721],[12.1975,51.1602],[12.1956,51.1415],[12.2412,51.1298],[12.2276,51.12],[12.2206,51.123],[12.2214,51.1097],[12.2529,51.0972],[12.2783,51.0994],[12.2883,51.0883],[12.2732,51.0749],[12.2661,51.078],[12.2695,51.0717],[12.2584,51.0662],[12.2624,51.0496],[12.2509,51.0446],[12.2529,51.0376],[12.2734,51.0406],[12.2942,51.0315],[12.2851,51.0074],[12.24,50.9755],[12.2324,50.9614],[12.2418,50.9611],[12.2385,50.9514],[12.2145,50.9379],[12.2135,50.9602],[12.1987,50.9568],[12.1828,50.976],[12.1625,50.9659],[12.1635,50.9586],[12.1319,50.9607],[12.091,50.9766],[12.0557,50.9682],[12.0109,50.9699],[12.0152,50.9837],[11.9956,50.9934],[11.9746,50.9902],[11.9682,50.9973],[11.9803,51.013],[11.9432,51.0327],[11.9112,51.0282],[11.91,51.0448],[11.8973,51.045],[11.8901,51.0551],[11.804,51.0458],[11.7748,51.0531],[11.7722,51.0451],[11.7596,51.0427],[11.746,51.0519],[11.7522,51.0577],[11.7205,51.071],[11.7012,51.0691],[11.6928,51.0997],[11.671,51.1029],[11.6682,51.1104],[11.6382,51.1107],[11.6204,51.0969],[11.6201,51.105],[11.5718,51.1206],[11.5582,51.1088],[11.5477,51.1117],[11.5456,51.1024],[11.5122,51.108],[11.4854,51.1025],[11.4633,51.1127],[11.4633,51.1292],[11.4514,51.1465],[11.472,51.1479],[11.4792,51.1577],[11.4752,51.1657],[11.4848,51.1652],[11.4709,51.1698],[11.4685,51.1927],[11.4488,51.1937],[11.4462,51.2088],[11.4313,51.2124],[11.3915,51.2037],[11.3909,51.2175],[11.3652,51.2214],[11.3902,51.2524]]]}},{"type":"Feature","properties":{"plz":"07","c":[11.7304,50.72]},"geometry":{"type":"Polygon","coordinates":[[[11.5593,50.3837],[11.5195,50.374],[11.5185,50.396],[11.4782,50.401],[11.4884,50.4162],[11.4784,50.4329],[11.4436,50.4207],[11.4514,50.4313],[11.4205,50.4434],[11.4236,50.4623],[11.4154,50.468],[11.4176,50.4818],[11.4259,50.4845],[11.4188,50.4934],[11.4354,50.4921],[11.4403,50.4988],[11.4234,50.5162],[11.388,50.5156],[11.3702,50.5232],[11.3442,50.5206],[11.347,50.5122],[11.3317,50.5348],[11.3149,50.5359],[11.298,50.5506],[11.2984,50.5633],[11.273,50.5656],[11.2953,50.5707],[11.2878,50.5762],[11.2671,50.5791],[11.245,50.5712],[11.2334,50.5771],[11.2289,50.5935],[11.1849,50.5976],[11.1968,50.6057],[11.1867,50.6146],[11.1939,50.6205],[11.1783,50.6277],[11.1585,50.6254],[11.1514,50.6315],[11.1466,50.624],[11.1525,50.6195],[11.1452,50.6214],[11.1384,50.6034],[11.0945,50.617],[11.0874,50.6113],[11.058,50.6268],[11.0652,50.6372],[11.058,50.6495],[11.0666,50.6573],[11.066,50.6653],[11.0553,50.6694],[11.0634,50.675],[11.0423,50.6796],[11.0269,50.6684],[11.0089,50.6876],[11.0569,50.6868],[11.0528,50.7082],[11.0673,50.7097],[11.0607,50.7148],[11.0713,50.7192],[11.0723,50.6947],[11.0951,50.698],[11.0968,50.7276],[11.1103,50.7328],[11.1378,50.7255],[11.1364,50.7186],[11.1508,50.7333],[11.1696,50.7285],[11.1903,50.7358],[11.1907,50.7551],[11.1751,50.7714],[11.1931,50.792],[11.2086,50.7957],[11.1902,50.7992],[11.2238,50.7998],[11.2573,50.8151],[11.251,50.8341],[11.2761,50.8306],[11.2746,50.8193],[11.2998,50.8143],[11.2878,50.8103],[11.3185,50.803],[11.321,50.7946],[11.3631,50.8004],[11.3612,50.8152],[11.3911,50.8187],[11.3897,50.8082],[11.3961,50.808],[11.3871,50.8027],[11.4238,50.8085],[11.4352,50.8229],[11.4299,50.8298],[11.4608,50.8326],[11.4383,50.8645],[11.4628,50.8663],[11.4614,50.8778],[11.4875,50.8807],[11.4974,50.89],[11.4905,50.9015],[11.5082,50.914],[11.5072,50.9366],[11.54,50.9383],[11.551,50.9413],[11.5023,50.9447],[11.5035,50.9669],[11.523,50.9708],[11.5249,50.9802],[11.5512,50.9929],[11.6048,51.0054],[11.6005,51.0144],[11.6229,51.0205],[11.621,51.0274],[11.6516,51.0238],[11.6752,51.0364],[11.6683,51.0424],[11.6868,51.0541],[11.678,51.0605],[11.6886,51.0616],[11.6819,51.0837],[11.6967,51.0876],[11.7012,51.0691],[11.7205,51.071],[11.7522,51.0577],[11.746,51.0519],[11.7596,51.0427],[11.7722,51.0451],[11.7748,51.0531],[11.804,51.0458],[11.8901,51.0551],[11.8973,51.045],[11.91,51.0448],[11.9112,51.0282],[11.9432,51.0327],[11.9747,51.0173],[11.9786,51.0032],[11.9682,50.9973],[11.9746,50.9902],[11.9956,50.9934],[12.0152,50.9837],[12.0109,50.9699],[12.0557,50.9682],[12.091,50.9766],[12.1319,50.9607],[12.1635,50.9586],[12.1625,50.9659],[12.1828,50.976],[12.1987,50.9568],[12.2135,50.9602],[12.2145,50.9379],[12.2238,50.9416],[12.2369,50.9288],[12.2486,50.9295],[12.2421,50.9159],[12.2257,50.9105],[12.2264,50.8905],[12.2078,50.8807],[12.2176,50.8751],[12.2176,50.859],[12.2423,50.8626],[12.2571,50.8538],[12.2466,50.8447],[12.2522,50.8271],[12.243,50.809],[12.2541,50.7992],[12.2527,50.7885],[12.2874,50.7896],[12.2901,50.7835],[12.2645,50.7605],[12.2413,50.7678],[12.2293,50.7582],[12.2267,50.7383],[12.2621,50.7369],[12.2712,50.7283],[12.2526,50.7151],[12.2636,50.6948],[12.2758,50.6861],[12.3222,50.6813],[12.3139,50.6709],[12.3179,50.6633],[12.2642,50.6435],[12.2658,50.6307],[12.2212,50.6316],[12.224,50.6194],[12.202,50.6085],[12.2097,50.6022],[12.1985,50.5994],[12.2061,50.593],[12.2002,50.5907],[12.2031,50.5801],[12.1666,50.5901],[12.1564,50.5743],[12.1276,50.5745],[12.116,50.567],[12.1003,50.5794],[12.0778,50.5773],[12.0727,50.555],[12.0307,50.5492],[12.0339,50.5534],[12.0174,50.5677],[12,50.5721],[11.9759,50.5447],[11.9652,50.5485],[11.9584,50.5359],[11.9253,50.5264],[11.9342,50.5058],[11.9643,50.486],[11.9374,50.4715],[11.9446,50.4707],[11.9428,50.4594],[11.9509,50.454],[11.9317,50.4637],[11.895,50.4492],[11.8874,50.4426],[11.8978,50.4356],[11.9279,50.4331],[11.8632,50.4008],[11.8232,50.3898],[11.8256,50.4039],[11.8169,50.4007],[11.7948,50.4183],[11.7797,50.4187],[11.7719,50.4112],[11.7525,50.4157],[11.7623,50.4056],[11.7449,50.4105],[11.7139,50.3966],[11.707,50.4038],[11.683,50.3927],[11.621,50.3872],[11.5934,50.4028],[11.5726,50.4],[11.5593,50.3837]]]}},{"type":"Feature","properties":{"plz":"08","c":[12.4174,50.5483]},"geometry":{"type":"Polygon","coordinates":[[[12.3493,50.2363],[12.3313,50.2424],[12.3282,50.2347],[12.3342,50.234],[12.3292,50.2253],[12.3347,50.2173],[12.3267,50.2185],[12.3233,50.2073],[12.3383,50.1924],[12.3235,50.1814],[12.3375,50.1729],[12.2894,50.1769],[12.2901,50.1852],[12.2747,50.1965],[12.288,50.2031],[12.2825,50.2131],[12.2938,50.2211],[12.2395,50.2462],[12.2469,50.2572],[12.2659,50.2502],[12.2538,50.271],[12.2013,50.2728],[12.2022,50.288],[12.1951,50.2933],[12.2009,50.3089],[12.1868,50.3117],[12.1846,50.3222],[12.1249,50.3152],[12.101,50.3182],[12.088,50.3327],[12.08,50.3269],[12.0643,50.333],[12.0581,50.3265],[12.0461,50.3312],[12.0489,50.3238],[12.0147,50.3476],[11.973,50.3523],[11.9848,50.3649],[11.9787,50.3691],[11.9837,50.3899],[11.9646,50.3998],[11.949,50.3951],[11.9541,50.4076],[11.9455,50.4163],[11.92,50.4244],[11.9279,50.4331],[11.8874,50.4426],[11.9317,50.4637],[11.9509,50.454],[11.9428,50.4594],[11.9446,50.4707],[11.9374,50.4715],[11.9643,50.486],[11.9342,50.5058],[11.9253,50.5264],[11.9759,50.5447],[12,50.5721],[12.0174,50.5677],[12.0339,50.5534],[12.0307,50.5492],[12.077,50.5582],[12.0778,50.5773],[12.1003,50.5794],[12.116,50.567],[12.1276,50.5745],[12.1564,50.5743],[12.1666,50.5901],[12.2031,50.5801],[12.2002,50.5907],[12.2061,50.593],[12.1985,50.5994],[12.2097,50.6022],[12.202,50.6085],[12.224,50.6194],[12.2218,50.6314],[12.234,50.6269],[12.2655,50.6334],[12.2642,50.6435],[12.3179,50.6633],[12.3139,50.6709],[12.3222,50.6813],[12.3167,50.6847],[12.2758,50.6861],[12.2636,50.6948],[12.2526,50.7151],[12.2712,50.7283],[12.2621,50.7369],[12.2267,50.7383],[12.2293,50.7582],[12.2413,50.7678],[12.2645,50.7605],[12.2901,50.7835],[12.2874,50.7896],[12.2527,50.7885],[12.2541,50.7992],[12.243,50.809],[12.2506,50.8185],[12.2598,50.8116],[12.2769,50.8179],[12.278,50.8096],[12.2915,50.8257],[12.3025,50.8174],[12.2982,50.83],[12.307,50.8186],[12.3471,50.8235],[12.3484,50.8376],[12.3783,50.8538],[12.3765,50.8489],[12.4044,50.8495],[12.4151,50.8572],[12.4111,50.8471],[12.4202,50.8395],[12.4432,50.8432],[12.4439,50.8621],[12.4641,50.8702],[12.4593,50.8803],[12.4882,50.8932],[12.5098,50.8932],[12.5073,50.9047],[12.5235,50.9088],[12.5352,50.9],[12.6202,50.9093],[12.6458,50.9036],[12.6526,50.8975],[12.6363,50.8845],[12.6456,50.8796],[12.6323,50.8671],[12.638,50.8594],[12.6111,50.8541],[12.6194,50.8324],[12.6137,50.8238],[12.6045,50.8255],[12.5973,50.8112],[12.6038,50.8064],[12.5838,50.7821],[12.6053,50.7759],[12.602,50.7692],[12.61,50.7667],[12.6009,50.7609],[12.6071,50.7462],[12.6148,50.7476],[12.6252,50.7281],[12.6419,50.7237],[12.6393,50.7137],[12.6818,50.6996],[12.7085,50.6995],[12.7059,50.6905],[12.7183,50.6875],[12.7095,50.6668],[12.6959,50.6648],[12.6974,50.6519],[12.7192,50.6425],[12.7311,50.6524],[12.7469,50.6499],[12.7884,50.6632],[12.7962,50.6933],[12.8192,50.6996],[12.8551,50.6769],[12.8691,50.6952],[12.8854,50.6955],[12.9133,50.6701],[12.9005,50.6507],[12.8436,50.6257],[12.8556,50.6189],[12.837,50.617],[12.8424,50.6116],[12.8342,50.6106],[12.8476,50.6059],[12.8281,50.5954],[12.8435,50.5669],[12.8363,50.5554],[12.849,50.5468],[12.9023,50.5542],[12.8931,50.5358],[12.9093,50.5151],[12.9,50.5161],[12.8961,50.4976],[12.883,50.4885],[12.8913,50.475],[12.8891,50.4623],[12.8595,50.4558],[12.8988,50.4366],[12.8932,50.4302],[12.819,50.4603],[12.8067,50.4433],[12.8105,50.4309],[12.7949,50.4494],[12.7341,50.4324],[12.7079,50.4084],[12.7071,50.3971],[12.6754,50.4159],[12.6469,50.4105],[12.6274,50.4162],[12.6033,50.4065],[12.5166,50.3974],[12.4864,50.3708],[12.4895,50.3498],[12.4693,50.3548],[12.4424,50.342],[12.431,50.3227],[12.3982,50.3212],[12.4005,50.2949],[12.3707,50.2851],[12.3526,50.2627],[12.3592,50.2421],[12.3493,50.2363]]]}},{"type":"Feature","properties":{"plz":"09","c":[13.0764,50.8017]},"geometry":{"type":"Polygon","coordinates":[[[12.7085,50.6995],[12.6818,50.6996],[12.6393,50.7137],[12.6419,50.7237],[12.6252,50.7281],[12.6148,50.7476],[12.6071,50.7462],[12.6009,50.7609],[12.61,50.7667],[12.602,50.7692],[12.6053,50.7759],[12.5838,50.7821],[12.6038,50.8064],[12.5973,50.8112],[12.6045,50.8255],[12.634,50.8149],[12.6104,50.8268],[12.6194,50.8324],[12.6111,50.8541],[12.638,50.8594],[12.6323,50.8671],[12.6456,50.8796],[12.6363,50.8845],[12.6526,50.8975],[12.641,50.903],[12.6527,50.9242],[12.6242,50.9398],[12.6297,50.9466],[12.6171,50.9813],[12.6863,50.985],[12.7062,51.007],[12.7318,50.9982],[12.7436,51.0024],[12.7293,51.0134],[12.7313,51.0195],[12.7097,51.0246],[12.7307,51.0378],[12.7265,51.0464],[12.7332,51.0513],[12.716,51.0624],[12.7263,51.0839],[12.7466,51.0945],[12.738,51.096],[12.7445,51.1078],[12.7887,51.1007],[12.8023,51.1059],[12.8131,51.0915],[12.8507,51.098],[12.8743,51.0913],[12.9233,51.106],[12.9308,51.1019],[12.9233,51.0971],[12.9445,51.1013],[12.957,51.0556],[12.9872,51.0471],[13.0141,51.0594],[13.0154,51.0518],[13.0458,51.0517],[13.134,51.0614],[13.1377,51.0512],[13.1516,51.0484],[13.1739,51.0615],[13.1909,51.0526],[13.1932,51.065],[13.2311,51.0682],[13.2467,51.0533],[13.2666,51.0492],[13.2399,51.0293],[13.2398,51.0174],[13.229,51.0124],[13.2351,51.0082],[13.2741,51.0318],[13.3871,51.0522],[13.4495,51.0223],[13.4277,50.9991],[13.4343,50.9842],[13.3962,50.9833],[13.454,50.9813],[13.4738,50.9853],[13.4734,50.976],[13.4627,50.9676],[13.4452,50.9683],[13.45,50.9649],[13.4345,50.9509],[13.4018,50.9483],[13.4552,50.941],[13.4436,50.9326],[13.4581,50.9236],[13.4601,50.9019],[13.4877,50.8927],[13.5151,50.8559],[13.4982,50.8487],[13.5071,50.8439],[13.5025,50.8383],[13.5166,50.8376],[13.5206,50.8272],[13.5414,50.831],[13.5509,50.8178],[13.5751,50.8113],[13.5569,50.8069],[13.563,50.8028],[13.5522,50.7818],[13.5718,50.7723],[13.5993,50.7742],[13.6167,50.7487],[13.6517,50.7304],[13.6032,50.7102],[13.558,50.7148],[13.5252,50.7044],[13.5444,50.6773],[13.5128,50.6538],[13.5259,50.6494],[13.5243,50.639],[13.502,50.6337],[13.4648,50.6017],[13.4162,50.6159],[13.392,50.6465],[13.3703,50.6509],[13.3771,50.6272],[13.3193,50.6019],[13.3246,50.5822],[13.2911,50.5749],[13.2787,50.593],[13.2519,50.5947],[13.223,50.5634],[13.2294,50.5501],[13.1951,50.5161],[13.1969,50.5042],[13.1367,50.5064],[13.1325,50.5186],[13.0853,50.5002],[13.0314,50.5095],[13.0177,50.4447],[12.9853,50.4204],[12.9422,50.4117],[12.9473,50.4041],[12.9029,50.4227],[12.8932,50.4302],[12.8988,50.4366],[12.8595,50.4558],[12.8891,50.4623],[12.8913,50.475],[12.883,50.4885],[12.8961,50.4976],[12.9,50.5161],[12.9093,50.5151],[12.8931,50.5358],[12.9023,50.5542],[12.849,50.5468],[12.8363,50.5554],[12.8435,50.5669],[12.8281,50.5954],[12.8476,50.6059],[12.8321,50.6114],[12.8424,50.6116],[12.837,50.617],[12.8574,50.6213],[12.8436,50.6257],[12.9005,50.6507],[12.9133,50.6701],[12.8854,50.6955],[12.8691,50.6952],[12.8551,50.6769],[12.8192,50.6996],[12.7962,50.6933],[12.7884,50.6632],[12.7111,50.6424],[12.711,50.6507],[12.6941,50.6564],[12.6959,50.6648],[12.7095,50.6668],[12.7205,50.6887],[12.7078,50.6883],[12.7085,50.6995]]]}},{"type":"Feature","properties":{"plz":"10","c":[13.4152,52.5096]},"geometry":{"type":"Polygon","coordinates":[[[13.3581,52.474],[13.3205,52.4775],[13.3106,52.4805],[13.3004,52.488],[13.3096,52.4902],[13.2774,52.4984],[13.2875,52.5024],[13.307,52.5],[13.3333,52.505],[13.2959,52.5025],[13.3001,52.5219],[13.2927,52.5317],[13.3797,52.5401],[13.3877,52.5332],[13.4035,52.5403],[13.3971,52.5583],[13.4699,52.5404],[13.4783,52.5231],[13.476,52.5333],[13.517,52.5356],[13.5188,52.514],[13.535,52.5134],[13.5532,52.4736],[13.5307,52.4678],[13.5078,52.4749],[13.5057,52.4845],[13.4452,52.5011],[13.4529,52.4977],[13.4394,52.4896],[13.4222,52.4933],[13.418,52.4778],[13.37,52.485],[13.3642,52.4768],[13.3711,52.472],[13.3589,52.4593],[13.3581,52.474]]]}},{"type":"Feature","properties":{"plz":"12","c":[13.5271,52.4329]},"geometry":{"type":"Polygon","coordinates":[[[13.3614,52.3977],[13.3722,52.3988],[13.3433,52.4113],[13.3121,52.3991],[13.2798,52.4323],[13.2831,52.4422],[13.3002,52.4499],[13.3056,52.4644],[13.3275,52.4655],[13.3205,52.4775],[13.3581,52.474],[13.3592,52.458],[13.3711,52.472],[13.3642,52.4768],[13.37,52.485],[13.418,52.4778],[13.4245,52.4861],[13.4477,52.4776],[13.4254,52.4864],[13.421,52.4958],[13.4394,52.4896],[13.4529,52.4977],[13.5218,52.4752],[13.5307,52.4678],[13.5529,52.4742],[13.535,52.5134],[13.5188,52.514],[13.517,52.5356],[13.5323,52.5393],[13.5255,52.5554],[13.5444,52.5668],[13.5677,52.5745],[13.5815,52.571],[13.5864,52.5498],[13.6374,52.5423],[13.625,52.538],[13.6257,52.5302],[13.6569,52.5299],[13.6331,52.5116],[13.625,52.4959],[13.6297,52.493],[13.6127,52.4704],[13.6228,52.4665],[13.6432,52.4792],[13.6954,52.4642],[13.6983,52.4553],[13.7056,52.4577],[13.6991,52.4683],[13.7291,52.4508],[13.7564,52.4462],[13.7428,52.4329],[13.7231,52.4371],[13.7401,52.4323],[13.7299,52.4158],[13.739,52.4073],[13.7019,52.398],[13.7099,52.3964],[13.6866,52.385],[13.6988,52.3815],[13.6922,52.3672],[13.6712,52.3665],[13.6517,52.3395],[13.6363,52.3468],[13.647,52.3687],[13.6427,52.3775],[13.6285,52.3814],[13.6058,52.3736],[13.5947,52.3797],[13.566,52.3601],[13.5607,52.347],[13.6027,52.3109],[13.5885,52.3188],[13.5282,52.3171],[13.5316,52.3257],[13.4606,52.3406],[13.4465,52.3469],[13.4419,52.3633],[13.4181,52.3658],[13.4208,52.3761],[13.3884,52.3779],[13.3873,52.3886],[13.3704,52.3885],[13.3614,52.3977]]]}},{"type":"Feature","properties":{"plz":"13","c":[13.3374,52.5811]},"geometry":{"type":"Polygon","coordinates":[[[13.2467,52.5283],[13.2097,52.5029],[13.1798,52.5002],[13.1572,52.5016],[13.1686,52.5093],[13.1431,52.5196],[13.1174,52.517],[13.1305,52.556],[13.1442,52.5521],[13.1524,52.5705],[13.1513,52.5822],[13.1325,52.5796],[13.129,52.5873],[13.1645,52.5988],[13.2174,52.5875],[13.2016,52.6065],[13.2206,52.6282],[13.2642,52.6269],[13.2621,52.6407],[13.2838,52.6411],[13.2828,52.6608],[13.3101,52.6575],[13.3006,52.6534],[13.3094,52.6428],[13.3103,52.63],[13.3026,52.6272],[13.3576,52.623],[13.3892,52.6376],[13.3945,52.6474],[13.4244,52.6355],[13.4408,52.6492],[13.4595,52.6482],[13.4742,52.6558],[13.4508,52.6627],[13.4801,52.6749],[13.475,52.6684],[13.4881,52.6704],[13.4899,52.6555],[13.5229,52.6448],[13.4967,52.605],[13.5081,52.5922],[13.547,52.5876],[13.5677,52.5745],[13.5255,52.5554],[13.5323,52.5393],[13.517,52.5356],[13.4732,52.536],[13.3971,52.5583],[13.4035,52.5403],[13.3877,52.5332],[13.3797,52.5401],[13.3266,52.5377],[13.2467,52.5283]]]}},{"type":"Feature","properties":{"plz":"14","c":[12.7786,52.3368]},"geometry":{"type":"Polygon","coordinates":[[[12.6683,52.0131],[12.6477,52.0075],[12.6446,51.9943],[12.6143,51.9917],[12.6153,51.9822],[12.6029,51.9815],[12.5394,51.9849],[12.535,52.0014],[12.494,52.0116],[12.4791,52.0335],[12.4608,52.0346],[12.4492,52.0165],[12.4295,52.0183],[12.3895,52.0436],[12.3598,52.0466],[12.3332,52.0661],[12.3157,52.0925],[12.2765,52.1039],[12.265,52.1306],[12.2432,52.1409],[12.2337,52.1628],[12.2159,52.1711],[12.2283,52.1862],[12.2473,52.1839],[12.2418,52.1956],[12.2535,52.2057],[12.2452,52.2074],[12.2488,52.2118],[12.2822,52.2167],[12.2971,52.2289],[12.2629,52.2343],[12.2757,52.2368],[12.2454,52.2499],[12.2629,52.295],[12.3081,52.3446],[12.2841,52.3642],[12.3066,52.3777],[12.2917,52.3861],[12.3023,52.4053],[12.2746,52.4162],[12.2972,52.4237],[12.2894,52.4306],[12.3025,52.4344],[12.3043,52.4508],[12.3173,52.4542],[12.3308,52.4787],[12.3086,52.4788],[12.314,52.4906],[12.3301,52.4965],[12.2718,52.4875],[12.2621,52.4953],[12.2701,52.5009],[12.2593,52.5047],[12.258,52.5182],[12.2353,52.5239],[12.2218,52.5002],[12.1847,52.4957],[12.1671,52.5147],[12.1887,52.5322],[12.1737,52.5387],[12.1422,52.5283],[12.1589,52.5604],[12.1815,52.5752],[12.1735,52.5817],[12.1753,52.6176],[12.1677,52.6161],[12.1669,52.6275],[12.1334,52.6446],[12.1176,52.6881],[12.1243,52.6988],[12.1202,52.7067],[12.1561,52.7028],[12.2222,52.7398],[12.2058,52.7605],[12.2238,52.7763],[12.22,52.7898],[12.2436,52.7863],[12.2696,52.8009],[12.3055,52.789],[12.3332,52.7677],[12.3953,52.7717],[12.4075,52.7524],[12.4875,52.7608],[12.5466,52.7532],[12.5497,52.7631],[12.5406,52.7659],[12.5512,52.7725],[12.5329,52.7854],[12.548,52.8106],[12.5827,52.8082],[12.6095,52.7906],[12.65,52.8004],[12.646,52.7927],[12.6698,52.7822],[12.6723,52.7695],[12.7207,52.7561],[12.7155,52.7484],[12.7228,52.7437],[12.7078,52.7293],[12.7277,52.7225],[12.7406,52.7032],[12.7342,52.7039],[12.8357,52.681],[12.8602,52.6977],[12.8548,52.7018],[12.9285,52.7254],[12.9625,52.7192],[12.9748,52.712],[12.9694,52.701],[12.9956,52.6977],[12.9915,52.6924],[13.0226,52.6894],[13.0175,52.6765],[13.0295,52.6788],[13.0284,52.6734],[13.0139,52.6711],[13.0471,52.6685],[13.0957,52.6776],[13.0897,52.664],[13.1114,52.6345],[13.1564,52.6284],[13.1594,52.617],[13.1478,52.6082],[13.1553,52.6069],[13.1533,52.6006],[13.166,52.6038],[13.129,52.5873],[13.1325,52.5796],[13.1513,52.5822],[13.1524,52.5705],[13.1442,52.5521],[13.1305,52.556],[13.1174,52.517],[13.1431,52.5196],[13.1686,52.5093],[13.1572,52.5016],[13.2242,52.4933],[13.1991,52.4999],[13.2366,52.5261],[13.2927,52.5317],[13.2992,52.5048],[13.2875,52.5024],[13.257,52.486],[13.2818,52.4972],[13.3237,52.4753],[13.2798,52.4323],[13.3121,52.3991],[13.3433,52.4113],[13.372,52.3938],[13.3704,52.3885],[13.3873,52.3886],[13.3884,52.3779],[13.3713,52.3646],[13.3832,52.3548],[13.3782,52.3354],[13.3597,52.3326],[13.3498,52.3257],[13.3502,52.3163],[13.3435,52.3176],[13.3677,52.2907],[13.3933,52.2873],[13.392,52.282],[13.3616,52.2566],[13.308,52.2511],[13.3014,52.2409],[13.3106,52.2313],[13.2918,52.2255],[13.3299,52.2118],[13.3186,52.2125],[13.304,52.1994],[13.3191,52.1967],[13.319,52.1802],[13.3112,52.1829],[13.3071,52.1753],[13.3195,52.1768],[13.3246,52.1499],[13.2982,52.1172],[13.3161,52.1062],[13.3016,52.0893],[13.373,52.0889],[13.3734,52.0662],[13.3671,52.0654],[13.4078,52.063],[13.4061,52.0453],[13.4147,52.0321],[13.409,52.0173],[13.397,52.0142],[13.3976,52.0048],[13.3588,52.0174],[13.35,52.0065],[13.3269,52.006],[13.332,52.0001],[13.3097,52.006],[13.3111,51.99],[13.2786,51.9811],[13.2661,51.9866],[13.2786,51.9777],[13.3047,51.9777],[13.2927,51.945],[13.2736,51.9451],[13.2716,51.9333],[13.2913,51.9321],[13.311,51.9084],[13.3369,51.9039],[13.3312,51.8773],[13.314,51.8554],[13.3175,51.8442],[13.2974,51.8391],[13.3102,51.8305],[13.3036,51.8188],[13.2815,51.8267],[13.2586,51.8198],[13.2358,51.8287],[13.2207,51.8563],[13.2325,51.8694],[13.2302,51.8781],[13.1622,51.8837],[13.1629,51.8605],[13.1508,51.8597],[13.1495,51.8724],[13.1324,51.8825],[13.0804,51.8674],[13.0395,51.8709],[13.0269,51.881],[13.0376,51.8802],[13.0374,51.8908],[13.0482,51.8917],[13.0455,51.9007],[12.9731,51.901],[12.9765,51.9199],[12.9563,51.9227],[12.9606,51.9349],[12.917,51.9393],[12.9149,51.9312],[12.8962,51.9275],[12.8888,51.9348],[12.8529,51.9351],[12.8443,51.9676],[12.7761,51.9649],[12.7767,51.9758],[12.7562,51.9865],[12.7304,51.9886],[12.6683,52.0131]]]}},{"type":"Feature","properties":{"plz":"15","c":[14.0018,52.2301]},"geometry":{"type":"Polygon","coordinates":[[[13.4744,51.7991],[13.4634,51.7933],[13.4425,51.802],[13.4448,51.8091],[13.421,51.8114],[13.4187,51.8199],[13.3914,51.8169],[13.3545,51.8326],[13.3102,51.8305],[13.2974,51.8391],[13.3175,51.8442],[13.314,51.8554],[13.3312,51.8773],[13.3369,51.9039],[13.311,51.9084],[13.2913,51.9321],[13.2716,51.9333],[13.2736,51.9451],[13.2927,51.945],[13.3047,51.9777],[13.2786,51.9811],[13.3111,51.99],[13.3097,52.006],[13.332,52.0001],[13.3269,52.006],[13.35,52.0065],[13.3588,52.0174],[13.3976,52.0048],[13.397,52.0142],[13.409,52.0173],[13.4147,52.0321],[13.4061,52.0453],[13.4078,52.063],[13.3671,52.0654],[13.3734,52.0662],[13.373,52.0889],[13.3016,52.0893],[13.3161,52.1062],[13.2982,52.1172],[13.3246,52.1499],[13.3257,52.1657],[13.3195,52.1768],[13.3067,52.1745],[13.3112,52.1829],[13.319,52.1802],[13.3191,52.1967],[13.304,52.1994],[13.3186,52.2125],[13.3379,52.2086],[13.2918,52.2255],[13.3106,52.2313],[13.3014,52.2409],[13.308,52.2511],[13.3616,52.2566],[13.392,52.282],[13.3933,52.2873],[13.3677,52.2907],[13.3435,52.3176],[13.3502,52.3163],[13.3498,52.3257],[13.3597,52.3326],[13.3782,52.3354],[13.3832,52.3548],[13.3713,52.3646],[13.3884,52.3779],[13.4208,52.3761],[13.4181,52.3658],[13.4419,52.3633],[13.4465,52.3469],[13.5316,52.3257],[13.5282,52.3171],[13.5885,52.3188],[13.6027,52.3109],[13.5607,52.347],[13.566,52.3601],[13.5947,52.3797],[13.6058,52.3736],[13.6285,52.3814],[13.6427,52.3775],[13.647,52.3687],[13.6363,52.3468],[13.6541,52.336],[13.6571,52.3516],[13.6712,52.3665],[13.6922,52.3672],[13.6993,52.3777],[13.6866,52.385],[13.7343,52.4021],[13.739,52.4073],[13.7299,52.4158],[13.7401,52.4323],[13.7231,52.4371],[13.7428,52.4329],[13.7564,52.4462],[13.7291,52.4508],[13.6991,52.4683],[13.7056,52.4577],[13.6983,52.4553],[13.6954,52.4642],[13.6432,52.4792],[13.6228,52.4665],[13.6127,52.4704],[13.6297,52.493],[13.625,52.4959],[13.6331,52.5116],[13.6586,52.5259],[13.6257,52.5302],[13.625,52.538],[13.6374,52.5423],[13.6106,52.5456],[13.6155,52.5616],[13.6851,52.5693],[13.686,52.5769],[13.6719,52.5823],[13.6841,52.5785],[13.6988,52.5903],[13.7158,52.588],[13.7154,52.6058],[13.728,52.6016],[13.7295,52.6124],[13.828,52.6248],[13.8445,52.6455],[13.8376,52.6529],[13.8485,52.6592],[13.8508,52.6716],[13.8962,52.6658],[13.9129,52.6847],[13.9705,52.695],[13.9811,52.7153],[13.9883,52.7154],[13.9858,52.705],[14.005,52.7071],[14.0399,52.6894],[14.0241,52.6692],[14.0736,52.6636],[14.1126,52.6752],[14.1297,52.6501],[14.1507,52.6531],[14.159,52.6388],[14.193,52.6639],[14.1788,52.6801],[14.2039,52.6768],[14.2099,52.6912],[14.2364,52.6862],[14.1984,52.7105],[14.2221,52.7096],[14.2271,52.7156],[14.2769,52.7063],[14.3237,52.7359],[14.3312,52.7444],[14.3257,52.7609],[14.3742,52.7358],[14.4652,52.6614],[14.5962,52.6106],[14.6143,52.5863],[14.639,52.5733],[14.6169,52.5558],[14.6042,52.5331],[14.6123,52.5108],[14.6353,52.496],[14.5788,52.4416],[14.5481,52.4323],[14.5465,52.4127],[14.5344,52.395],[14.5515,52.3757],[14.5614,52.3278],[14.5764,52.3211],[14.585,52.3046],[14.5753,52.289],[14.5975,52.2694],[14.6895,52.2568],[14.7162,52.2349],[14.7046,52.2075],[14.6858,52.1939],[14.7056,52.1689],[14.681,52.1455],[14.6832,52.1124],[14.7,52.0983],[14.7395,52.0862],[14.759,52.0659],[14.7454,52.0543],[14.7484,52.0319],[14.7125,51.9999],[14.6992,52.007],[14.7099,52.013],[14.7038,52.015],[14.6802,52.0017],[14.6612,52.011],[14.6658,52.0155],[14.6496,52.0278],[14.5903,52.034],[14.5625,52.0192],[14.5572,52.0052],[14.5009,52.0077],[14.4792,52.046],[14.483,52.0577],[14.4454,52.0399],[14.4535,52.0145],[14.3694,52.0011],[14.3931,51.9354],[14.3179,51.9349],[14.2235,51.9042],[14.2256,51.8885],[14.2148,51.8693],[14.1812,51.8645],[14.1737,51.857],[14.1336,51.8719],[14.0293,51.8844],[13.9821,51.8996],[13.9222,51.9032],[13.8998,51.8928],[13.8637,51.8921],[13.8634,51.8788],[13.8476,51.8764],[13.8275,51.8576],[13.843,51.8486],[13.8365,51.8436],[13.8544,51.839],[13.833,51.8285],[13.8426,51.8214],[13.8299,51.8181],[13.8389,51.8118],[13.838,51.7894],[13.806,51.7848],[13.8306,51.7579],[13.851,51.759],[13.8558,51.7522],[13.8442,51.735],[13.8156,51.7429],[13.7826,51.7352],[13.7853,51.7491],[13.7755,51.7596],[13.7529,51.7541],[13.7293,51.76],[13.6963,51.7422],[13.6957,51.7268],[13.6646,51.7329],[13.6616,51.7473],[13.609,51.741],[13.5791,51.7543],[13.5486,51.7469],[13.5053,51.7925],[13.5354,51.798],[13.4869,51.7909],[13.4744,51.7991]]]}},{"type":"Feature","properties":{"plz":"16","c":[13.1599,52.9617]},"geometry":{"type":"Polygon","coordinates":[[[13.3755,52.6554],[13.3945,52.6474],[13.3764,52.6284],[13.344,52.6237],[13.3614,52.6357],[13.3367,52.6226],[13.3026,52.6272],[13.3103,52.63],[13.3094,52.6428],[13.3006,52.6534],[13.3101,52.6575],[13.2828,52.6608],[13.2838,52.6411],[13.2621,52.6407],[13.2642,52.6269],[13.2206,52.6282],[13.2016,52.6065],[13.2174,52.5875],[13.2054,52.5868],[13.1645,52.5988],[13.166,52.6038],[13.1533,52.6006],[13.1475,52.6127],[13.1594,52.617],[13.1564,52.6284],[13.1114,52.6345],[13.0897,52.664],[13.0957,52.6776],[13.0471,52.6685],[13.0139,52.6711],[13.0284,52.6734],[13.0295,52.6788],[13.0175,52.6765],[13.0226,52.6894],[12.9694,52.701],[12.9748,52.712],[12.9625,52.7192],[12.9285,52.7254],[12.8548,52.7018],[12.8375,52.706],[12.8602,52.6977],[12.8357,52.681],[12.7406,52.7032],[12.7277,52.7225],[12.7078,52.7293],[12.7228,52.7437],[12.7155,52.7484],[12.7207,52.7561],[12.6723,52.7695],[12.6698,52.7822],[12.646,52.7927],[12.65,52.8004],[12.6095,52.7906],[12.5827,52.8082],[12.548,52.8106],[12.5329,52.7854],[12.5512,52.7725],[12.5406,52.7659],[12.5497,52.7631],[12.5466,52.7532],[12.4875,52.7608],[12.4075,52.7524],[12.3953,52.7717],[12.3332,52.7677],[12.3055,52.789],[12.2696,52.8009],[12.2493,52.7919],[12.2579,52.8049],[12.2442,52.8199],[12.2327,52.8605],[12.2098,52.8622],[12.1973,52.8778],[12.1264,52.8531],[12.1333,52.8658],[12.1201,52.8754],[12.123,52.8892],[12.1895,52.9021],[12.2102,52.9208],[12.2055,52.9296],[12.1768,52.9312],[12.1789,52.9486],[12.1725,52.9513],[12.1174,52.9449],[12.1133,52.9614],[12.0866,52.9697],[12.0843,52.9941],[12.0906,53.0014],[12.054,53.0117],[12.06,53.0248],[12.1143,53.0175],[12.1144,53.0443],[12.0544,53.0512],[12.0492,53.0659],[12.0566,53.0753],[12.0471,53.0817],[11.9723,53.0751],[11.9679,53.0829],[11.9518,53.0832],[11.9387,53.093],[11.943,53.1107],[11.9278,53.114],[11.9432,53.1312],[11.8944,53.1417],[11.8912,53.1322],[11.8757,53.1324],[11.8544,53.1439],[11.8522,53.1553],[11.8943,53.1709],[11.9008,53.1879],[11.9304,53.1771],[11.9426,53.179],[11.9444,53.1901],[11.9685,53.1872],[11.9993,53.2004],[11.9566,53.2199],[11.9704,53.2276],[11.9701,53.2363],[11.9136,53.2615],[11.9124,53.271],[11.9482,53.2714],[11.9737,53.2975],[12.0186,53.2994],[12.0221,53.3214],[12.014,53.3342],[12.0558,53.3492],[12.045,53.3708],[12.0775,53.3693],[12.0819,53.3462],[12.1068,53.3435],[12.1084,53.35],[12.1347,53.3486],[12.1396,53.3614],[12.1518,53.3615],[12.1687,53.3392],[12.1868,53.3435],[12.1893,53.3533],[12.2298,53.3581],[12.2363,53.3417],[12.2572,53.3249],[12.3104,53.3272],[12.3945,53.3017],[12.3985,53.2945],[12.392,53.2849],[12.4292,53.2741],[12.446,53.2498],[12.5298,53.2646],[12.6056,53.2443],[12.6279,53.2547],[12.6552,53.2552],[12.6752,53.2469],[12.6648,53.2324],[12.6832,53.2263],[12.7573,53.2244],[12.7392,53.1998],[12.7643,53.189],[12.8493,53.1998],[12.8797,53.1794],[12.9047,53.1941],[12.9261,53.1957],[12.9306,53.1926],[12.9201,53.1863],[12.9422,53.1856],[12.9365,53.1942],[12.9654,53.2002],[12.9798,53.1908],[12.9421,53.1745],[12.961,53.1776],[12.9691,53.166],[12.9873,53.1611],[12.9841,53.1671],[13.0071,53.1678],[13.0314,53.1916],[13.0787,53.2005],[13.087,53.2153],[13.1065,53.215],[13.1082,53.2386],[13.1329,53.2372],[13.1498,53.2507],[13.1804,53.2512],[13.2061,53.2201],[13.2298,53.2166],[13.2432,53.2369],[13.252,53.2199],[13.2416,53.213],[13.2475,53.2051],[13.2736,53.2025],[13.2718,53.1902],[13.289,53.197],[13.2837,53.1863],[13.3133,53.1766],[13.294,53.1588],[13.3038,53.1551],[13.2855,53.1394],[13.3019,53.1416],[13.2935,53.139],[13.2971,53.1284],[13.3267,53.0996],[13.3631,53.0873],[13.3695,53.0687],[13.4142,53.0562],[13.4025,53.0312],[13.4066,53.0254],[13.4444,53.0296],[13.4611,53.0077],[13.4854,53.0087],[13.4869,53.0017],[13.5012,52.9985],[13.4914,52.9869],[13.5649,52.9894],[13.6226,53.0033],[13.6754,53.0011],[13.6913,53.0117],[13.6645,53.0159],[13.6818,53.0294],[13.6763,53.0371],[13.6821,53.0425],[13.7111,53.0346],[13.7346,53.0444],[13.8125,53.0457],[13.8194,53.0502],[13.8209,53.07],[13.8015,53.0687],[13.7869,53.0856],[13.7901,53.0917],[13.8516,53.1015],[13.8734,53.1112],[13.8966,53.1357],[13.949,53.1502],[13.9833,53.144],[14.0027,53.1594],[14.0026,53.1722],[14.0199,53.1869],[14.0204,53.1968],[14.0409,53.2116],[14.0964,53.2069],[14.099,53.2615],[14.1602,53.2678],[14.2112,53.2547],[14.2659,53.2594],[14.262,53.2765],[14.3021,53.2862],[14.3163,53.3123],[14.3486,53.3099],[14.3934,53.3282],[14.4155,53.3244],[14.4068,53.3087],[14.4212,53.2761],[14.4452,53.2744],[14.45,53.2616],[14.4094,53.2239],[14.4044,53.2095],[14.3768,53.2002],[14.3668,53.1685],[14.3858,53.143],[14.3652,53.0803],[14.3422,53.0505],[14.2571,53.002],[14.1439,52.9611],[14.14,52.9505],[14.1608,52.8868],[14.1576,52.8754],[14.1236,52.8444],[14.1279,52.8299],[14.2164,52.8168],[14.2803,52.7743],[14.3257,52.7609],[14.3312,52.7444],[14.3005,52.7176],[14.2769,52.7063],[14.2271,52.7156],[14.2221,52.7096],[14.1984,52.7105],[14.2364,52.6862],[14.2099,52.6912],[14.2039,52.6768],[14.1788,52.6801],[14.193,52.6639],[14.159,52.6388],[14.1507,52.6531],[14.1297,52.6501],[14.1126,52.6752],[14.0736,52.6636],[14.0241,52.6692],[14.0399,52.6894],[14.005,52.7071],[13.9858,52.705],[13.9883,52.7154],[13.9811,52.7153],[13.9705,52.695],[13.9129,52.6847],[13.8962,52.6658],[13.8508,52.6716],[13.8485,52.6592],[13.8376,52.6529],[13.8445,52.6455],[13.828,52.6248],[13.7295,52.6124],[13.728,52.6016],[13.7154,52.6058],[13.7158,52.588],[13.6988,52.5903],[13.6841,52.5785],[13.6719,52.5823],[13.686,52.5769],[13.6851,52.5693],[13.6155,52.5616],[13.6106,52.5456],[13.5864,52.5498],[13.5815,52.571],[13.547,52.5876],[13.5081,52.5922],[13.4967,52.605],[13.5229,52.6448],[13.4899,52.6555],[13.4881,52.6704],[13.475,52.6684],[13.4801,52.6749],[13.4508,52.6627],[13.4742,52.6558],[13.4408,52.6492],[13.4244,52.6355],[13.3755,52.6554]]]}},{"type":"Feature","properties":{"plz":"17","c":[13.3299,53.5763]},"geometry":{"type":"MultiPolygon","coordinates":[[[[13.0771,53.2043],[13.0187,53.1853],[13.0199,53.176],[13.0071,53.1678],[12.9772,53.1629],[12.961,53.1776],[12.9421,53.1745],[12.9798,53.1908],[12.9654,53.2002],[12.9365,53.1942],[12.9422,53.1856],[12.9201,53.1863],[12.9306,53.1926],[12.9261,53.1957],[12.9047,53.1941],[12.8797,53.1794],[12.8455,53.2012],[12.7643,53.189],[12.7392,53.1998],[12.7573,53.2244],[12.6832,53.2263],[12.6648,53.2324],[12.6749,53.2508],[12.666,53.2532],[12.6279,53.2547],[12.6056,53.2443],[12.5298,53.2646],[12.446,53.2498],[12.4292,53.2741],[12.392,53.2849],[12.3985,53.2945],[12.3945,53.3017],[12.3315,53.3179],[12.3451,53.3339],[12.3185,53.357],[12.29,53.3546],[12.312,53.3623],[12.275,53.3788],[12.3087,53.3943],[12.3161,53.3907],[12.3026,53.4064],[12.3032,53.4141],[12.3122,53.4148],[12.3004,53.4258],[12.3095,53.4313],[12.3085,53.4481],[12.3433,53.4606],[12.3506,53.4747],[12.3665,53.4794],[12.3307,53.478],[12.319,53.4931],[12.3012,53.4986],[12.2893,53.5176],[12.3058,53.5677],[12.3487,53.5937],[12.3548,53.5852],[12.3746,53.5854],[12.3709,53.5768],[12.389,53.5752],[12.3984,53.564],[12.4163,53.5841],[12.3983,53.6026],[12.4119,53.6114],[12.4077,53.6364],[12.4175,53.647],[12.396,53.666],[12.4331,53.6731],[12.4553,53.6608],[12.4682,53.6623],[12.4465,53.6774],[12.4595,53.6801],[12.4569,53.6931],[12.4954,53.7038],[12.4919,53.7299],[12.4503,53.7479],[12.4665,53.7667],[12.4549,53.7864],[12.4443,53.7772],[12.4276,53.7913],[12.4431,53.8025],[12.4361,53.807],[12.4533,53.8127],[12.429,53.8229],[12.44,53.8374],[12.4391,53.8502],[12.4546,53.8558],[12.4325,53.8649],[12.44,53.883],[12.4232,53.8806],[12.4399,53.8962],[12.4488,53.8939],[12.4492,53.9017],[12.4628,53.9016],[12.4636,53.9195],[12.4788,53.9397],[12.5093,53.9458],[12.5175,53.9572],[12.5105,53.9742],[12.552,53.9779],[12.5468,53.9824],[12.5598,53.9936],[12.5557,53.998],[12.5235,54.0054],[12.5199,54.0108],[12.5509,54.0057],[12.5774,54.0164],[12.5892,54.0106],[12.5843,54.0078],[12.6169,54.0049],[12.6292,54.0323],[12.6463,54.034],[12.6592,54.0465],[12.6963,54.0362],[12.6917,54.0297],[12.7157,54.0187],[12.7457,54.0333],[12.7587,54.0301],[12.8335,53.9941],[12.8538,53.9769],[12.8823,53.9737],[12.8727,53.9772],[12.9086,53.9832],[12.9136,53.9912],[12.9577,54.0044],[12.9869,54.0038],[12.9968,54.0168],[13.0226,54.0136],[13.0412,54.0255],[13.0999,54.0395],[13.1313,54.0224],[13.1572,54.0215],[13.1546,54.0279],[13.2078,54.0348],[13.2388,54.0619],[13.2778,54.0635],[13.2886,54.0729],[13.2612,54.0819],[13.2481,54.1],[13.2236,54.1059],[13.2167,54.118],[13.2908,54.1338],[13.2887,54.1655],[13.3193,54.1936],[13.3263,54.1835],[13.3472,54.1805],[13.3316,54.1648],[13.3784,54.1775],[13.406,54.1694],[13.4082,54.1624],[13.3802,54.1519],[13.3834,54.1428],[13.4114,54.1566],[13.4063,54.1474],[13.4274,54.1392],[13.4568,54.0914],[13.4931,54.0833],[13.5011,54.088],[13.4763,54.1163],[13.4922,54.125],[13.6231,54.1397],[13.6437,54.1552],[13.6592,54.1452],[13.6448,54.1558],[13.7064,54.1712],[13.7176,54.1634],[13.6948,54.1575],[13.6968,54.1488],[13.7328,54.1351],[13.7496,54.1396],[13.7468,54.1368],[13.7473,54.1344],[13.7625,54.1276],[13.7522,54.1218],[13.7648,54.1195],[13.761,54.1255],[13.7689,54.1265],[13.7736,54.1177],[13.7899,54.1086],[13.7792,54.1097],[13.8041,54.0968],[13.7927,54.0843],[13.7902,54.0644],[13.7736,54.0596],[13.7827,54.0475],[13.7428,54.0316],[13.7576,54.0283],[13.7595,54.0157],[13.7969,53.9955],[13.8351,53.9842],[13.8548,53.9647],[13.8576,53.9483],[13.8811,53.9506],[13.9142,53.9216],[13.9013,53.9104],[13.8641,53.9003],[13.8473,53.8782],[13.8259,53.8779],[13.8248,53.8649],[13.8034,53.8662],[13.794,53.8567],[13.8146,53.854],[13.805,53.8461],[13.8537,53.842],[13.8993,53.8028],[13.9162,53.8062],[13.9703,53.7722],[14.1032,53.7397],[14.1664,53.7416],[14.1797,53.7335],[14.2297,53.7613],[14.2658,53.749],[14.2723,53.738],[14.2665,53.7303],[14.2147,53.7035],[14.2457,53.6938],[14.2669,53.6986],[14.2837,53.6826],[14.2708,53.6656],[14.2848,53.6587],[14.2839,53.6344],[14.3169,53.6181],[14.3057,53.5436],[14.3159,53.5369],[14.3269,53.5038],[14.3507,53.496],[14.3581,53.4573],[14.3718,53.455],[14.3733,53.409],[14.3948,53.3757],[14.3903,53.3537],[14.4055,53.3471],[14.4122,53.3295],[14.3486,53.3099],[14.3163,53.3123],[14.3021,53.2862],[14.262,53.2765],[14.2659,53.2594],[14.2112,53.2547],[14.1602,53.2678],[14.099,53.2615],[14.0964,53.2069],[14.0409,53.2116],[14.0204,53.1968],[14.0199,53.1869],[14.0026,53.1722],[14.0027,53.1594],[13.9833,53.144],[13.949,53.1502],[13.8966,53.1357],[13.8734,53.1112],[13.8516,53.1015],[13.7901,53.0917],[13.7869,53.0856],[13.8015,53.0687],[13.8209,53.07],[13.8194,53.0502],[13.8125,53.0457],[13.7346,53.0444],[13.7111,53.0346],[13.6821,53.0425],[13.6763,53.0371],[13.6818,53.0294],[13.6645,53.0159],[13.6913,53.0117],[13.6754,53.0011],[13.6226,53.0033],[13.5649,52.9894],[13.4914,52.9869],[13.5012,52.9985],[13.4869,53.0017],[13.4854,53.0087],[13.4611,53.0077],[13.4444,53.0296],[13.4066,53.0254],[13.4025,53.0312],[13.4142,53.0562],[13.3695,53.0687],[13.3631,53.0873],[13.3267,53.0996],[13.2971,53.1284],[13.2935,53.139],[13.3019,53.1416],[13.2855,53.1394],[13.3038,53.1551],[13.294,53.1588],[13.3133,53.1766],[13.2837,53.1863],[13.289,53.197],[13.2718,53.1902],[13.2736,53.2025],[13.2475,53.2051],[13.2416,53.213],[13.252,53.2199],[13.2432,53.2369],[13.2298,53.2166],[13.2061,53.2201],[13.1804,53.2512],[13.1498,53.2507],[13.1329,53.2372],[13.1082,53.2386],[13.1065,53.215],[13.087,53.2153],[13.0771,53.2043]]],[[[13.9074,54.0429],[13.9155,54.047],[13.9238,54.0357],[13.8994,54.0124],[13.8647,54.0067],[13.8611,53.9997],[13.8527,54.0128],[13.8674,54.0347],[13.8788,54.0363],[13.864,54.0468],[13.8206,54.0374],[13.8017,54.0186],[13.7702,54.0185],[13.7643,54.0306],[13.7907,54.0499],[13.7879,54.056],[13.7975,54.0636],[13.8117,54.0936],[13.8083,54.1067],[13.8136,54.1079],[13.7913,54.1111],[13.7746,54.1202],[13.7724,54.1339],[13.7564,54.1362],[13.7518,54.1488],[13.7579,54.1509],[13.751,54.1522],[13.7587,54.1684],[13.8122,54.1731],[13.8242,54.1436],[13.8626,54.1075],[13.9349,54.0754],[14.0159,54.0536],[14.184,53.9473],[14.2267,53.929],[14.2078,53.9159],[14.1853,53.9141],[14.2058,53.9106],[14.2123,53.9003],[14.2139,53.8654],[14.1905,53.8727],[14.0615,53.8687],[14.0382,53.8742],[13.9906,53.8479],[13.9394,53.8435],[13.9215,53.8459],[13.9236,53.8523],[13.9496,53.8498],[13.9532,53.8626],[13.9302,53.8752],[13.9145,53.8438],[13.8263,53.8497],[13.8218,53.8572],[13.83,53.8575],[13.8346,53.8712],[13.892,53.8767],[13.9214,53.8879],[13.9372,53.9083],[13.9244,53.9474],[13.8937,53.9673],[13.9092,53.9911],[13.9648,53.9908],[13.9633,53.9733],[13.9723,53.9697],[13.95,53.9591],[13.9582,53.9528],[13.953,53.9352],[13.9597,53.9339],[13.9715,53.9506],[13.963,53.957],[13.9829,53.9621],[14.0224,53.9623],[14.0112,53.9494],[14.0407,53.9407],[14.0437,53.9458],[14.0352,53.9501],[14.0482,53.9854],[14.0474,53.9974],[14.0403,53.999],[14.0473,54.0012],[14.0408,53.9995],[14.0331,54.0162],[14.0041,54.011],[13.9955,54.0433],[13.9684,54.0589],[13.9778,54.0628],[13.9113,54.0643],[13.9177,54.0614],[13.9074,54.0429]]]]}},{"type":"Feature","properties":{"plz":"18","c":[12.4203,54.056]},"geometry":{"type":"MultiPolygon","coordinates":[[[[12.1494,53.6357],[12.1201,53.6477],[12.1085,53.6424],[12.0808,53.6481],[12.0699,53.6615],[12.0504,53.6658],[12.0493,53.6771],[12.0441,53.6745],[12.0264,53.6921],[12.0337,53.7008],[12.029,53.709],[12.0388,53.7104],[12.0201,53.7182],[12.0223,53.712],[12.0077,53.7141],[12.0003,53.7277],[11.9758,53.7244],[11.9965,53.736],[11.9783,53.7437],[11.9587,53.7382],[11.935,53.7428],[11.9048,53.7322],[11.8382,53.7513],[11.8414,53.764],[11.7971,53.7709],[11.7917,53.7784],[11.8106,53.7952],[11.7985,53.8098],[11.8014,53.8182],[11.7573,53.8241],[11.7707,53.8304],[11.7607,53.8334],[11.7672,53.8455],[11.7591,53.8516],[11.7786,53.8628],[11.7639,53.8769],[11.7983,53.8913],[11.7879,53.8949],[11.7975,53.9084],[11.7882,53.9115],[11.8051,53.9185],[11.7906,53.9356],[11.795,53.9569],[11.8049,53.9663],[11.7664,53.9787],[11.7458,53.974],[11.7411,53.9692],[11.7471,53.9592],[11.6976,53.9537],[11.6866,53.9342],[11.6738,53.9358],[11.6675,53.9474],[11.6777,53.962],[11.6516,53.9732],[11.6576,53.9852],[11.6131,53.9941],[11.6137,53.986],[11.5869,53.9869],[11.5817,53.9931],[11.5889,54.0022],[11.5804,54.0065],[11.5794,54.0188],[11.5615,54.028],[11.5876,54.0468],[11.5822,54.0636],[11.6255,54.0771],[11.6266,54.0895],[11.6142,54.1024],[11.5811,54.0896],[11.5322,54.0491],[11.5372,54.0562],[11.5301,54.0739],[11.5175,54.0613],[11.5153,54.0378],[11.5138,54.0582],[11.5258,54.0717],[11.5536,54.0933],[11.6064,54.105],[11.6777,54.151],[11.7633,54.157],[11.8155,54.1452],[11.8586,54.146],[12.0912,54.1872],[12.109,54.1786],[12.1304,54.1877],[12.1997,54.2446],[12.3362,54.2973],[12.4051,54.3752],[12.4603,54.4135],[12.4903,54.4642],[12.5258,54.4837],[12.5316,54.484],[12.5257,54.4664],[12.546,54.456],[12.6813,54.4421],[12.9184,54.4453],[12.917,54.4357],[12.9267,54.4289],[12.8753,54.4133],[12.8323,54.423],[12.8004,54.4086],[12.7872,54.4172],[12.7394,54.4154],[12.7212,54.433],[12.6972,54.4323],[12.6705,54.4225],[12.6645,54.4086],[12.6523,54.4114],[12.6468,54.4246],[12.6394,54.423],[12.6464,54.4261],[12.6143,54.4361],[12.6446,54.4257],[12.6177,54.4252],[12.6242,54.4206],[12.6103,54.4098],[12.5763,54.4032],[12.5774,54.3961],[12.5976,54.3919],[12.5911,54.3818],[12.5905,54.3886],[12.5529,54.3901],[12.5184,54.373],[12.4954,54.3829],[12.4192,54.3718],[12.4134,54.3656],[12.4181,54.3382],[12.384,54.3408],[12.3972,54.3323],[12.396,54.3235],[12.3826,54.3102],[12.3662,54.3114],[12.3579,54.303],[12.382,54.2792],[12.3625,54.2672],[12.418,54.2464],[12.4599,54.248],[12.4185,54.2582],[12.4078,54.2772],[12.4345,54.2966],[12.4789,54.3041],[12.4726,54.3295],[12.5269,54.3341],[12.5407,54.3433],[12.5389,54.3523],[12.5567,54.3551],[12.5343,54.3648],[12.555,54.3726],[12.5538,54.3796],[12.5671,54.3713],[12.5821,54.3736],[12.5742,54.3585],[12.5856,54.3559],[12.6008,54.3634],[12.5979,54.3709],[12.6733,54.3906],[12.66,54.3984],[12.663,54.4031],[12.7106,54.41],[12.7127,54.4021],[12.6848,54.394],[12.6929,54.3861],[12.6762,54.3703],[12.688,54.3691],[12.6826,54.3749],[12.6968,54.3849],[12.7029,54.399],[12.7146,54.3986],[12.7204,54.3715],[12.7396,54.3728],[12.7442,54.3842],[12.7556,54.3702],[12.7683,54.3714],[12.7852,54.3965],[12.7851,54.3796],[12.8045,54.3704],[12.8095,54.3516],[12.7925,54.3505],[12.7745,54.3261],[12.8019,54.3506],[12.8102,54.3428],[12.8179,54.3512],[12.847,54.351],[12.8806,54.366],[12.8974,54.4017],[13.0179,54.4394],[13.0348,54.4314],[13.0202,54.4122],[13.0233,54.3975],[13.0481,54.3797],[13.0807,54.3803],[13.0941,54.3661],[13.0753,54.3458],[13.0895,54.3194],[13.1023,54.3185],[13.0987,54.3148],[13.112,54.3056],[13.1043,54.2826],[13.1299,54.2697],[13.1485,54.2678],[13.1668,54.279],[13.1777,54.2706],[13.1596,54.2673],[13.1327,54.2502],[13.1674,54.2663],[13.1855,54.2663],[13.2161,54.2499],[13.2104,54.2448],[13.216,54.2411],[13.2899,54.2353],[13.3193,54.1936],[13.2887,54.1655],[13.2908,54.1338],[13.2171,54.1173],[13.2236,54.1059],[13.2481,54.1],[13.2612,54.0819],[13.2886,54.0729],[13.2778,54.0635],[13.2388,54.0619],[13.2078,54.0348],[13.1546,54.0279],[13.1572,54.0215],[13.1313,54.0224],[13.0999,54.0395],[13.0412,54.0255],[13.0226,54.0136],[12.9968,54.0168],[12.9869,54.0038],[12.9577,54.0044],[12.8654,53.9734],[12.7587,54.0301],[12.7457,54.0333],[12.7157,54.0187],[12.6917,54.0297],[12.6963,54.0362],[12.6592,54.0465],[12.6463,54.034],[12.6292,54.0323],[12.6169,54.0049],[12.5843,54.0078],[12.5892,54.0106],[12.5774,54.0164],[12.5509,54.0057],[12.5199,54.0108],[12.5557,53.998],[12.5598,53.9936],[12.5468,53.9824],[12.552,53.9779],[12.5105,53.9742],[12.5175,53.9572],[12.5093,53.9458],[12.4788,53.9397],[12.4636,53.9195],[12.4628,53.9016],[12.4492,53.9017],[12.4488,53.8939],[12.4399,53.8962],[12.4232,53.8806],[12.44,53.883],[12.4325,53.8649],[12.4546,53.8558],[12.4391,53.8502],[12.44,53.8374],[12.4243,53.8212],[12.4533,53.8127],[12.4361,53.807],[12.4431,53.8025],[12.4276,53.7913],[12.4443,53.7772],[12.4549,53.7864],[12.4665,53.7667],[12.4503,53.7479],[12.4919,53.7299],[12.4954,53.7038],[12.4569,53.6931],[12.4595,53.6801],[12.4465,53.6774],[12.4682,53.6623],[12.4553,53.6608],[12.4331,53.6731],[12.396,53.666],[12.4175,53.647],[12.4077,53.6364],[12.4119,53.6114],[12.3983,53.6026],[12.4163,53.5841],[12.4105,53.5748],[12.391,53.5689],[12.389,53.5752],[12.3709,53.5768],[12.3746,53.5854],[12.3548,53.5852],[12.3487,53.5937],[12.3058,53.5677],[12.2899,53.5706],[12.2834,53.5817],[12.2529,53.5825],[12.2494,53.5907],[12.2091,53.6032],[12.2143,53.6109],[12.2022,53.6231],[12.1987,53.6426],[12.1494,53.6357]]],[[[12.6959,54.4306],[12.724,54.4252],[12.7317,54.4163],[12.675,54.4178],[12.6959,54.4306]]],[[[13.0388,54.441],[13.0137,54.4428],[12.9681,54.4329],[12.9498,54.441],[12.9259,54.434],[12.923,54.4477],[13.0366,54.467],[13.0526,54.4483],[13.0388,54.441]]],[[[13.3869,54.2667],[13.3903,54.2795],[13.3718,54.2781],[13.379,54.2776],[13.3505,54.2697],[13.3589,54.2559],[13.3523,54.2538],[13.3584,54.2466],[13.3692,54.2538],[13.3588,54.2575],[13.3647,54.2642],[13.379,54.2534],[13.4038,54.2652],[13.4173,54.2555],[13.4237,54.2381],[13.3935,54.2208],[13.3836,54.2293],[13.3231,54.2377],[13.2912,54.2512],[13.2956,54.2556],[13.3207,54.2449],[13.3275,54.2552],[13.3235,54.2661],[13.3369,54.2786],[13.3093,54.2663],[13.3209,54.2578],[13.2703,54.2537],[13.2169,54.2729],[13.2175,54.2795],[13.2158,54.2711],[13.1997,54.27],[13.1961,54.284],[13.2035,54.2905],[13.1922,54.2972],[13.1818,54.2878],[13.1413,54.2812],[13.1398,54.2965],[13.1599,54.3019],[13.1542,54.3046],[13.1847,54.2986],[13.1146,54.3321],[13.1268,54.371],[13.1966,54.3759],[13.2346,54.369],[13.2368,54.3774],[13.2629,54.3825],[13.2383,54.3868],[13.2301,54.3974],[13.2378,54.4098],[13.2205,54.414],[13.2114,54.4305],[13.1505,54.4231],[13.1709,54.4538],[13.1924,54.4551],[13.1992,54.4472],[13.2057,54.4601],[13.252,54.4639],[13.2311,54.4678],[13.2697,54.4801],[13.2282,54.4857],[13.2315,54.5111],[13.2006,54.5036],[13.1709,54.5076],[13.1675,54.512],[13.1622,54.5141],[13.1586,54.5378],[13.1399,54.5406],[13.1439,54.5467],[13.2446,54.5553],[13.2865,54.5433],[13.2953,54.5372],[13.2871,54.5225],[13.3052,54.5138],[13.3123,54.5247],[13.3029,54.5278],[13.3077,54.5394],[13.2973,54.5521],[13.3596,54.5808],[13.3706,54.577],[13.354,54.5515],[13.3357,54.5488],[13.3612,54.5448],[13.3469,54.5202],[13.3742,54.5203],[13.3929,54.5396],[13.4146,54.5189],[13.4065,54.5073],[13.4126,54.4945],[13.4417,54.4875],[13.4505,54.472],[13.4814,54.4836],[13.5045,54.4809],[13.5006,54.4924],[13.5138,54.5094],[13.5129,54.5208],[13.5049,54.5245],[13.5136,54.5251],[13.5052,54.525],[13.5132,54.5286],[13.5024,54.5485],[13.4462,54.5515],[13.4258,54.5687],[13.3959,54.5729],[13.3842,54.5815],[13.384,54.5958],[13.3712,54.6145],[13.3276,54.5935],[13.3326,54.582],[13.2457,54.5578],[13.2568,54.5899],[13.2876,54.6253],[13.2819,54.6469],[13.2265,54.625],[13.2376,54.5963],[13.2299,54.596],[13.2283,54.5875],[13.1605,54.5594],[13.1661,54.5731],[13.1983,54.5835],[13.2196,54.6],[13.2269,54.6129],[13.2197,54.6391],[13.2465,54.6576],[13.2882,54.6733],[13.4285,54.6851],[13.4377,54.6772],[13.4274,54.6598],[13.3897,54.651],[13.3767,54.6352],[13.3894,54.6029],[13.4223,54.5785],[13.4162,54.5772],[13.4622,54.5701],[13.6408,54.5838],[13.6798,54.5623],[13.6813,54.5429],[13.6685,54.5208],[13.6067,54.4974],[13.5977,54.4764],[13.5891,54.4859],[13.5785,54.4801],[13.5698,54.4704],[13.571,54.4553],[13.609,54.406],[13.6251,54.3987],[13.6743,54.3994],[13.7277,54.3548],[13.7665,54.3412],[13.7396,54.3352],[13.719,54.3117],[13.7153,54.2926],[13.7239,54.2738],[13.7084,54.2691],[13.6847,54.2837],[13.7094,54.28],[13.7003,54.2962],[13.6618,54.2881],[13.6467,54.297],[13.7001,54.3165],[13.7036,54.3265],[13.6722,54.3304],[13.6107,54.3165],[13.6759,54.3376],[13.6849,54.3507],[13.6536,54.3471],[13.6505,54.3558],[13.6517,54.3497],[13.6355,54.3437],[13.6396,54.3398],[13.6148,54.3307],[13.5911,54.3511],[13.5743,54.3527],[13.5512,54.3397],[13.5071,54.3441],[13.4645,54.3291],[13.4542,54.336],[13.4525,54.326],[13.466,54.3262],[13.461,54.3167],[13.4174,54.3011],[13.3869,54.2667]],[[13.5532,54.4464],[13.524,54.4487],[13.5464,54.4563],[13.547,54.4754],[13.5283,54.4838],[13.4821,54.4727],[13.4709,54.4579],[13.4723,54.452],[13.5056,54.4518],[13.4998,54.4447],[13.5139,54.4431],[13.5039,54.4349],[13.4843,54.4349],[13.4982,54.4464],[13.4767,54.4377],[13.4827,54.4383],[13.4746,54.4263],[13.4947,54.4207],[13.5044,54.4257],[13.5104,54.4185],[13.5416,54.4194],[13.5423,54.4279],[13.52,54.4339],[13.5572,54.4384],[13.5532,54.4464]]],[[[13.1822,54.4938],[13.2252,54.4866],[13.2179,54.4832],[13.225,54.4815],[13.2256,54.4705],[13.214,54.4669],[13.2272,54.4697],[13.222,54.4643],[13.1889,54.466],[13.185,54.4574],[13.1665,54.4558],[13.1618,54.4493],[13.121,54.4444],[13.1587,54.4884],[13.1822,54.4938]]],[[[13.1326,54.6057],[13.147,54.6035],[13.156,54.5757],[13.15,54.5749],[13.1461,54.5957],[13.1448,54.5736],[13.1345,54.5886],[13.1413,54.599],[13.1256,54.5834],[13.1108,54.5848],[13.119,54.5741],[13.107,54.5687],[13.1161,54.5572],[13.1139,54.5408],[13.1171,54.5377],[13.0926,54.5273],[13.0926,54.5172],[13.0843,54.5189],[13.0883,54.5148],[13.0728,54.4999],[13.0766,54.4791],[13.065,54.4568],[13.0598,54.4746],[13.0987,54.5604],[13.0978,54.5904],[13.1326,54.6057]]]]}},{"type":"Feature","properties":{"plz":"19","c":[11.5143,53.417]},"geometry":{"type":"Polygon","coordinates":[[[11.2147,53.1445],[11.1889,53.1348],[11.1718,53.1567],[11.1424,53.1685],[11.1032,53.1424],[11.0847,53.1402],[10.9176,53.2271],[10.8511,53.2542],[10.8211,53.2584],[10.8113,53.278],[10.7961,53.2874],[10.7359,53.3003],[10.7305,53.3117],[10.7407,53.3259],[10.7257,53.3588],[10.7014,53.3699],[10.6199,53.3709],[10.5951,53.3639],[10.5991,53.3777],[10.6168,53.3844],[10.618,53.4251],[10.6322,53.455],[10.6518,53.4613],[10.693,53.4549],[10.702,53.4783],[10.7559,53.4833],[10.7775,53.495],[10.7867,53.5104],[10.824,53.5138],[10.8134,53.521],[10.8322,53.5423],[10.8225,53.5731],[10.8391,53.5757],[10.8623,53.5645],[10.9112,53.572],[10.9242,53.585],[10.9178,53.5993],[10.9296,53.6286],[10.9523,53.6469],[10.9547,53.6587],[10.9388,53.6658],[10.9421,53.6845],[10.9195,53.6888],[10.9261,53.6922],[10.9225,53.6994],[10.8871,53.7058],[10.8515,53.7001],[10.8525,53.7058],[10.8117,53.7197],[10.8043,53.74],[10.7583,53.7476],[10.7566,53.7589],[10.7708,53.7757],[10.7722,53.7895],[10.801,53.7794],[10.8082,53.7923],[10.8592,53.7846],[10.8758,53.7926],[10.8975,53.784],[10.9581,53.7915],[10.9899,53.8122],[11.0115,53.805],[11.0342,53.8134],[11.0333,53.8235],[11.0651,53.8396],[11.0752,53.8341],[11.0674,53.81],[11.0754,53.7998],[11.1093,53.8085],[11.1268,53.8042],[11.1375,53.7947],[11.1305,53.7849],[11.148,53.7829],[11.182,53.7947],[11.1861,53.7824],[11.2133,53.7701],[11.228,53.7779],[11.2478,53.7638],[11.2578,53.7668],[11.2648,53.757],[11.2812,53.7614],[11.2926,53.7508],[11.2899,53.7644],[11.335,53.7607],[11.3511,53.7711],[11.3656,53.7638],[11.372,53.7752],[11.4016,53.7752],[11.4053,53.7685],[11.4257,53.7708],[11.4216,53.7665],[11.433,53.7523],[11.4677,53.7639],[11.4734,53.7579],[11.4568,53.7435],[11.4742,53.7566],[11.493,53.754],[11.4887,53.7662],[11.4968,53.7716],[11.5125,53.7697],[11.5265,53.7782],[11.5263,53.7686],[11.5368,53.7775],[11.5427,53.7921],[11.5321,53.8096],[11.5376,53.8169],[11.574,53.799],[11.6034,53.8208],[11.5952,53.8336],[11.6153,53.8434],[11.618,53.8349],[11.6317,53.8329],[11.647,53.8425],[11.6602,53.8338],[11.6701,53.8128],[11.6783,53.813],[11.6874,53.8288],[11.7019,53.8133],[11.7062,53.8347],[11.7311,53.8381],[11.7566,53.8525],[11.7672,53.8455],[11.7607,53.8334],[11.7707,53.8304],[11.7573,53.8241],[11.8014,53.8182],[11.7985,53.8098],[11.8106,53.7952],[11.7917,53.7784],[11.7971,53.7709],[11.8414,53.764],[11.8382,53.7513],[11.9048,53.7322],[11.935,53.7428],[11.9587,53.7382],[11.9783,53.7437],[11.9965,53.736],[11.9758,53.7244],[12.0003,53.7277],[12.0077,53.7141],[12.0353,53.7139],[12.0264,53.6921],[12.0441,53.6745],[12.0493,53.6771],[12.0504,53.6658],[12.0699,53.6615],[12.0943,53.6427],[12.1201,53.6477],[12.1494,53.6357],[12.1987,53.6426],[12.2022,53.6231],[12.2143,53.6109],[12.2091,53.6032],[12.2494,53.5907],[12.2529,53.5825],[12.2834,53.5817],[12.2899,53.5706],[12.3058,53.5677],[12.2893,53.5176],[12.3012,53.4986],[12.319,53.4931],[12.3307,53.478],[12.3665,53.4794],[12.3506,53.4747],[12.3433,53.4606],[12.3085,53.4481],[12.3095,53.4313],[12.3004,53.4258],[12.3122,53.4148],[12.3032,53.4141],[12.3026,53.4064],[12.3161,53.3907],[12.3087,53.3943],[12.275,53.3788],[12.3119,53.3659],[12.29,53.3546],[12.3185,53.357],[12.3267,53.344],[12.3386,53.3414],[12.3451,53.3339],[12.3315,53.3179],[12.3104,53.3272],[12.2572,53.3249],[12.2363,53.3417],[12.2298,53.3581],[12.1893,53.3533],[12.1868,53.3435],[12.1687,53.3392],[12.1518,53.3615],[12.1394,53.3608],[12.1347,53.3486],[12.1084,53.35],[12.1068,53.3435],[12.0819,53.3462],[12.0775,53.3693],[12.045,53.3708],[12.0558,53.3492],[12.014,53.3342],[12.0221,53.3214],[12.0186,53.2994],[11.9737,53.2975],[11.9482,53.2714],[11.8977,53.2786],[11.9182,53.2735],[11.9136,53.2615],[11.9701,53.2363],[11.9704,53.2276],[11.9566,53.2199],[11.9993,53.2004],[11.9685,53.1872],[11.9444,53.1901],[11.9426,53.179],[11.9304,53.1771],[11.9008,53.1879],[11.8943,53.1709],[11.8658,53.1582],[11.8522,53.1553],[11.8487,53.161],[11.8544,53.1439],[11.8757,53.1324],[11.8912,53.1322],[11.8944,53.1417],[11.9432,53.1312],[11.9278,53.114],[11.943,53.1107],[11.9387,53.093],[11.9723,53.0751],[12.0471,53.0817],[12.0566,53.0753],[12.0492,53.0659],[12.0544,53.0512],[12.1144,53.0443],[12.1143,53.0175],[12.06,53.0248],[12.054,53.0117],[12.0906,53.0014],[12.0843,52.9941],[12.0866,52.9697],[12.1133,52.9614],[12.1174,52.9449],[12.1725,52.9513],[12.1789,52.9486],[12.1768,52.9312],[12.2055,52.9296],[12.2102,52.9208],[12.1895,52.9021],[12.1313,52.8895],[12.1253,52.8944],[12.1128,52.8758],[12.0822,52.877],[12.0764,52.8864],[12.0559,52.889],[11.9967,52.8863],[12.0067,52.8849],[11.9799,52.8761],[11.8937,52.8946],[11.8704,52.9093],[11.8409,52.9091],[11.8237,52.9226],[11.8467,52.94],[11.8462,52.9513],[11.7881,52.9602],[11.7615,52.9824],[11.7407,52.9883],[11.6921,52.9792],[11.6763,53.0082],[11.6425,53.0054],[11.627,53.012],[11.6258,53.0196],[11.642,53.0347],[11.6274,53.0417],[11.5847,53.0355],[11.5481,53.0524],[11.5054,53.0488],[11.4463,53.0785],[11.3384,53.0553],[11.2711,53.0989],[11.2662,53.122],[11.2394,53.1399],[11.2147,53.1445]]]}},{"type":"Feature","properties":{"plz":"20","c":[10.0026,53.5469]},"geometry":{"type":"Polygon","coordinates":[[[9.9527,53.546],[9.9635,53.5592],[9.9375,53.5785],[9.9472,53.5805],[9.972,53.5717],[9.9579,53.581],[9.9754,53.598],[9.9914,53.6007],[10.0082,53.5652],[10.0264,53.5564],[10.0622,53.5661],[10.0738,53.5367],[10.0587,53.5277],[10.073,53.5122],[10.0618,53.5093],[10.0673,53.5002],[10.0594,53.5096],[10.036,53.5109],[10.0239,53.5198],[9.9891,53.5191],[9.977,53.5264],[9.9673,53.5157],[9.9393,53.5214],[9.9299,53.5419],[9.9804,53.5406],[9.9527,53.546]]]}},{"type":"Feature","properties":{"plz":"21","c":[9.8817,53.4439]},"geometry":{"type":"Polygon","coordinates":[[[9.4761,53.3504],[9.4463,53.3455],[9.4046,53.3618],[9.3571,53.3897],[9.3758,53.4063],[9.3413,53.4106],[9.3433,53.4507],[9.4036,53.4658],[9.404,53.4779],[9.4119,53.4808],[9.3717,53.484],[9.3496,53.5112],[9.3608,53.532],[9.3184,53.5358],[9.283,53.5232],[9.2603,53.5341],[9.2609,53.5418],[9.2737,53.5453],[9.253,53.547],[9.2467,53.5396],[9.2112,53.5408],[9.2039,53.5322],[9.1851,53.5316],[9.1591,53.5554],[9.1548,53.5843],[9.1392,53.5936],[9.1216,53.5705],[9.1225,53.5599],[9.1089,53.553],[9.0695,53.5728],[9.0257,53.5548],[8.9913,53.5579],[8.9948,53.5695],[8.9816,53.5682],[8.9567,53.611],[8.9735,53.6222],[8.9689,53.6269],[8.9488,53.6378],[8.9275,53.6365],[8.9039,53.6511],[8.8928,53.6453],[8.8595,53.6516],[8.8267,53.6801],[8.7644,53.6823],[8.7696,53.69],[8.7131,53.7358],[8.7104,53.7603],[8.7534,53.7604],[8.7813,53.7886],[8.8639,53.7728],[8.8411,53.7825],[8.8553,53.8106],[8.8326,53.8165],[8.8309,53.8326],[8.8948,53.8294],[8.8945,53.8238],[8.8964,53.83],[8.9873,53.8405],[9.02,53.8343],[9.0139,53.8394],[9.0987,53.8645],[9.1748,53.8672],[9.2759,53.8573],[9.3266,53.8258],[9.3544,53.7904],[9.3497,53.792],[9.3415,53.7849],[9.3559,53.7879],[9.4018,53.7372],[9.4881,53.681],[9.5389,53.614],[9.5731,53.5928],[9.6403,53.5696],[9.6494,53.5757],[9.7045,53.5591],[9.9299,53.5419],[9.9393,53.5214],[9.9673,53.5157],[9.977,53.5264],[9.9891,53.5191],[10.0239,53.5198],[10.0858,53.4979],[10.0909,53.4897],[10.141,53.5246],[10.1878,53.5115],[10.2104,53.5199],[10.1847,53.535],[10.194,53.538],[10.1942,53.548],[10.182,53.5594],[10.2063,53.554],[10.2927,53.5754],[10.3045,53.5718],[10.3002,53.578],[10.3065,53.58],[10.3159,53.5718],[10.3099,53.5685],[10.3149,53.5541],[10.3695,53.5738],[10.3853,53.5682],[10.403,53.5454],[10.451,53.5547],[10.435,53.5587],[10.4375,53.5754],[10.4839,53.6017],[10.5119,53.6057],[10.5304,53.5957],[10.5533,53.6005],[10.5826,53.5871],[10.5775,53.5814],[10.5876,53.5752],[10.6274,53.5697],[10.63,53.585],[10.6663,53.588],[10.6873,53.5421],[10.7183,53.5461],[10.7249,53.5344],[10.7152,53.5209],[10.6888,53.5191],[10.7331,53.5135],[10.7438,53.5195],[10.7846,53.5078],[10.7775,53.495],[10.7559,53.4833],[10.702,53.4783],[10.693,53.4549],[10.6518,53.4613],[10.6322,53.455],[10.618,53.4251],[10.6168,53.3844],[10.5991,53.3777],[10.5955,53.3653],[10.7014,53.3699],[10.7257,53.3588],[10.7407,53.3259],[10.7305,53.3117],[10.7359,53.3003],[10.7961,53.2874],[10.8113,53.278],[10.8211,53.2584],[10.862,53.2499],[10.8697,53.2382],[10.8656,53.2213],[10.8768,53.2068],[10.8663,53.1989],[10.8932,53.1966],[10.8848,53.1847],[10.9035,53.1795],[10.9003,53.1698],[10.9096,53.1603],[10.9078,53.149],[10.8006,53.1457],[10.772,53.1223],[10.7448,53.1229],[10.7149,53.1451],[10.6988,53.1427],[10.6952,53.15],[10.6324,53.1591],[10.6294,53.1736],[10.6605,53.1771],[10.6588,53.1901],[10.64,53.1828],[10.6043,53.1906],[10.584,53.1711],[10.569,53.1801],[10.5379,53.174],[10.534,53.189],[10.509,53.2037],[10.4931,53.1894],[10.4715,53.1867],[10.4628,53.1748],[10.4367,53.1729],[10.4501,53.1605],[10.3971,53.1502],[10.3882,53.1426],[10.4015,53.1387],[10.3886,53.126],[10.3942,53.1212],[10.3892,53.1135],[10.3292,53.1142],[10.3137,53.0888],[10.2764,53.0959],[10.2807,53.1027],[10.2606,53.0877],[10.2117,53.0762],[10.2118,53.0677],[10.1984,53.0692],[10.1991,53.0787],[10.1763,53.0751],[10.1458,53.0469],[10.0686,53.0434],[10.0413,53.0523],[10.0372,53.0618],[10.0457,53.0694],[10.0602,53.0618],[10.0769,53.0659],[10.0636,53.0728],[10.1184,53.1057],[10.0487,53.1506],[9.9988,53.1591],[10.0008,53.1736],[9.9865,53.1801],[9.9337,53.1734],[9.8513,53.2102],[9.7987,53.1868],[9.7428,53.2034],[9.7272,53.2162],[9.6236,53.2271],[9.6036,53.2399],[9.5898,53.2916],[9.6041,53.2885],[9.6016,53.2998],[9.585,53.3071],[9.5767,53.3299],[9.5532,53.3438],[9.5706,53.355],[9.5733,53.3698],[9.531,53.3731],[9.5121,53.3858],[9.4742,53.3594],[9.4761,53.3504]]]}},{"type":"Feature","properties":{"plz":"22","c":[10.1416,53.6379]},"geometry":{"type":"Polygon","coordinates":[[[9.9544,53.5435],[9.7045,53.5591],[9.6494,53.5757],[9.6576,53.5813],[9.6455,53.588],[9.6626,53.5951],[9.661,53.6068],[9.7574,53.6184],[9.7713,53.6314],[9.7705,53.616],[9.7912,53.6086],[9.8403,53.6156],[9.8658,53.6099],[9.8892,53.6229],[9.8862,53.6252],[9.9057,53.6417],[9.9069,53.6525],[9.9789,53.6466],[9.9455,53.6527],[9.9348,53.6785],[9.9435,53.6873],[9.9453,53.7063],[9.9624,53.7246],[9.9986,53.7231],[9.953,53.725],[9.9785,53.743],[9.9774,53.7577],[10.01,53.7451],[10.0374,53.7536],[10.0426,53.7656],[10.109,53.7698],[10.1081,53.745],[10.1282,53.7459],[10.1404,53.7556],[10.1706,53.7403],[10.2001,53.7567],[10.225,53.7561],[10.2392,53.7676],[10.2369,53.7624],[10.257,53.7519],[10.2529,53.7477],[10.2833,53.7456],[10.3257,53.7659],[10.3469,53.7565],[10.3395,53.7457],[10.325,53.7453],[10.3529,53.7183],[10.3682,53.7195],[10.3712,53.7277],[10.3971,53.738],[10.4003,53.7287],[10.4089,53.7336],[10.4457,53.7239],[10.4388,53.6999],[10.4649,53.6775],[10.4483,53.6705],[10.499,53.6524],[10.505,53.6432],[10.4958,53.6311],[10.5305,53.6116],[10.5238,53.6096],[10.5261,53.6026],[10.4839,53.6017],[10.4558,53.5908],[10.4566,53.582],[10.4375,53.5754],[10.435,53.5587],[10.4411,53.5551],[10.403,53.5454],[10.3853,53.5682],[10.3695,53.5738],[10.3149,53.5541],[10.3099,53.5685],[10.3159,53.5718],[10.3065,53.58],[10.3002,53.578],[10.3045,53.5718],[10.2927,53.5754],[10.2063,53.554],[10.1816,53.5584],[10.1942,53.548],[10.194,53.538],[10.1847,53.535],[10.2104,53.5199],[10.1878,53.5115],[10.14,53.5237],[10.0909,53.4897],[10.0618,53.5093],[10.073,53.5122],[10.0587,53.5277],[10.0738,53.5367],[10.0627,53.5663],[10.0264,53.5564],[10.0082,53.5652],[9.9955,53.584],[9.9929,53.601],[9.9579,53.581],[9.941,53.5817],[9.9405,53.5743],[9.9635,53.5592],[9.9544,53.5435]]]}},{"type":"Feature","properties":{"plz":"23","c":[10.8145,53.9271]},"geometry":{"type":"MultiPolygon","coordinates":[[[[10.4649,53.6775],[10.4388,53.6999],[10.4457,53.7239],[10.4089,53.7336],[10.4003,53.7287],[10.3971,53.738],[10.3712,53.7277],[10.3682,53.7195],[10.3464,53.7221],[10.325,53.7453],[10.3395,53.7457],[10.3469,53.7565],[10.3257,53.7659],[10.2954,53.7459],[10.2529,53.7477],[10.257,53.7519],[10.2369,53.7624],[10.2392,53.7676],[10.225,53.7561],[10.2001,53.7567],[10.1706,53.7403],[10.1404,53.7556],[10.1282,53.7459],[10.1081,53.745],[10.1184,53.7817],[10.1093,53.8288],[10.1201,53.841],[10.1413,53.8443],[10.1485,53.8699],[10.0864,53.8766],[10.1079,53.8837],[10.1064,53.9058],[10.09,53.9081],[10.0838,53.9183],[10.0634,53.9067],[10.0387,53.9235],[10.0412,53.9321],[10.0744,53.9511],[10.0939,53.9489],[10.1401,53.9726],[10.2032,53.9739],[10.2208,53.9884],[10.2147,53.9986],[10.2267,54.0076],[10.2499,54.006],[10.2789,53.9919],[10.292,53.9949],[10.2818,54.0299],[10.2899,54.0305],[10.2818,54.0414],[10.2937,54.0518],[10.2853,54.0593],[10.2929,54.0722],[10.3291,54.0771],[10.3392,54.0712],[10.3497,54.0794],[10.3597,54.077],[10.3581,54.0825],[10.3753,54.0799],[10.3723,54.0719],[10.4192,54.0722],[10.4168,54.0822],[10.443,54.0725],[10.4167,54.0825],[10.4278,54.0928],[10.4224,54.1157],[10.437,54.1263],[10.4333,54.1181],[10.4577,54.1177],[10.4787,54.1044],[10.4817,54.1187],[10.5384,54.1233],[10.5404,54.1327],[10.5155,54.1399],[10.5039,54.1599],[10.4891,54.1589],[10.4951,54.1677],[10.4856,54.1649],[10.483,54.177],[10.5276,54.1872],[10.5407,54.2069],[10.5376,54.2186],[10.5495,54.2184],[10.5403,54.228],[10.6065,54.2347],[10.6131,54.2319],[10.6068,54.224],[10.6233,54.2263],[10.6487,54.2161],[10.6487,54.2233],[10.6776,54.2361],[10.689,54.2232],[10.6999,54.2239],[10.6999,54.2328],[10.7213,54.2472],[10.7159,54.2599],[10.7293,54.2696],[10.7076,54.2817],[10.7178,54.2978],[10.714,54.3051],[10.7901,54.3123],[10.8735,54.3606],[10.9305,54.3818],[11.0201,54.3808],[11.0222,54.3677],[11.0722,54.3761],[11.1096,54.3968],[11.1097,54.389],[11.1187,54.3951],[11.1307,54.3879],[11.1255,54.3735],[11.0723,54.3422],[11.0949,54.1969],[10.9429,54.1332],[10.867,54.0849],[10.8178,54.091],[10.8101,54.1065],[10.8124,54.0972],[10.8,54.099],[10.8078,54.0929],[10.7919,54.0759],[10.7506,54.0452],[10.7576,54.0452],[10.7517,54.0373],[10.7867,53.9976],[10.8606,53.9934],[10.8841,53.9793],[10.8824,53.9657],[10.8893,53.9619],[10.8837,53.9587],[10.9037,53.957],[11.0402,54.0068],[11.1795,54.0149],[11.2132,53.9861],[11.2575,53.9857],[11.2395,53.9543],[11.2672,53.9319],[11.2885,53.9317],[11.3356,53.9592],[11.3649,53.9351],[11.4067,53.9351],[11.4022,53.9229],[11.4348,53.9103],[11.4351,53.9008],[11.4601,53.8953],[11.4569,53.8994],[11.4638,53.8992],[11.4556,53.902],[11.4634,53.9023],[11.4509,53.9033],[11.4456,53.9123],[11.4815,53.9275],[11.4777,53.9694],[11.4992,53.9861],[11.4897,53.994],[11.5344,54.0206],[11.5301,54.0272],[11.5174,54.0259],[11.5296,54.034],[11.5387,54.0254],[11.5615,54.028],[11.5794,54.0188],[11.5804,54.0065],[11.5889,54.0022],[11.5817,53.9931],[11.5869,53.9869],[11.6137,53.986],[11.6131,53.9941],[11.6576,53.9852],[11.6516,53.9732],[11.6777,53.962],[11.6668,53.955],[11.6738,53.9358],[11.6543,53.9309],[11.6866,53.9342],[11.6976,53.9537],[11.7471,53.9592],[11.7411,53.9692],[11.7458,53.974],[11.7645,53.9773],[11.8049,53.9663],[11.795,53.9569],[11.7906,53.9356],[11.8051,53.9185],[11.7882,53.9115],[11.7975,53.9084],[11.7879,53.8949],[11.7983,53.8913],[11.7618,53.8727],[11.7764,53.8589],[11.7062,53.8347],[11.7019,53.8133],[11.6874,53.8288],[11.6783,53.813],[11.6701,53.8128],[11.6602,53.8338],[11.647,53.8425],[11.6317,53.8329],[11.618,53.8349],[11.6153,53.8434],[11.5952,53.8336],[11.6034,53.8208],[11.574,53.799],[11.5376,53.8169],[11.5321,53.8096],[11.5427,53.7921],[11.5368,53.7775],[11.5263,53.7686],[11.5265,53.7782],[11.5125,53.7697],[11.4968,53.7716],[11.4887,53.7662],[11.493,53.754],[11.4742,53.7566],[11.4568,53.7435],[11.4734,53.7579],[11.4677,53.7639],[11.433,53.7523],[11.4216,53.7665],[11.4257,53.7708],[11.4053,53.7685],[11.3861,53.7774],[11.372,53.7752],[11.3656,53.7638],[11.3511,53.7711],[11.335,53.7607],[11.2899,53.7644],[11.2926,53.7508],[11.2812,53.7614],[11.2648,53.757],[11.2578,53.7668],[11.2478,53.7638],[11.228,53.7779],[11.2133,53.7701],[11.1861,53.7824],[11.182,53.7947],[11.148,53.7829],[11.1305,53.7849],[11.1375,53.7947],[11.1268,53.8042],[11.1093,53.8085],[11.0754,53.7998],[11.0674,53.81],[11.0752,53.8341],[11.0651,53.8396],[11.0333,53.8235],[11.0342,53.8134],[11.0115,53.805],[10.9899,53.8122],[10.9581,53.7915],[10.8975,53.784],[10.8758,53.7926],[10.8592,53.7846],[10.8082,53.7923],[10.801,53.7794],[10.7722,53.7895],[10.7708,53.7757],[10.7566,53.7589],[10.7583,53.7476],[10.8043,53.74],[10.8117,53.7197],[10.8525,53.7058],[10.8515,53.7001],[10.8871,53.7058],[10.9225,53.6994],[10.9261,53.6922],[10.9195,53.6888],[10.9421,53.6845],[10.9388,53.6658],[10.9547,53.6587],[10.9523,53.6469],[10.9296,53.6286],[10.9178,53.5993],[10.9242,53.585],[10.9112,53.572],[10.8623,53.5645],[10.8391,53.5757],[10.8206,53.5752],[10.8322,53.5423],[10.8134,53.521],[10.824,53.5138],[10.7846,53.5078],[10.7438,53.5195],[10.6976,53.5149],[10.6888,53.5191],[10.7152,53.5209],[10.7249,53.5344],[10.7183,53.5461],[10.6873,53.5421],[10.6663,53.588],[10.63,53.585],[10.6274,53.5697],[10.5876,53.5752],[10.5775,53.5814],[10.5826,53.5871],[10.5533,53.6005],[10.5209,53.5983],[10.5305,53.6116],[10.4975,53.6308],[10.5039,53.6462],[10.4878,53.6575],[10.4601,53.6606],[10.4679,53.6688],[10.4483,53.6705],[10.4649,53.6775]]],[[[11.4887,53.999],[11.4833,54.0087],[11.4802,53.9818],[11.4561,53.9576],[11.4414,53.9651],[11.446,53.9973],[11.4273,53.9859],[11.4281,53.9618],[11.4339,53.965],[11.4273,53.9607],[11.3934,53.9748],[11.3874,53.9675],[11.4115,53.9669],[11.3877,53.9663],[11.3743,53.9926],[11.4029,54.0083],[11.4727,54.0244],[11.4953,54.0207],[11.4887,53.999]]],[[[11.1633,54.5227],[11.242,54.4937],[11.2519,54.4725],[11.2975,54.4314],[11.3127,54.4025],[11.2443,54.412],[11.1971,54.4067],[11.1947,54.4138],[11.2113,54.4176],[11.1909,54.4222],[11.1658,54.4127],[11.187,54.4087],[11.1776,54.4021],[11.1214,54.402],[11.0949,54.41],[11.1021,54.432],[11.0943,54.4462],[11.0749,54.4452],[11.0635,54.4528],[11.0514,54.443],[11.0221,54.4438],[11.0215,54.4374],[11.0528,54.4266],[11.0094,54.4415],[11.0045,54.4501],[11.0181,54.4956],[11.0651,54.5354],[11.1633,54.5227]]]]}},{"type":"Feature","properties":{"plz":"24","c":[9.8371,54.3615]},"geometry":{"type":"Polygon","coordinates":[[[9.4216,54.2645],[9.4111,54.261],[9.3938,54.2911],[9.3828,54.2859],[9.3769,54.294],[9.3657,54.2929],[9.3624,54.28],[9.331,54.2832],[9.3039,54.2715],[9.2872,54.2755],[9.2837,54.2904],[9.2589,54.3083],[9.2745,54.3084],[9.2774,54.3255],[9.2951,54.342],[9.3128,54.3468],[9.257,54.3801],[9.2797,54.4199],[9.3098,54.4307],[9.3259,54.4467],[9.3269,54.4564],[9.3127,54.4657],[9.3172,54.4755],[9.2862,54.4973],[9.2807,54.515],[9.2996,54.5265],[9.2928,54.5365],[9.3108,54.5597],[9.2504,54.5787],[9.255,54.5983],[9.2675,54.6025],[9.242,54.6078],[9.232,54.624],[9.2069,54.6314],[9.2227,54.6478],[9.1776,54.6697],[9.1673,54.6866],[9.1721,54.6993],[9.1496,54.7011],[9.1435,54.6927],[9.1243,54.6905],[9.0622,54.7007],[9.0804,54.7068],[9.0792,54.7327],[9.071,54.7387],[9.0799,54.7453],[9.0782,54.7561],[9.1106,54.7684],[9.1078,54.7767],[9.1268,54.7881],[9.1116,54.7911],[9.0993,54.815],[9.0773,54.817],[9.1065,54.8304],[9.1176,54.8609],[9.1133,54.8736],[9.1486,54.8721],[9.2403,54.8499],[9.2449,54.8438],[9.2359,54.8311],[9.2501,54.8097],[9.2733,54.8118],[9.2949,54.8017],[9.2935,54.8089],[9.3454,54.8021],[9.3432,54.8071],[9.3739,54.8211],[9.3828,54.8392],[9.4112,54.8422],[9.439,54.808],[9.4283,54.8014],[9.437,54.7883],[9.4386,54.8033],[9.4574,54.8053],[9.453,54.8127],[9.4669,54.8234],[9.4991,54.823],[9.5172,54.8389],[9.5719,54.8571],[9.5938,54.878],[9.6142,54.8758],[9.5895,54.8489],[9.6067,54.8299],[9.6228,54.8318],[9.7731,54.7956],[9.7923,54.7977],[9.8336,54.76],[9.8728,54.752],[9.8944,54.771],[9.9054,54.7632],[9.8998,54.7731],[9.9091,54.8004],[9.9572,54.7798],[9.9769,54.7573],[9.9855,54.7246],[10.035,54.6902],[10.0337,54.6635],[10.0434,54.6596],[10.0336,54.6566],[10.0289,54.5815],[10.0227,54.5815],[10.0289,54.5805],[10.0267,54.5503],[9.9955,54.5195],[9.9623,54.5014],[9.863,54.47],[9.8687,54.4733],[9.8429,54.4768],[9.8327,54.4734],[9.8425,54.4744],[9.8477,54.4563],[9.8665,54.4476],[9.9133,54.4522],[9.9324,54.461],[9.9237,54.4623],[10.1334,54.4853],[10.2047,54.4549],[10.1691,54.4328],[10.1923,54.4052],[10.1915,54.3901],[10.1539,54.369],[10.153,54.3545],[10.1463,54.3498],[10.1574,54.3377],[10.1452,54.3258],[10.1752,54.3387],[10.1742,54.3457],[10.1785,54.3614],[10.196,54.3661],[10.1942,54.3795],[10.2315,54.4165],[10.2764,54.4192],[10.3028,54.4334],[10.3313,54.4375],[10.395,54.4266],[10.4843,54.3912],[10.6404,54.3522],[10.6829,54.3172],[10.6542,54.3152],[10.6786,54.3169],[10.714,54.3051],[10.7178,54.2978],[10.7076,54.2817],[10.7293,54.2696],[10.7159,54.2599],[10.7213,54.2472],[10.6999,54.2328],[10.6999,54.2239],[10.689,54.2232],[10.6776,54.2361],[10.6487,54.2233],[10.6487,54.2161],[10.6233,54.2263],[10.6068,54.224],[10.6131,54.2319],[10.6065,54.2347],[10.5403,54.228],[10.5495,54.2184],[10.5376,54.2186],[10.5407,54.2069],[10.5276,54.1872],[10.483,54.177],[10.4856,54.1649],[10.4951,54.1677],[10.4891,54.1589],[10.5039,54.1599],[10.5155,54.1399],[10.5404,54.1327],[10.5317,54.1183],[10.5026,54.1239],[10.4817,54.1187],[10.4787,54.1044],[10.4577,54.1177],[10.4333,54.1181],[10.437,54.1263],[10.4224,54.1157],[10.4278,54.0928],[10.4167,54.0825],[10.4192,54.0722],[10.3723,54.0719],[10.3753,54.0799],[10.3581,54.0825],[10.3597,54.077],[10.3497,54.0794],[10.3392,54.0712],[10.3003,54.076],[10.3044,54.0838],[10.2853,54.0593],[10.2937,54.0518],[10.2818,54.0414],[10.2899,54.0305],[10.2818,54.0299],[10.292,53.9949],[10.2789,53.9919],[10.2499,54.006],[10.2267,54.0076],[10.2147,53.9986],[10.2208,53.9884],[10.2032,53.9739],[10.1401,53.9726],[10.0939,53.9489],[10.0744,53.9511],[10.0412,53.9321],[10.0387,53.9235],[10.0634,53.9067],[10.0838,53.9183],[10.09,53.9081],[10.1064,53.9058],[10.1079,53.8837],[10.0864,53.8766],[10.1485,53.8699],[10.1413,53.8443],[10.1201,53.841],[10.1093,53.8288],[10.116,53.8201],[10.1181,53.7705],[10.0426,53.7656],[10.0374,53.7536],[10.01,53.7451],[9.9711,53.7698],[9.9538,53.7656],[9.9462,53.7757],[9.9707,53.7855],[9.9573,53.7963],[9.9269,53.8021],[9.9218,53.8167],[9.8803,53.8124],[9.8509,53.8303],[9.8421,53.8255],[9.8449,53.8171],[9.821,53.8259],[9.8298,53.8382],[9.8213,53.8408],[9.8243,53.8458],[9.7632,53.8729],[9.7516,53.8928],[9.7655,53.9036],[9.7594,53.9161],[9.7638,53.9097],[9.8228,53.9167],[9.8354,53.9342],[9.8066,53.9398],[9.8142,53.9443],[9.8121,53.9573],[9.7872,53.9639],[9.7768,53.9806],[9.7596,53.9844],[9.7788,53.9875],[9.7768,53.9927],[9.7909,53.9998],[9.7881,54.0065],[9.7778,54.0091],[9.7608,54.032],[9.7435,54.0347],[9.7408,54.0488],[9.7185,54.0425],[9.6825,54.0505],[9.6808,54.0634],[9.6559,54.047],[9.605,54.0487],[9.6014,54.0629],[9.6078,54.0675],[9.5919,54.0692],[9.5807,54.0826],[9.6201,54.1126],[9.5905,54.129],[9.5723,54.1183],[9.539,54.1217],[9.5362,54.1306],[9.5439,54.1301],[9.5364,54.135],[9.5455,54.1476],[9.5201,54.1591],[9.513,54.1833],[9.519,54.1835],[9.4997,54.1864],[9.4613,54.1778],[9.4595,54.1938],[9.4289,54.21],[9.443,54.2232],[9.4348,54.2259],[9.4331,54.2365],[9.4436,54.2395],[9.433,54.2565],[9.4817,54.2543],[9.4232,54.2591],[9.4216,54.2645]]]}},{"type":"Feature","properties":{"plz":"25","c":[9.2091,54.2231]},"geometry":{"type":"MultiPolygon","coordinates":[[[[8.8986,53.9522],[8.8907,53.9778],[8.8372,54.0305],[8.8597,54.0411],[8.9125,54.0276],[8.9608,54.0343],[8.9764,54.0403],[8.9848,54.0631],[8.9585,54.0638],[8.9798,54.0691],[8.9418,54.0907],[8.9504,54.0923],[8.9438,54.0926],[8.9489,54.0939],[8.9252,54.1323],[8.8928,54.1328],[8.8604,54.1189],[8.8268,54.1439],[8.8076,54.1749],[8.8168,54.2023],[8.8401,54.2206],[8.8405,54.2807],[8.8223,54.2916],[8.7811,54.2806],[8.7687,54.2891],[8.7063,54.293],[8.6969,54.2789],[8.6739,54.2716],[8.688,54.2685],[8.6582,54.2706],[8.6637,54.2645],[8.6311,54.2817],[8.6047,54.3076],[8.5988,54.3055],[8.6254,54.2769],[8.5906,54.2902],[8.5826,54.2998],[8.5862,54.3288],[8.6058,54.3591],[8.618,54.3547],[8.6114,54.349],[8.6194,54.3447],[8.606,54.3412],[8.6344,54.3381],[8.6436,54.3384],[8.6894,54.3578],[8.6757,54.3654],[8.689,54.3717],[8.6391,54.3686],[8.6345,54.3786],[8.6452,54.3913],[8.6733,54.4005],[8.7416,54.399],[8.8016,54.4086],[8.8725,54.4056],[8.907,54.4173],[8.9634,54.4582],[8.9967,54.4642],[9.0039,54.4805],[9.0165,54.4851],[8.9918,54.5199],[8.9627,54.5412],[8.9384,54.5468],[8.9353,54.5614],[8.8737,54.5555],[8.8707,54.5645],[8.8939,54.5977],[8.8853,54.6105],[8.8482,54.6252],[8.833,54.6467],[8.7515,54.6811],[8.7523,54.6991],[8.7408,54.7161],[8.7199,54.7255],[8.6928,54.7256],[8.715,54.7374],[8.697,54.7607],[8.7011,54.774],[8.6816,54.7932],[8.6595,54.7956],[8.6459,54.8188],[8.609,54.8409],[8.6136,54.8788],[8.6064,54.8855],[8.5096,54.8815],[8.4176,54.8465],[8.3797,54.8567],[8.3645,54.8747],[8.3393,54.879],[8.3339,54.8635],[8.3113,54.8592],[8.3004,54.848],[8.2939,54.7819],[8.3035,54.782],[8.2949,54.7544],[8.2989,54.7409],[8.2774,54.7521],[8.2902,54.8935],[8.3211,54.9497],[8.3969,55.0538],[8.4174,55.0587],[8.4637,55.0474],[8.3968,55.0456],[8.4014,55.0353],[8.4366,55.0394],[8.4272,55.0304],[8.4419,55.0167],[8.3948,55.0031],[8.3707,54.9887],[8.3547,54.9677],[8.3629,54.9576],[8.3648,54.9124],[8.3742,54.8981],[8.4199,54.8805],[8.489,54.8783],[8.5109,54.8843],[8.6019,54.8879],[8.6287,54.8927],[8.6368,54.8986],[8.6365,54.9115],[8.681,54.9104],[8.735,54.893],[8.777,54.8926],[8.7988,54.9047],[8.824,54.9068],[8.8598,54.8968],[8.8921,54.9049],[8.9479,54.9025],[9.0481,54.872],[9.1133,54.8736],[9.1176,54.8609],[9.1065,54.8304],[9.0737,54.8149],[9.0993,54.815],[9.12,54.7881],[9.1078,54.7767],[9.1106,54.7684],[9.0782,54.7561],[9.0799,54.7453],[9.071,54.7387],[9.0792,54.7327],[9.0804,54.7068],[9.043,54.6941],[9.0673,54.6988],[9.1243,54.6905],[9.1435,54.6927],[9.1496,54.7011],[9.1721,54.6993],[9.1673,54.6866],[9.1776,54.6697],[9.2227,54.6478],[9.2069,54.6314],[9.2217,54.6287],[9.242,54.6078],[9.2675,54.6025],[9.255,54.5983],[9.2504,54.5787],[9.3108,54.5597],[9.2928,54.5365],[9.2826,54.5415],[9.2996,54.5265],[9.2807,54.515],[9.2862,54.4973],[9.3172,54.4755],[9.3127,54.4657],[9.3269,54.4564],[9.3259,54.4467],[9.3098,54.4307],[9.2797,54.4199],[9.257,54.3801],[9.3128,54.3468],[9.2951,54.342],[9.2774,54.3255],[9.2745,54.3084],[9.2589,54.3083],[9.2735,54.3017],[9.2675,54.2961],[9.2837,54.2904],[9.2872,54.2755],[9.3039,54.2715],[9.331,54.2832],[9.3624,54.28],[9.3657,54.2929],[9.3938,54.2889],[9.4037,54.281],[9.4036,54.2664],[9.4216,54.2645],[9.443,54.2463],[9.4436,54.2395],[9.4133,54.2327],[9.4331,54.2365],[9.443,54.2232],[9.4303,54.2069],[9.4595,54.1938],[9.4613,54.1778],[9.513,54.1833],[9.5201,54.1591],[9.5455,54.1476],[9.5364,54.135],[9.5439,54.1301],[9.5362,54.1306],[9.539,54.1217],[9.5723,54.1183],[9.5905,54.129],[9.6174,54.1136],[9.5807,54.0826],[9.5919,54.0692],[9.6078,54.0675],[9.6014,54.0629],[9.605,54.0487],[9.6559,54.047],[9.6808,54.0634],[9.6825,54.0505],[9.7185,54.0425],[9.7408,54.0488],[9.7435,54.0347],[9.7608,54.032],[9.79,54.004],[9.7788,53.9875],[9.7603,53.9837],[9.7768,53.9806],[9.7872,53.9639],[9.8121,53.9573],[9.8142,53.9443],[9.8066,53.9398],[9.8354,53.9342],[9.8228,53.9167],[9.7638,53.9097],[9.7594,53.9161],[9.7655,53.9036],[9.7516,53.8928],[9.7632,53.8729],[9.8243,53.8458],[9.8213,53.8408],[9.8298,53.8382],[9.821,53.8259],[9.8449,53.8171],[9.8421,53.8255],[9.8509,53.8303],[9.8803,53.8124],[9.9218,53.8167],[9.9269,53.8021],[9.9573,53.7963],[9.9707,53.7855],[9.9462,53.7757],[9.9487,53.7698],[9.9711,53.7698],[9.9833,53.7595],[9.9657,53.7287],[9.9551,53.7324],[9.953,53.725],[9.9605,53.7223],[9.9453,53.7063],[9.9435,53.6873],[9.9348,53.6785],[9.9455,53.6527],[9.9069,53.6525],[9.8964,53.6312],[9.885,53.6219],[9.8692,53.6133],[9.8682,53.6093],[9.8403,53.6156],[9.7912,53.6086],[9.7705,53.616],[9.7713,53.631],[9.7579,53.6183],[9.661,53.6068],[9.6555,53.6179],[9.6626,53.5951],[9.6455,53.588],[9.5557,53.6208],[9.5744,53.6321],[9.5511,53.6517],[9.5541,53.6683],[9.5236,53.713],[9.4569,53.7324],[9.4284,53.7529],[9.4108,53.7908],[9.4017,53.7936],[9.3948,53.8172],[9.4024,53.8254],[9.3888,53.8232],[9.2955,53.8715],[9.2289,53.887],[9.1986,53.8897],[9.1998,53.8801],[9.0225,53.8795],[9.0185,53.9002],[8.9776,53.8915],[8.9178,53.9292],[8.8986,53.9522]]],[[[8.9596,54.5174],[8.9463,54.5129],[8.9494,54.5006],[8.9318,54.4917],[8.9241,54.4771],[8.8929,54.4599],[8.842,54.4608],[8.8068,54.471],[8.8194,54.4865],[8.8062,54.496],[8.8135,54.5034],[8.8559,54.5172],[8.8782,54.543],[8.9316,54.541],[8.9596,54.5174]]],[[[8.7083,54.5535],[8.6964,54.524],[8.685,54.5211],[8.694,54.5191],[8.6878,54.51],[8.7001,54.5013],[8.6875,54.5095],[8.669,54.4944],[8.6229,54.4896],[8.5933,54.5081],[8.5876,54.5265],[8.6864,54.5574],[8.7083,54.5535]]],[[[8.5728,54.5599],[8.5489,54.5571],[8.5089,54.5768],[8.5561,54.5788],[8.5728,54.5599]]],[[[8.647,54.6393],[8.5848,54.6341],[8.5477,54.6177],[8.5288,54.6274],[8.5401,54.6363],[8.6043,54.6422],[8.6651,54.6613],[8.6605,54.6466],[8.647,54.6393]]],[[[8.3383,54.6847],[8.3506,54.6761],[8.3609,54.6495],[8.3831,54.6391],[8.3815,54.6305],[8.4003,54.6288],[8.3885,54.6242],[8.4027,54.625],[8.3982,54.615],[8.3671,54.6102],[8.3055,54.654],[8.2957,54.6694],[8.3167,54.69],[8.3619,54.7116],[8.3429,54.6996],[8.3383,54.6847]]],[[[8.6814,54.6754],[8.7098,54.6847],[8.7112,54.6916],[8.7213,54.686],[8.7086,54.6726],[8.6814,54.6754]]],[[[8.5968,54.7187],[8.5803,54.7086],[8.5679,54.681],[8.5583,54.6792],[8.4795,54.6809],[8.4028,54.7004],[8.3949,54.7105],[8.4084,54.7339],[8.4275,54.7459],[8.5219,54.7554],[8.5831,54.7447],[8.5816,54.7281],[8.5968,54.7187]]],[[[9.535,53.6472],[9.5422,53.6652],[9.5469,53.6453],[9.5647,53.6327],[9.5581,53.6259],[9.535,53.6472]]],[[[9.4935,53.7121],[9.5191,53.7003],[9.5302,53.6738],[9.5264,53.6635],[9.4935,53.7121]]]]}},{"type":"Feature","properties":{"plz":"26","c":[7.7616,53.3018]},"geometry":{"type":"MultiPolygon","coordinates":[[[[7.1992,53.0814],[7.2027,53.1129],[7.1829,53.1218],[7.1789,53.1384],[7.2037,53.1766],[7.2275,53.1803],[7.208,53.1885],[7.2176,53.1978],[7.2089,53.2431],[7.2357,53.2741],[7.2286,53.2943],[7.2426,53.3027],[7.2498,53.3303],[7.028,53.3368],[6.9997,53.3597],[7.0169,53.3865],[7.0108,53.4002],[7.0258,53.4848],[7.0485,53.509],[7.0333,53.5297],[7.0341,53.5456],[7.0662,53.5169],[7.0774,53.5193],[7.0767,53.5328],[7.0909,53.5139],[7.1148,53.5097],[7.1515,53.5339],[7.0952,53.5645],[7.087,53.5713],[7.0903,53.5796],[7.1472,53.6121],[7.1566,53.629],[7.1666,53.6264],[7.2439,53.669],[7.3592,53.6864],[7.3621,53.6931],[7.3634,53.6822],[7.4871,53.683],[7.5201,53.672],[7.7054,53.704],[7.7352,53.6984],[7.7895,53.7096],[7.9346,53.7154],[8.0152,53.7088],[8.0321,53.6997],[8.0215,53.6825],[8.0424,53.6414],[8.0868,53.6438],[8.1235,53.5984],[8.1496,53.6019],[8.1557,53.5858],[8.1408,53.5802],[8.1711,53.5405],[8.1647,53.5206],[8.1549,53.5151],[8.0894,53.5021],[8.0515,53.5099],[8.0595,53.5078],[8.0672,53.4723],[8.0994,53.4444],[8.1486,53.4517],[8.1974,53.41],[8.2341,53.3996],[8.2517,53.3998],[8.2818,53.4152],[8.2976,53.4306],[8.2979,53.4445],[8.3121,53.4543],[8.3146,53.516],[8.3031,53.5247],[8.2256,53.5205],[8.2403,53.5782],[8.2709,53.6093],[8.3236,53.6179],[8.3453,53.6101],[8.3845,53.5747],[8.4743,53.5528],[8.5041,53.5499],[8.518,53.5583],[8.517,53.5485],[8.5501,53.5381],[8.5556,53.5264],[8.5042,53.5015],[8.4842,53.4676],[8.4775,53.468],[8.4839,53.4664],[8.4808,53.4539],[8.4631,53.4495],[8.4926,53.4539],[8.5004,53.3628],[8.4842,53.3722],[8.5013,53.3526],[8.4892,53.3253],[8.4927,53.2985],[8.4807,53.2463],[8.4874,53.2198],[8.4657,53.2273],[8.4474,53.2134],[8.4508,53.2015],[8.4146,53.181],[8.3712,53.1651],[8.2938,53.1527],[8.3068,53.1502],[8.2879,53.1304],[8.282,53.1051],[8.2906,53.0969],[8.3396,53.0666],[8.4337,53.0557],[8.4252,53.0342],[8.4303,53.0233],[8.4087,53.0057],[8.3161,52.9922],[8.3155,52.9833],[8.3279,52.9837],[8.3366,52.9733],[8.3272,52.9624],[8.3405,52.941],[8.3308,52.9225],[8.3186,52.9244],[8.3066,52.9117],[8.3233,52.9114],[8.3204,52.9006],[8.3323,52.8844],[8.3183,52.8779],[8.2325,52.8695],[8.1574,52.9047],[8.1572,52.9247],[8.1214,52.9286],[8.1243,52.9531],[8.1144,52.9671],[8.1245,52.999],[8.1021,53.0181],[7.9892,52.9823],[7.9605,52.9642],[7.9612,52.9436],[7.9345,52.9276],[7.9253,52.9366],[7.9245,52.928],[7.9149,52.9298],[7.9138,52.924],[7.821,52.9058],[7.8324,52.9197],[7.8254,52.9262],[7.752,52.9428],[7.7337,52.9251],[7.7409,52.9184],[7.7237,52.8979],[7.661,52.8822],[7.6438,52.8876],[7.6662,52.9054],[7.6203,52.8986],[7.5896,52.9054],[7.5759,52.9189],[7.5695,52.9002],[7.5463,52.887],[7.4901,52.8989],[7.4343,52.9296],[7.4415,52.9065],[7.4161,52.8864],[7.3991,52.8995],[7.4044,52.914],[7.3486,52.9178],[7.3399,52.9089],[7.323,52.9155],[7.3129,52.911],[7.301,52.9148],[7.302,52.9232],[7.2407,52.9122],[7.2071,52.9176],[7.1531,52.913],[7.1824,52.9434],[7.2174,53.0071],[7.1992,53.0814]]],[[[6.7165,53.5823],[6.758,53.5618],[6.7408,53.557],[6.7427,53.5661],[6.7332,53.5701],[6.704,53.5622],[6.6642,53.5784],[6.6543,53.5927],[6.6605,53.6012],[6.7547,53.6201],[6.8135,53.6015],[6.7539,53.5951],[6.7165,53.5823]]],[[[6.9005,53.6287],[6.8916,53.6242],[6.872,53.6315],[6.8638,53.6425],[6.9003,53.6543],[6.9093,53.6503],[6.8941,53.6438],[6.9005,53.6287]]],[[[7.0712,53.6818],[6.9959,53.6704],[6.9853,53.6756],[6.9588,53.666],[6.865,53.6644],[6.872,53.6776],[7.0694,53.6886],[7.105,53.6836],[7.0998,53.6783],[7.0712,53.6818]]],[[[7.2682,53.7035],[7.2065,53.7054],[7.1943,53.6991],[7.1688,53.7072],[7.1647,53.6978],[7.1528,53.6969],[7.1371,53.7069],[7.1891,53.723],[7.3481,53.7248],[7.347,53.7164],[7.2682,53.7035]]],[[[7.4319,53.7266],[7.4406,53.7152],[7.3643,53.7203],[7.359,53.7262],[7.3926,53.7374],[7.438,53.7311],[7.4319,53.7266]]],[[[7.6312,53.7487],[7.5117,53.7432],[7.5017,53.7355],[7.5055,53.7242],[7.5025,53.7307],[7.4946,53.7263],[7.5005,53.723],[7.4752,53.7202],[7.4653,53.7235],[7.462,53.7356],[7.4739,53.7515],[7.4928,53.7566],[7.5935,53.759],[7.6312,53.7487]]],[[[7.8167,53.7722],[7.7562,53.76],[7.696,53.7657],[7.6826,53.7497],[7.666,53.7594],[7.6796,53.7745],[7.704,53.7815],[7.7817,53.7804],[7.8167,53.7722]]],[[[7.9291,53.781],[7.8764,53.7893],[7.8667,53.7738],[7.8459,53.787],[7.8967,53.7942],[7.9341,53.7878],[7.9697,53.7765],[7.9332,53.7858],[7.9291,53.781]]]]}},{"type":"Feature","properties":{"plz":"27","c":[8.959,53.1681]},"geometry":{"type":"MultiPolygon","coordinates":[[[[8.625,52.7389],[8.5896,52.7448],[8.5726,52.7594],[8.5544,52.7568],[8.5447,52.7705],[8.5206,52.7788],[8.5006,52.7756],[8.5022,52.7604],[8.4684,52.7539],[8.4578,52.7627],[8.4638,52.7737],[8.4499,52.7863],[8.4698,52.8041],[8.4732,52.8228],[8.3964,52.8255],[8.3929,52.8313],[8.407,52.8405],[8.4064,52.8485],[8.3558,52.8526],[8.3204,52.9006],[8.3233,52.9114],[8.3066,52.9117],[8.3186,52.9244],[8.3308,52.9225],[8.3405,52.941],[8.3272,52.9624],[8.3366,52.9733],[8.3279,52.9837],[8.3155,52.9833],[8.3161,52.9922],[8.4087,53.0057],[8.4303,53.0233],[8.4252,53.0342],[8.4337,53.0557],[8.4572,53.0567],[8.3396,53.0666],[8.2796,53.1073],[8.2995,53.1453],[8.3239,53.1624],[8.3712,53.1651],[8.4146,53.181],[8.4508,53.2015],[8.4474,53.2134],[8.4657,53.2273],[8.5339,53.1869],[8.6207,53.1662],[8.6306,53.1385],[8.6573,53.1176],[8.6542,53.1089],[8.6705,53.1025],[8.6677,53.0905],[8.7008,53.0829],[8.7099,53.0721],[8.7116,53.0442],[8.6833,53.0355],[8.6789,53.0183],[8.6643,53.0198],[8.643,52.9773],[8.6543,52.963],[8.6575,52.9691],[8.6883,52.9668],[8.6844,52.9579],[8.6931,52.9608],[8.6911,52.9477],[8.7343,52.9394],[8.7325,52.9215],[8.7431,52.9306],[8.7505,52.9145],[8.7766,52.9116],[8.781,52.894],[8.7994,52.8857],[8.7942,52.8831],[8.8004,52.8714],[8.8075,52.873],[8.8063,52.8509],[8.8445,52.8578],[8.8614,52.8354],[8.8871,52.8422],[8.8776,52.8557],[8.9365,52.8733],[8.9521,52.8889],[8.905,52.9625],[8.9088,52.9826],[8.9326,52.9908],[8.9319,52.9985],[8.9191,53.003],[8.9275,53.0095],[8.9499,52.9972],[8.9865,53.0093],[8.9901,52.9911],[9.0763,52.996],[9.0758,52.9851],[9.1025,52.9811],[9.1108,52.9916],[9.1027,52.9931],[9.1044,53.0184],[9.1271,53.0318],[9.1601,53.0261],[9.1658,53.0287],[9.1595,53.0335],[9.1689,53.0359],[9.1859,53.0158],[9.2022,53.0242],[9.2046,53.0357],[9.188,53.0476],[9.1787,53.0719],[9.1702,53.0712],[9.1512,53.0889],[9.1599,53.0911],[9.1525,53.1031],[9.1702,53.1001],[9.1684,53.1081],[9.182,53.1163],[9.173,53.1268],[9.1936,53.1474],[9.1873,53.1602],[9.166,53.1639],[9.1953,53.1697],[9.1786,53.1794],[9.1828,53.1831],[9.1323,53.1674],[9.1318,53.1576],[9.1091,53.1441],[9.0714,53.1512],[9.061,53.1712],[9.0343,53.1847],[9.0399,53.1863],[9.0292,53.1961],[9.0263,53.2321],[9.0096,53.2423],[8.9638,53.225],[8.9653,53.2134],[8.9041,53.1947],[8.9134,53.1851],[8.8763,53.1961],[8.8372,53.1922],[8.8165,53.2031],[8.7767,53.1582],[8.7416,53.164],[8.7433,53.1718],[8.7143,53.1833],[8.7056,53.1758],[8.6994,53.1854],[8.6755,53.1759],[8.6806,53.1998],[8.6623,53.2126],[8.7011,53.2223],[8.6963,53.2456],[8.703,53.258],[8.6682,53.2614],[8.6544,53.2861],[8.6233,53.2817],[8.6249,53.2877],[8.5965,53.2861],[8.564,53.2976],[8.5482,53.2851],[8.5207,53.2852],[8.5177,53.2932],[8.504,53.2936],[8.5173,53.3199],[8.5169,53.3526],[8.505,53.3651],[8.501,53.4715],[8.5161,53.4975],[8.5633,53.5105],[8.575,53.5408],[8.5078,53.6038],[8.5204,53.6063],[8.4843,53.656],[8.4838,53.6944],[8.5175,53.7376],[8.5413,53.7866],[8.5531,53.7881],[8.5436,53.7901],[8.5428,53.8058],[8.5652,53.839],[8.6149,53.8821],[8.6866,53.8922],[8.6874,53.8797],[8.7106,53.8725],[8.7012,53.8642],[8.7149,53.8698],[8.7119,53.8635],[8.7204,53.8652],[8.771,53.8366],[8.8309,53.8326],[8.8326,53.8165],[8.8553,53.8106],[8.8411,53.7825],[8.8639,53.7728],[8.7813,53.7886],[8.7534,53.7604],[8.7104,53.7603],[8.7131,53.7358],[8.7696,53.69],[8.7644,53.6823],[8.8267,53.6801],[8.8595,53.6516],[8.8928,53.6453],[8.9039,53.6511],[8.9275,53.6365],[8.9488,53.6378],[8.9689,53.6269],[8.9735,53.6222],[8.9567,53.611],[8.9816,53.5682],[8.9948,53.5695],[8.9955,53.5611],[8.9787,53.557],[9.0257,53.5548],[9.0695,53.5728],[9.1089,53.553],[9.1225,53.5599],[9.1216,53.5705],[9.1392,53.5936],[9.1548,53.5843],[9.1591,53.5554],[9.1851,53.5316],[9.2039,53.5322],[9.2112,53.5408],[9.2467,53.5396],[9.253,53.547],[9.2737,53.5453],[9.2609,53.5418],[9.2603,53.5341],[9.283,53.5232],[9.3184,53.5358],[9.3608,53.532],[9.3496,53.5112],[9.3717,53.484],[9.4124,53.4805],[9.404,53.4779],[9.4036,53.4658],[9.3383,53.4454],[9.3466,53.4342],[9.3375,53.4188],[9.3413,53.4106],[9.3758,53.4063],[9.3594,53.3873],[9.4463,53.3455],[9.4761,53.3504],[9.4742,53.3594],[9.5121,53.3858],[9.531,53.3731],[9.5733,53.3698],[9.5706,53.355],[9.5532,53.3438],[9.5767,53.3299],[9.585,53.3071],[9.6016,53.2998],[9.6041,53.2885],[9.5898,53.2916],[9.6036,53.2399],[9.6236,53.2271],[9.6824,53.2195],[9.6819,53.2127],[9.696,53.2081],[9.6945,53.1994],[9.7117,53.1971],[9.7071,53.1879],[9.7178,53.1791],[9.7375,53.1673],[9.758,53.1658],[9.7232,53.1565],[9.672,53.1611],[9.6734,53.1367],[9.6422,53.1422],[9.6513,53.1367],[9.6417,53.1265],[9.6321,53.1286],[9.6256,53.1145],[9.6461,53.0899],[9.6382,53.0731],[9.6232,53.0642],[9.627,53.0601],[9.6082,53.0544],[9.6178,53.0468],[9.6149,53.0387],[9.6745,53.0209],[9.68,53.0135],[9.654,52.9965],[9.68,52.99],[9.6606,52.9833],[9.6783,52.9816],[9.6264,52.9539],[9.6042,52.955],[9.6044,52.9428],[9.5859,52.9252],[9.5606,52.9249],[9.5614,52.9372],[9.5402,52.9513],[9.4684,52.9301],[9.4516,52.9116],[9.413,52.8982],[9.4134,52.8792],[9.378,52.8544],[9.3935,52.8366],[9.3899,52.8302],[9.3978,52.8307],[9.4138,52.8095],[9.3984,52.7937],[9.4064,52.792],[9.4007,52.7872],[9.4073,52.7785],[9.4282,52.7721],[9.4429,52.7778],[9.4503,52.7646],[9.4646,52.7769],[9.4618,52.7686],[9.473,52.7584],[9.4752,52.7715],[9.4847,52.7688],[9.4616,52.7279],[9.4226,52.7244],[9.37,52.736],[9.3483,52.7147],[9.3322,52.715],[9.3223,52.721],[9.3502,52.7257],[9.3449,52.7387],[9.3313,52.738],[9.3411,52.7522],[9.2863,52.7686],[9.2541,52.7422],[9.2147,52.7488],[9.1764,52.7327],[9.1166,52.7358],[9.1042,52.7253],[9.0136,52.7164],[9.0061,52.7104],[9.03,52.6921],[9.0128,52.686],[9.0197,52.6815],[9.02,52.6649],[9.0105,52.6639],[9.0043,52.6517],[8.9848,52.6575],[8.9714,52.6441],[8.9675,52.6506],[8.9361,52.6391],[8.9328,52.631],[8.8861,52.6305],[8.8904,52.6374],[8.8727,52.6225],[8.8731,52.6066],[8.9007,52.5978],[8.9005,52.5596],[8.8555,52.5486],[8.8593,52.5375],[8.8516,52.5332],[8.8389,52.5457],[8.827,52.5429],[8.8299,52.5358],[8.8147,52.5372],[8.8135,52.5305],[8.7743,52.5377],[8.7452,52.533],[8.7377,52.5431],[8.7489,52.5473],[8.7349,52.5562],[8.708,52.5571],[8.6925,52.5733],[8.7034,52.5809],[8.6775,52.5808],[8.6628,52.5937],[8.6395,52.5901],[8.6308,52.622],[8.6467,52.6335],[8.617,52.6366],[8.6165,52.654],[8.6326,52.6709],[8.6286,52.6865],[8.6637,52.6793],[8.6579,52.6884],[8.6634,52.6885],[8.6481,52.7199],[8.6403,52.718],[8.625,52.7389]]],[[[8.4869,53.9151],[8.4969,53.9318],[8.5181,53.9222],[8.5026,53.913],[8.4869,53.9151]]],[[[8.4492,53.9507],[8.431,53.942],[8.4206,53.9531],[8.4413,53.9644],[8.4589,53.96],[8.4443,53.9541],[8.4492,53.9507]]],[[[7.8915,54.184],[7.8921,54.1784],[7.8994,54.1752],[7.8932,54.1774],[7.8909,54.17],[7.899,54.1707],[7.8906,54.1693],[7.8648,54.1908],[7.8833,54.1896],[7.8915,54.184]]]]}},{"type":"Feature","properties":{"plz":"28","c":[8.8487,53.0873]},"geometry":{"type":"Polygon","coordinates":[[[8.6833,53.0355],[8.7116,53.0442],[8.7099,53.0721],[8.7008,53.0829],[8.6677,53.0905],[8.6705,53.1025],[8.6542,53.1089],[8.6573,53.1176],[8.6306,53.1385],[8.6207,53.1662],[8.5339,53.1869],[8.5063,53.2],[8.4816,53.2265],[8.4927,53.2985],[8.4892,53.3253],[8.5013,53.3526],[8.5126,53.3525],[8.5173,53.3199],[8.504,53.2936],[8.5177,53.2932],[8.5207,53.2852],[8.5482,53.2851],[8.564,53.2976],[8.5965,53.2861],[8.6249,53.2877],[8.6233,53.2817],[8.6544,53.2861],[8.6682,53.2614],[8.703,53.258],[8.6963,53.2456],[8.7011,53.2223],[8.6623,53.2126],[8.6806,53.1998],[8.6755,53.1759],[8.6994,53.1854],[8.7056,53.1758],[8.7143,53.1833],[8.729,53.1806],[8.7433,53.1718],[8.7416,53.164],[8.7617,53.1652],[8.78,53.1546],[8.7755,53.1615],[8.8165,53.2031],[8.8372,53.1922],[8.8763,53.1961],[8.9134,53.1851],[8.9041,53.1947],[8.9653,53.2134],[8.9638,53.225],[9.0096,53.2423],[9.0263,53.2321],[9.0292,53.1961],[9.0399,53.1863],[9.0343,53.1847],[9.061,53.1712],[9.0714,53.1512],[9.1091,53.1441],[9.1318,53.1576],[9.1323,53.1674],[9.1615,53.1713],[9.1759,53.1845],[9.1953,53.1697],[9.166,53.1639],[9.1873,53.1602],[9.1936,53.1474],[9.173,53.1268],[9.182,53.1163],[9.1684,53.1081],[9.1702,53.1001],[9.1525,53.1031],[9.1599,53.0911],[9.1512,53.0889],[9.1859,53.0636],[9.188,53.0476],[9.2046,53.0357],[9.2022,53.0242],[9.1859,53.0158],[9.1689,53.0359],[9.1595,53.0335],[9.1658,53.0287],[9.1601,53.0261],[9.134,53.0316],[9.1446,53.0377],[9.1044,53.0184],[9.1027,52.9931],[9.1108,52.9916],[9.1025,52.9811],[9.0884,52.98],[9.0758,52.9851],[9.0763,52.996],[8.9901,52.9911],[8.9865,53.0093],[8.9499,52.9972],[8.9275,53.0095],[8.9191,53.003],[8.9319,52.9985],[8.9326,52.9908],[8.9088,52.9826],[8.905,52.9625],[8.9521,52.8889],[8.9365,52.8733],[8.8776,52.8557],[8.8871,52.8422],[8.8823,52.8376],[8.8614,52.8354],[8.8445,52.8578],[8.8063,52.8509],[8.8075,52.873],[8.8004,52.8714],[8.7942,52.8831],[8.7994,52.8857],[8.781,52.894],[8.7766,52.9116],[8.7505,52.9145],[8.7431,52.9306],[8.7325,52.9215],[8.7385,52.9357],[8.6911,52.9477],[8.6931,52.9608],[8.6844,52.9579],[8.6883,52.9668],[8.6575,52.9691],[8.6543,52.963],[8.6432,52.9871],[8.6643,53.0198],[8.6789,53.0183],[8.6833,53.0355]]]}},{"type":"Feature","properties":{"plz":"29","c":[10.4053,52.8781]},"geometry":{"type":"Polygon","coordinates":[[[10.172,52.5042],[10.1394,52.4977],[10.1053,52.5088],[10.0959,52.5221],[10.081,52.5256],[10.0768,52.5373],[9.9878,52.5362],[9.9949,52.5441],[9.9651,52.5536],[9.9966,52.5752],[9.9671,52.578],[9.9662,52.5903],[9.9449,52.5869],[9.9076,52.5974],[9.8769,52.5907],[9.8886,52.603],[9.8478,52.6079],[9.8377,52.5972],[9.8242,52.597],[9.8353,52.6053],[9.8046,52.6069],[9.7927,52.6191],[9.7344,52.6382],[9.7117,52.6343],[9.7134,52.6236],[9.706,52.6198],[9.7135,52.6147],[9.6961,52.5995],[9.6432,52.6061],[9.6349,52.6255],[9.6422,52.6339],[9.6612,52.6333],[9.5992,52.6467],[9.6028,52.6545],[9.5852,52.6645],[9.5915,52.6755],[9.5396,52.6714],[9.5425,52.6633],[9.5252,52.6603],[9.5041,52.679],[9.5118,52.7017],[9.4812,52.705],[9.4807,52.7271],[9.4616,52.7279],[9.4847,52.7688],[9.4752,52.7715],[9.473,52.7584],[9.4618,52.7686],[9.4646,52.7769],[9.4503,52.7646],[9.4429,52.7778],[9.4282,52.7721],[9.4007,52.7872],[9.4064,52.792],[9.3984,52.7937],[9.4136,52.8093],[9.3762,52.8492],[9.3962,52.8721],[9.4134,52.8792],[9.413,52.8982],[9.4516,52.9116],[9.4684,52.9301],[9.5041,52.9355],[9.5085,52.9467],[9.5239,52.9503],[9.5529,52.9465],[9.5606,52.9249],[9.5859,52.9252],[9.6044,52.9428],[9.6042,52.955],[9.6264,52.9539],[9.6783,52.9816],[9.6606,52.9833],[9.68,52.99],[9.654,52.9965],[9.68,53.0135],[9.6745,53.0209],[9.6149,53.0387],[9.6178,53.0468],[9.6082,53.0544],[9.627,53.0601],[9.6232,53.0642],[9.6382,53.0731],[9.6461,53.0899],[9.6256,53.1145],[9.6321,53.1286],[9.6417,53.1265],[9.6513,53.1367],[9.6422,53.1422],[9.6734,53.1367],[9.672,53.1611],[9.7232,53.1565],[9.758,53.1658],[9.7375,53.1673],[9.7178,53.1791],[9.7071,53.1879],[9.7117,53.1971],[9.6945,53.1994],[9.696,53.2081],[9.6819,53.2127],[9.6824,53.2195],[9.7272,53.2162],[9.7428,53.2034],[9.7987,53.1868],[9.8513,53.2102],[9.9337,53.1734],[9.9564,53.1808],[10.0008,53.1736],[9.9988,53.1591],[10.0487,53.1506],[10.1184,53.1057],[10.0636,53.0728],[10.0769,53.0659],[10.0602,53.0618],[10.0457,53.0694],[10.0372,53.0618],[10.0413,53.0523],[10.0686,53.0434],[10.1458,53.0469],[10.1763,53.0751],[10.1991,53.0787],[10.1984,53.0692],[10.2118,53.0677],[10.2117,53.0762],[10.2336,53.08],[10.2323,53.0856],[10.2764,53.0959],[10.3219,53.0851],[10.3137,53.0888],[10.3292,53.1142],[10.3892,53.1135],[10.3942,53.1212],[10.3886,53.126],[10.4015,53.1387],[10.3882,53.1426],[10.3971,53.1502],[10.4501,53.1605],[10.4417,53.1697],[10.4628,53.1748],[10.4715,53.1867],[10.4931,53.1894],[10.509,53.2037],[10.534,53.189],[10.5379,53.174],[10.569,53.1801],[10.584,53.1711],[10.6043,53.1906],[10.64,53.1828],[10.6588,53.1901],[10.6605,53.1771],[10.6294,53.1736],[10.6295,53.162],[10.6988,53.1427],[10.7149,53.1451],[10.7448,53.1229],[10.772,53.1223],[10.8006,53.1457],[10.9078,53.149],[10.9035,53.1795],[10.8848,53.1847],[10.8932,53.1966],[10.8663,53.1989],[10.8768,53.2068],[10.8656,53.2213],[10.8697,53.2382],[10.862,53.2499],[11.0115,53.1828],[11.0847,53.1402],[11.1032,53.1424],[11.1424,53.1685],[11.1718,53.1567],[11.1889,53.1348],[11.2147,53.1445],[11.2394,53.1399],[11.2662,53.122],[11.2711,53.0989],[11.3384,53.0553],[11.4463,53.0785],[11.5054,53.0488],[11.5481,53.0524],[11.5667,53.0405],[11.5978,53.0358],[11.5593,53.013],[11.5519,53.0047],[11.5607,53.004],[11.5566,52.9987],[11.5129,53.0072],[11.4926,52.9599],[11.5052,52.9411],[11.4704,52.9387],[11.426,52.9199],[11.4092,52.9048],[11.3861,52.9039],[11.2956,52.8749],[11.3143,52.8781],[11.3149,52.841],[11.3446,52.8305],[11.3409,52.8162],[11.3164,52.8075],[11.3113,52.7887],[11.3249,52.7841],[11.3301,52.7686],[11.2851,52.7706],[11.2778,52.7603],[11.2252,52.7783],[11.2066,52.7708],[11.1911,52.7746],[11.1827,52.7896],[11.159,52.786],[11.1535,52.7735],[11.1615,52.7673],[11.148,52.7677],[11.1401,52.757],[11.1056,52.7586],[11.0975,52.7411],[11.0747,52.735],[11.0642,52.7223],[11.0441,52.7263],[11.021,52.7576],[11.0028,52.7538],[10.9874,52.7439],[11.0075,52.7259],[10.9778,52.7239],[10.9672,52.7021],[10.9288,52.7053],[10.9285,52.7266],[10.9118,52.7281],[10.8741,52.7221],[10.8771,52.7085],[10.8337,52.7034],[10.9025,52.6327],[10.8312,52.6144],[10.698,52.5999],[10.6896,52.585],[10.6607,52.5919],[10.6238,52.5659],[10.5947,52.5584],[10.5101,52.5588],[10.4926,52.5682],[10.499,52.579],[10.4781,52.5563],[10.4375,52.5532],[10.4509,52.562],[10.3962,52.5602],[10.392,52.5544],[10.3807,52.5594],[10.3784,52.5517],[10.355,52.5624],[10.3464,52.5458],[10.3355,52.5485],[10.3378,52.5397],[10.3241,52.5423],[10.3047,52.5337],[10.311,52.5298],[10.3062,52.5224],[10.2823,52.528],[10.2763,52.5248],[10.2841,52.5168],[10.2598,52.5224],[10.2557,52.5163],[10.2732,52.5097],[10.2677,52.4884],[10.1784,52.5136],[10.172,52.5042]]]}},{"type":"Feature","properties":{"plz":"30","c":[9.7099,52.4137]},"geometry":{"type":"Polygon","coordinates":[[[9.655,52.2566],[9.6337,52.2295],[9.5203,52.2434],[9.4242,52.281],[9.4085,52.2987],[9.4107,52.3131],[9.399,52.3323],[9.4729,52.3854],[9.5054,52.4218],[9.4908,52.4271],[9.492,52.4422],[9.4843,52.4435],[9.5032,52.447],[9.5032,52.4609],[9.5135,52.4649],[9.5093,52.4719],[9.5218,52.4751],[9.5153,52.4868],[9.5744,52.4913],[9.5712,52.496],[9.6135,52.5067],[9.6121,52.5152],[9.6002,52.5176],[9.5919,52.5662],[9.5841,52.5753],[9.6593,52.6018],[9.7033,52.6022],[9.7135,52.6147],[9.706,52.6198],[9.7134,52.6236],[9.7117,52.6343],[9.7344,52.6382],[9.7927,52.6191],[9.8046,52.6069],[9.8353,52.6053],[9.8242,52.597],[9.8377,52.5972],[9.8478,52.6079],[9.8843,52.604],[9.8769,52.5907],[9.9076,52.5974],[9.9449,52.5869],[9.9662,52.5903],[9.9671,52.578],[9.9966,52.5752],[9.9651,52.5536],[9.9949,52.5441],[9.9792,52.5307],[9.967,52.5328],[9.9636,52.5154],[9.9809,52.4983],[9.9394,52.4686],[9.9232,52.4655],[9.9323,52.4436],[9.9203,52.4359],[9.9215,52.4277],[9.9316,52.4219],[9.9025,52.4222],[9.8613,52.4065],[9.9014,52.4148],[9.9184,52.4034],[9.8848,52.3971],[9.8945,52.3587],[9.8757,52.3552],[9.8838,52.3439],[9.8754,52.3323],[9.8792,52.3264],[9.8614,52.322],[9.8743,52.3066],[9.8615,52.3015],[9.8671,52.2945],[9.8898,52.2932],[9.9127,52.2807],[9.9129,52.2671],[9.8763,52.2625],[9.8725,52.2704],[9.791,52.2515],[9.7908,52.2432],[9.7689,52.2312],[9.7912,52.2272],[9.7892,52.2337],[9.7997,52.2349],[9.8172,52.2286],[9.8179,52.2136],[9.8034,52.207],[9.8079,52.1923],[9.8025,52.1879],[9.7818,52.191],[9.7773,52.178],[9.7842,52.1745],[9.764,52.17],[9.7353,52.1936],[9.746,52.1942],[9.7276,52.2001],[9.7503,52.2011],[9.7502,52.2127],[9.6945,52.2342],[9.6886,52.2453],[9.7111,52.2538],[9.6845,52.265],[9.655,52.2566]]]}},{"type":"Feature","properties":{"plz":"31","c":[9.5573,52.3048]},"geometry":{"type":"Polygon","coordinates":[[[9.0462,52.2106],[9.0371,52.2241],[9.0494,52.2201],[9.0769,52.2337],[9.0354,52.2509],[8.9749,52.2624],[8.9787,52.2748],[8.9633,52.2788],[8.988,52.2874],[8.9879,52.3117],[8.9983,52.3258],[9.0188,52.3311],[9.0274,52.3454],[9.0595,52.3393],[9.0589,52.3466],[9.0856,52.3562],[9.0987,52.373],[9.0953,52.3864],[9.1179,52.3975],[9.1253,52.4119],[9.1235,52.4228],[9.1101,52.4218],[9.1105,52.4353],[9.0947,52.4431],[9.1032,52.4569],[9.1255,52.4681],[9.1233,52.4746],[9.1386,52.4755],[9.134,52.484],[9.1129,52.4855],[9.0956,52.4993],[9.0529,52.5003],[9.0437,52.4827],[9.0236,52.4774],[9.017,52.4602],[8.9785,52.4507],[8.9883,52.4451],[8.979,52.4361],[8.9872,52.4324],[8.9396,52.4154],[8.9484,52.4145],[8.9367,52.4019],[8.8926,52.4058],[8.8893,52.396],[8.8535,52.3895],[8.7892,52.3986],[8.7462,52.3878],[8.725,52.4008],[8.7148,52.3918],[8.7056,52.3954],[8.7109,52.4077],[8.7048,52.4187],[8.7183,52.429],[8.7031,52.4437],[8.7112,52.4655],[8.6975,52.4874],[8.703,52.5003],[8.7332,52.5095],[8.7467,52.527],[8.7681,52.5209],[8.7743,52.5377],[8.8135,52.5305],[8.8147,52.5372],[8.8299,52.5358],[8.827,52.5429],[8.8389,52.5457],[8.8516,52.5332],[8.8593,52.5375],[8.8555,52.5486],[8.8969,52.555],[8.9007,52.5978],[8.8731,52.6066],[8.8724,52.6174],[8.8825,52.6303],[8.9328,52.631],[8.9361,52.6391],[8.9675,52.6506],[8.9714,52.6441],[8.9848,52.6575],[9.0043,52.6517],[9.0105,52.6639],[9.02,52.6649],[9.0197,52.6815],[9.0128,52.686],[9.03,52.6921],[9.0061,52.7104],[9.0136,52.7164],[9.1042,52.7253],[9.1166,52.7358],[9.1312,52.7356],[9.1433,52.7239],[9.1387,52.7303],[9.1764,52.7327],[9.2147,52.7488],[9.2541,52.7422],[9.2863,52.7686],[9.3411,52.7522],[9.3313,52.738],[9.3449,52.7387],[9.3502,52.7257],[9.3223,52.721],[9.3322,52.715],[9.3483,52.7147],[9.37,52.736],[9.4226,52.7244],[9.4807,52.7271],[9.4812,52.705],[9.5118,52.7017],[9.5041,52.679],[9.5252,52.6603],[9.5425,52.6633],[9.5396,52.6714],[9.5915,52.6755],[9.5852,52.6645],[9.6028,52.6545],[9.5992,52.6467],[9.6612,52.6333],[9.6422,52.6339],[9.6349,52.6255],[9.6432,52.6061],[9.6592,52.6],[9.5841,52.5753],[9.5919,52.5662],[9.6002,52.5176],[9.6121,52.5152],[9.6126,52.5045],[9.5712,52.496],[9.5744,52.4913],[9.5153,52.4868],[9.5218,52.4751],[9.5093,52.4719],[9.5135,52.4649],[9.5032,52.4609],[9.5032,52.447],[9.4843,52.4435],[9.492,52.4422],[9.4908,52.4271],[9.5062,52.4227],[9.4729,52.3854],[9.399,52.3323],[9.4144,52.2882],[9.4788,52.2567],[9.6115,52.2282],[9.6337,52.2295],[9.6372,52.2418],[9.6556,52.2521],[9.6508,52.2582],[9.6845,52.265],[9.7111,52.2538],[9.6886,52.2453],[9.6945,52.2342],[9.7502,52.2127],[9.7503,52.2011],[9.7276,52.2001],[9.746,52.1942],[9.7353,52.1936],[9.749,52.1779],[9.764,52.17],[9.7842,52.1745],[9.7773,52.178],[9.7818,52.191],[9.8025,52.1879],[9.8079,52.1923],[9.8034,52.207],[9.8179,52.2136],[9.8172,52.2286],[9.7997,52.2349],[9.7892,52.2337],[9.7912,52.2272],[9.7689,52.2312],[9.7908,52.2432],[9.791,52.2515],[9.8725,52.2704],[9.8763,52.2625],[9.9129,52.2671],[9.9127,52.2807],[9.8615,52.3015],[9.8743,52.3066],[9.8614,52.322],[9.8792,52.3264],[9.8754,52.3323],[9.8838,52.3439],[9.8757,52.3552],[9.8945,52.3587],[9.8848,52.3971],[9.9184,52.4034],[9.9014,52.4148],[9.8867,52.4134],[9.9025,52.4222],[9.9316,52.4219],[9.9215,52.4277],[9.9203,52.4359],[9.9323,52.4436],[9.922,52.4653],[9.9394,52.4686],[9.9809,52.4983],[9.9636,52.5154],[9.967,52.5328],[9.9878,52.5362],[10.0768,52.5373],[10.081,52.5256],[10.0959,52.5221],[10.1053,52.5088],[10.1394,52.4977],[10.172,52.5042],[10.1784,52.5136],[10.2677,52.4884],[10.2732,52.5097],[10.2889,52.5062],[10.2717,52.486],[10.2752,52.4815],[10.2663,52.4803],[10.2899,52.4733],[10.3032,52.4587],[10.2864,52.4608],[10.2826,52.4532],[10.3586,52.4243],[10.3889,52.3676],[10.3579,52.3679],[10.3456,52.3541],[10.3392,52.368],[10.2938,52.3669],[10.2926,52.3564],[10.3045,52.351],[10.2978,52.3243],[10.3338,52.3304],[10.3484,52.307],[10.3294,52.3049],[10.3136,52.2877],[10.2995,52.2462],[10.2737,52.2348],[10.2744,52.2164],[10.2489,52.2132],[10.264,52.1885],[10.2562,52.1864],[10.2571,52.1742],[10.234,52.1698],[10.2333,52.178],[10.2046,52.1794],[10.1796,52.1482],[10.1763,52.1384],[10.1933,52.1378],[10.1987,52.1195],[10.176,52.1087],[10.188,52.0827],[10.2,52.0818],[10.2025,52.0596],[10.1946,52.0617],[10.2006,52.051],[10.193,52.0445],[10.2041,52.0072],[10.193,52.0009],[10.2061,51.9668],[10.1905,51.9555],[10.0873,51.9605],[10.0708,51.9404],[10.0804,51.9364],[10.0658,51.9274],[10.0333,51.9477],[10.0243,51.9392],[10.0044,51.9425],[9.9926,51.9336],[10.0126,51.9117],[9.9696,51.8969],[9.9449,51.9131],[9.9277,51.9036],[9.9167,51.9139],[9.8936,51.9005],[9.8731,51.9085],[9.8798,51.9011],[9.875,51.8982],[9.8027,51.8844],[9.8064,51.8937],[9.7209,51.9181],[9.6886,51.9569],[9.664,51.9683],[9.6463,51.9642],[9.6012,52.0016],[9.5743,52.0398],[9.5619,52.0438],[9.5316,52.0371],[9.5391,52.0226],[9.4934,52.0185],[9.4889,52.0067],[9.4569,51.9959],[9.4414,51.9823],[9.418,51.9834],[9.3643,51.9724],[9.4132,51.9802],[9.4138,51.9728],[9.4295,51.9689],[9.4383,51.9428],[9.4534,51.9428],[9.4579,51.9314],[9.4364,51.9215],[9.3349,51.9346],[9.3082,51.9308],[9.3093,51.923],[9.2943,51.9194],[9.2734,51.9304],[9.2773,51.9438],[9.2629,51.9467],[9.2862,51.957],[9.2738,51.9741],[9.2171,51.9737],[9.2104,51.9599],[9.1861,51.9659],[9.1878,51.9732],[9.1744,51.9834],[9.1997,51.9958],[9.1794,52.0026],[9.1973,52.0105],[9.1723,52.0475],[9.1813,52.0679],[9.1941,52.0697],[9.1766,52.086],[9.1539,52.092],[9.1551,52.0976],[9.1344,52.0943],[9.1358,52.1061],[9.1593,52.1192],[9.1537,52.1288],[9.1295,52.1398],[9.0878,52.1351],[9.0676,52.1402],[9.0675,52.1497],[9.011,52.1359],[9.0176,52.1478],[9.0125,52.1612],[9.0219,52.1716],[8.9859,52.1946],[9.0074,52.1896],[9.0138,52.1953],[9.0218,52.1834],[9.0457,52.1832],[9.0462,52.2106]]]}},{"type":"Feature","properties":{"plz":"32","c":[8.826,52.1666]},"geometry":{"type":"Polygon","coordinates":[[[8.617,52.0673],[8.6217,52.0757],[8.6079,52.0774],[8.6082,52.0884],[8.5707,52.0758],[8.5633,52.0915],[8.5729,52.0978],[8.569,52.1062],[8.5547,52.1015],[8.5143,52.1143],[8.4715,52.1008],[8.4563,52.1115],[8.4281,52.1047],[8.4105,52.115],[8.4038,52.1239],[8.4108,52.1366],[8.4813,52.1598],[8.5171,52.1853],[8.4548,52.1995],[8.4423,52.2137],[8.4612,52.229],[8.4597,52.2429],[8.4685,52.2476],[8.4588,52.258],[8.4661,52.2677],[8.4582,52.3025],[8.4708,52.3155],[8.4609,52.3172],[8.4419,52.3616],[8.3121,52.4068],[8.3234,52.4092],[8.316,52.4125],[8.3219,52.4261],[8.3097,52.4378],[8.3037,52.434],[8.3083,52.4441],[8.2971,52.4564],[8.3479,52.4523],[8.3633,52.4428],[8.4004,52.4509],[8.4178,52.4445],[8.4546,52.4612],[8.459,52.4917],[8.5088,52.5148],[8.557,52.4991],[8.6523,52.5315],[8.6714,52.5172],[8.6903,52.5186],[8.6856,52.512],[8.6988,52.5088],[8.6975,52.4874],[8.7112,52.4655],[8.7031,52.4437],[8.7183,52.429],[8.7048,52.4187],[8.7109,52.4077],[8.7056,52.3954],[8.6638,52.4026],[8.718,52.3906],[8.725,52.4008],[8.7462,52.3878],[8.7892,52.3986],[8.8535,52.3895],[8.8893,52.396],[8.8926,52.4058],[8.9367,52.4019],[8.9484,52.4145],[8.9396,52.4154],[8.9872,52.4324],[8.979,52.4361],[8.9883,52.4451],[8.9785,52.4507],[9.017,52.4602],[9.0236,52.4774],[9.0437,52.4827],[9.0529,52.5003],[9.0958,52.4979],[9.1129,52.4855],[9.134,52.484],[9.1386,52.4755],[9.1233,52.4746],[9.1255,52.4681],[9.1032,52.4569],[9.0947,52.4431],[9.1105,52.4353],[9.1101,52.4218],[9.1235,52.4228],[9.1179,52.3975],[9.0953,52.3864],[9.0987,52.373],[9.0856,52.3562],[9.0589,52.3466],[9.0595,52.3393],[9.0274,52.3454],[9.0078,52.3258],[8.9769,52.3273],[8.9983,52.3258],[8.9979,52.3184],[8.9879,52.3117],[8.988,52.2874],[8.9633,52.2788],[8.9787,52.2748],[8.9749,52.2624],[9.0354,52.2509],[9.0769,52.2337],[9.0494,52.2201],[9.0371,52.2241],[9.0462,52.2106],[9.0457,52.1832],[9.0218,52.1834],[9.0138,52.1953],[9.0074,52.1896],[8.9859,52.1946],[9.0219,52.1716],[9.0125,52.1612],[9.0176,52.1478],[9.011,52.1359],[9.018,52.1325],[9.0675,52.1497],[9.0676,52.1402],[9.0878,52.1351],[9.1295,52.1398],[9.1537,52.1288],[9.1593,52.1192],[9.1358,52.1061],[9.1328,52.0969],[9.1551,52.0976],[9.1539,52.092],[9.1766,52.086],[9.1941,52.0697],[9.1813,52.0679],[9.1723,52.0475],[9.1973,52.0105],[9.1794,52.0026],[9.197,51.9967],[9.1476,51.968],[9.1744,51.9834],[9.1878,51.9732],[9.1861,51.9659],[9.2104,51.9599],[9.2171,51.9737],[9.2738,51.9741],[9.2862,51.957],[9.2629,51.9467],[9.2773,51.9438],[9.2734,51.9304],[9.2943,51.9194],[9.3323,51.9169],[9.3459,51.8953],[9.3355,51.8562],[9.302,51.8496],[9.2737,51.8646],[9.2353,51.8657],[9.219,51.8629],[9.2177,51.8521],[9.1757,51.8603],[9.143,51.8401],[9.1035,51.8487],[9.0898,51.8344],[9.0048,51.8172],[9.0072,51.8069],[8.9927,51.8023],[9.0095,51.7969],[8.9838,51.7959],[8.9642,51.784],[8.9475,51.7999],[8.9396,51.7937],[8.9227,51.7973],[8.9186,51.8029],[8.9289,51.8078],[8.9077,51.8189],[8.9137,51.8215],[8.9055,51.8284],[8.9174,51.832],[8.9121,51.8495],[8.9022,51.8535],[8.8839,51.8484],[8.8769,51.8622],[8.8467,51.8642],[8.8225,51.8796],[8.7922,51.8807],[8.7453,51.8677],[8.7508,51.8634],[8.7459,51.8607],[8.72,51.8914],[8.6838,51.9156],[8.7017,51.9217],[8.6923,51.9274],[8.7101,51.9356],[8.7131,51.9569],[8.7312,51.9577],[8.7176,51.9648],[8.727,51.973],[8.7166,51.9736],[8.7231,51.9781],[8.7188,51.9814],[8.7294,51.9836],[8.728,51.9939],[8.7153,52.0003],[8.7305,52.0144],[8.7237,52.0253],[8.7327,52.0292],[8.7313,52.0383],[8.6609,52.0448],[8.6633,52.0538],[8.6542,52.0592],[8.617,52.0673]]]}},{"type":"Feature","properties":{"plz":"33","c":[8.6352,51.8019]},"geometry":{"type":"Polygon","coordinates":[[[8.3201,51.7256],[8.311,51.7411],[8.3014,51.7415],[8.3019,51.7541],[8.2932,51.753],[8.2794,51.7697],[8.2548,51.7732],[8.2575,51.8026],[8.2407,51.8091],[8.2346,51.8215],[8.2001,51.8277],[8.2062,51.8364],[8.2183,51.8365],[8.2145,51.853],[8.1848,51.8623],[8.1725,51.8882],[8.1588,51.891],[8.1619,51.8997],[8.1504,51.8986],[8.1703,51.9112],[8.1694,51.9264],[8.1129,51.9559],[8.1055,51.9687],[8.1144,51.9718],[8.111,52.0011],[8.0912,51.9972],[8.0756,52.0107],[8.0964,52.0571],[8.1518,52.0764],[8.1943,52.0729],[8.22,52.1055],[8.2464,52.1215],[8.2628,52.1204],[8.2679,52.1319],[8.2881,52.1349],[8.2855,52.1256],[8.2986,52.1206],[8.3239,52.1259],[8.3891,52.1079],[8.4105,52.115],[8.4281,52.1047],[8.4563,52.1115],[8.4715,52.1008],[8.5084,52.1145],[8.5547,52.1015],[8.569,52.1062],[8.5729,52.0978],[8.5633,52.0915],[8.5707,52.0758],[8.6082,52.0884],[8.6079,52.0774],[8.6217,52.0757],[8.617,52.0673],[8.6633,52.0538],[8.6609,52.0448],[8.7313,52.0383],[8.7327,52.0292],[8.7237,52.0253],[8.7305,52.0144],[8.7153,52.0003],[8.728,51.9939],[8.7294,51.9836],[8.7195,51.9808],[8.7166,51.9736],[8.727,51.973],[8.7176,51.9648],[8.7312,51.9577],[8.7131,51.9569],[8.7101,51.9356],[8.6923,51.9274],[8.7017,51.9217],[8.6838,51.9156],[8.72,51.8914],[8.7459,51.8607],[8.7508,51.8634],[8.7453,51.8677],[8.7922,51.8807],[8.8225,51.8796],[8.8467,51.8642],[8.8769,51.8622],[8.8839,51.8484],[8.9121,51.8495],[8.9174,51.832],[8.9055,51.8284],[8.9137,51.8215],[8.9077,51.8189],[8.9289,51.8078],[8.9186,51.8029],[8.9227,51.7973],[8.9396,51.7937],[8.9475,51.7999],[8.9719,51.7698],[8.9644,51.7884],[8.9838,51.7959],[8.9994,51.7966],[9.0271,51.7737],[9.0044,51.7942],[9.0095,51.7969],[9.0035,51.8034],[9.0032,51.798],[8.9927,51.8023],[9.0072,51.8069],[9.0048,51.8172],[9.0898,51.8344],[9.1035,51.8487],[9.143,51.8401],[9.177,51.8595],[9.193,51.8506],[9.1831,51.8369],[9.1882,51.8302],[9.1717,51.826],[9.1572,51.8088],[9.1671,51.7825],[9.1845,51.7838],[9.177,51.7922],[9.1948,51.798],[9.2218,51.7924],[9.2329,51.7796],[9.2605,51.7823],[9.2506,51.7751],[9.2527,51.7678],[9.2867,51.7369],[9.2559,51.7143],[9.2699,51.7106],[9.2491,51.6809],[9.259,51.6735],[9.2237,51.6581],[9.2279,51.6495],[9.2063,51.6411],[9.2037,51.6281],[9.1812,51.6291],[9.1618,51.6442],[9.1512,51.6342],[9.1097,51.6427],[9.0884,51.6349],[9.0682,51.6489],[9.0669,51.6581],[9.0357,51.6621],[9.0295,51.6491],[9.0152,51.6546],[8.9884,51.648],[8.9863,51.624],[8.9782,51.6203],[8.9906,51.6008],[9.0132,51.5966],[9.0171,51.5751],[8.999,51.578],[9.0016,51.5705],[8.9579,51.5607],[8.9589,51.5522],[8.9306,51.5449],[8.9352,51.5355],[8.8964,51.5291],[8.892,51.5475],[8.8146,51.5396],[8.8168,51.5309],[8.8059,51.5267],[8.8215,51.5187],[8.8364,51.4957],[8.7677,51.4473],[8.7521,51.466],[8.7208,51.4592],[8.6544,51.4814],[8.6036,51.4846],[8.5618,51.4662],[8.5479,51.4677],[8.5198,51.4907],[8.5121,51.5304],[8.4867,51.5328],[8.4727,51.5631],[8.4824,51.5649],[8.4771,51.576],[8.4911,51.5819],[8.4881,51.5873],[8.5072,51.5854],[8.5108,51.5947],[8.5795,51.6199],[8.5871,51.6166],[8.5733,51.6595],[8.4782,51.6837],[8.4846,51.6912],[8.4697,51.7043],[8.4796,51.7076],[8.4768,51.7146],[8.4618,51.7241],[8.433,51.7169],[8.3201,51.7256]]]}},{"type":"Feature","properties":{"plz":"34","c":[9.2563,51.2712]},"geometry":{"type":"Polygon","coordinates":[[[9.228,50.8187],[9.2269,50.8244],[9.2008,50.8226],[9.1487,50.8365],[9.1512,50.8465],[9.1421,50.8506],[9.1416,50.862],[9.1085,50.8874],[9.1334,50.899],[9.1099,50.9187],[9.0919,50.9203],[9.0925,50.9107],[9.0786,50.9173],[9.0736,50.9103],[9.0434,50.9229],[9.0323,50.9145],[9.0388,50.9071],[9.0274,50.9028],[9.0113,50.9101],[9.0101,50.926],[8.9735,50.9318],[8.9746,50.9382],[9.0318,50.9389],[9.0338,50.9545],[9.0087,50.973],[9.0725,51.0047],[9.0958,51.0282],[9.081,51.0412],[9.073,51.0354],[9.0514,51.0412],[9.0298,51.0699],[8.9566,51.1105],[8.9658,51.1251],[8.9583,51.1569],[8.9311,51.1505],[8.929,51.143],[8.9022,51.1411],[8.9003,51.1073],[8.8141,51.1228],[8.8224,51.1428],[8.8683,51.1867],[8.878,51.2055],[8.8714,51.2207],[8.8386,51.2183],[8.8309,51.2285],[8.8136,51.2254],[8.8014,51.2345],[8.7639,51.2205],[8.7682,51.2091],[8.7411,51.2188],[8.7273,51.25],[8.7368,51.2611],[8.7216,51.2679],[8.7214,51.2748],[8.6924,51.2767],[8.5976,51.2466],[8.5564,51.2774],[8.5923,51.3034],[8.6047,51.3235],[8.6376,51.3437],[8.6538,51.3398],[8.6601,51.3536],[8.6829,51.3626],[8.6765,51.3707],[8.7008,51.3774],[8.702,51.3916],[8.7152,51.4008],[8.7078,51.4084],[8.7284,51.4174],[8.735,51.4406],[8.7572,51.454],[8.7677,51.4473],[8.7886,51.457],[8.8133,51.4842],[8.8364,51.4957],[8.8215,51.5187],[8.8059,51.5267],[8.8168,51.5309],[8.8146,51.5396],[8.8464,51.5383],[8.8444,51.5463],[8.8524,51.5488],[8.892,51.5475],[8.8964,51.5291],[8.9352,51.5355],[8.9306,51.5449],[8.9589,51.5522],[8.9643,51.5634],[9.0016,51.5705],[8.999,51.578],[9.0432,51.5705],[9.0171,51.5751],[9.0132,51.5966],[8.9906,51.6008],[8.9782,51.6203],[8.9863,51.624],[8.9884,51.648],[9.0152,51.6546],[9.0295,51.6491],[9.0357,51.6621],[9.0669,51.6581],[9.0682,51.6489],[9.0884,51.6349],[9.1097,51.6427],[9.1512,51.6342],[9.1618,51.6442],[9.1812,51.6291],[9.2037,51.6281],[9.2063,51.6411],[9.2227,51.6424],[9.2237,51.6581],[9.2381,51.6632],[9.2574,51.6433],[9.2741,51.6397],[9.2851,51.6253],[9.2797,51.6177],[9.3018,51.6253],[9.3205,51.6112],[9.3711,51.6194],[9.3757,51.6265],[9.3986,51.6246],[9.4329,51.6341],[9.4454,51.6439],[9.4407,51.6504],[9.4507,51.6465],[9.4948,51.6576],[9.4916,51.635],[9.5133,51.6247],[9.5459,51.6263],[9.5386,51.6112],[9.5447,51.6161],[9.5694,51.6074],[9.5773,51.6206],[9.5901,51.6119],[9.5934,51.6178],[9.579,51.6225],[9.5931,51.6264],[9.6254,51.6077],[9.6252,51.6133],[9.6497,51.6062],[9.6908,51.5761],[9.6843,51.5665],[9.6273,51.582],[9.6271,51.5692],[9.6483,51.5509],[9.6817,51.551],[9.6759,51.5325],[9.6508,51.5416],[9.6364,51.5374],[9.6517,51.489],[9.6409,51.4866],[9.6519,51.4786],[9.653,51.4647],[9.7109,51.4559],[9.6978,51.4436],[9.7476,51.4303],[9.7571,51.4237],[9.7547,51.4137],[9.7773,51.418],[9.8026,51.4102],[9.7932,51.4052],[9.8014,51.3872],[9.7646,51.3862],[9.7383,51.3693],[9.704,51.3655],[9.7374,51.3195],[9.7713,51.3376],[9.7634,51.3243],[9.7729,51.3292],[9.7681,51.3067],[9.7334,51.2924],[9.6745,51.3093],[9.6516,51.3044],[9.6521,51.29],[9.6405,51.2876],[9.6672,51.2692],[9.6852,51.267],[9.6948,51.2742],[9.6893,51.2677],[9.6939,51.2611],[9.7131,51.2739],[9.7011,51.2623],[9.72,51.2673],[9.7148,51.2632],[9.7503,51.2613],[9.7541,51.268],[9.7614,51.26],[9.7258,51.2386],[9.6875,51.2444],[9.6787,51.2353],[9.6852,51.2323],[9.6701,51.2249],[9.6734,51.2159],[9.667,51.2211],[9.6503,51.2095],[9.6401,51.2115],[9.6242,51.2016],[9.6345,51.1988],[9.6252,51.1929],[9.6355,51.1833],[9.6902,51.1836],[9.6918,51.1686],[9.7313,51.144],[9.7594,51.1506],[9.7744,51.1462],[9.7808,51.1175],[9.7774,51.083],[9.7443,51.0694],[9.7021,51.0793],[9.6709,51.0606],[9.641,51.0567],[9.6402,51.041],[9.6206,51.03],[9.6002,51.0235],[9.5712,51.0291],[9.5809,51.0222],[9.5698,51.0127],[9.5755,51.0065],[9.5792,51.0111],[9.5715,50.9962],[9.5842,50.9925],[9.5649,50.9912],[9.5455,50.9706],[9.5641,50.9541],[9.563,50.9458],[9.5292,50.9438],[9.5054,50.9322],[9.5101,50.9199],[9.4853,50.9065],[9.4893,50.8832],[9.474,50.8813],[9.4511,50.895],[9.4361,50.8797],[9.4161,50.8803],[9.4056,50.865],[9.4193,50.8543],[9.4081,50.8473],[9.4329,50.8422],[9.4313,50.8356],[9.4558,50.8231],[9.4596,50.8115],[9.4714,50.8171],[9.4767,50.8093],[9.4606,50.7993],[9.4055,50.7896],[9.3913,50.7726],[9.3765,50.7788],[9.3633,50.8002],[9.3285,50.7953],[9.3175,50.8003],[9.3164,50.8096],[9.2882,50.8015],[9.269,50.8059],[9.2706,50.7969],[9.2623,50.8165],[9.242,50.8169],[9.2311,50.833],[9.228,50.8187]]]}},{"type":"Feature","properties":{"plz":"35","c":[8.6664,50.73]},"geometry":{"type":"Polygon","coordinates":[[[8.392,50.4044],[8.3896,50.3872],[8.2952,50.3687],[8.3026,50.3805],[8.2755,50.396],[8.284,50.4066],[8.2693,50.408],[8.2665,50.4231],[8.2513,50.4241],[8.2509,50.4403],[8.2301,50.4401],[8.2377,50.4574],[8.1814,50.4582],[8.1709,50.4751],[8.1778,50.4911],[8.1595,50.4995],[8.1569,50.5173],[8.1664,50.5234],[8.1601,50.5292],[8.1404,50.5191],[8.131,50.5412],[8.1099,50.5413],[8.1375,50.5521],[8.1304,50.5575],[8.152,50.5996],[8.126,50.61],[8.1379,50.6184],[8.1406,50.6315],[8.1129,50.6541],[8.1105,50.6713],[8.1265,50.6928],[8.142,50.6966],[8.1668,50.7357],[8.1468,50.7547],[8.153,50.7613],[8.1354,50.7672],[8.142,50.7713],[8.1315,50.7769],[8.1276,50.7859],[8.1333,50.7867],[8.1254,50.788],[8.1658,50.8036],[8.1736,50.8174],[8.2707,50.8823],[8.292,50.8819],[8.3053,50.8611],[8.3667,50.8627],[8.3717,50.8741],[8.3855,50.8759],[8.3879,50.8915],[8.4334,50.9182],[8.4562,50.9165],[8.4494,50.94],[8.4623,50.9499],[8.4578,50.9655],[8.4781,50.969],[8.4736,50.9755],[8.5144,51.0108],[8.5379,51.0201],[8.5188,51.0441],[8.5037,51.0406],[8.5206,51.0503],[8.5269,51.063],[8.5191,51.0688],[8.5271,51.0754],[8.5762,51.0703],[8.5835,51.0617],[8.6047,51.0702],[8.6576,51.0671],[8.6642,51.0732],[8.6572,51.0791],[8.6734,51.0748],[8.679,51.0765],[8.6671,51.0836],[8.6739,51.1021],[8.718,51.1094],[8.7128,51.1175],[8.7022,51.1161],[8.6929,51.1327],[8.7581,51.1772],[8.7501,51.1819],[8.7494,51.1985],[8.7648,51.2037],[8.7639,51.2205],[8.8014,51.2345],[8.8136,51.2254],[8.8309,51.2285],[8.8386,51.2183],[8.8714,51.2207],[8.878,51.2055],[8.8683,51.1867],[8.8224,51.1428],[8.8141,51.1228],[8.9003,51.1073],[8.9022,51.1411],[8.929,51.143],[8.9311,51.1505],[8.9583,51.1569],[8.9658,51.1251],[8.9566,51.1105],[9.0298,51.0699],[9.0514,51.0412],[9.073,51.0354],[9.081,51.0412],[9.0958,51.0282],[9.0725,51.0047],[9.0087,50.973],[9.0366,50.945],[9.0255,50.9372],[8.9746,50.9382],[8.9735,50.9318],[9.0101,50.926],[9.0165,50.9085],[9.01,50.9071],[9.0274,50.9028],[9.0388,50.9071],[9.0323,50.9145],[9.0434,50.9229],[9.0736,50.9103],[9.0786,50.9173],[9.0925,50.9107],[9.0919,50.9203],[9.1099,50.9187],[9.1334,50.899],[9.1085,50.8874],[9.1416,50.862],[9.1421,50.8506],[9.1512,50.8465],[9.1487,50.8365],[9.1337,50.8225],[9.1292,50.8305],[9.1037,50.8279],[9.0945,50.8184],[9.099,50.8108],[9.024,50.7947],[9.015,50.7895],[9.0152,50.771],[9.0478,50.7705],[9.0546,50.7637],[9.0891,50.768],[9.0865,50.7551],[9.1042,50.7527],[9.0985,50.7287],[9.121,50.727],[9.1212,50.7159],[9.146,50.7131],[9.1509,50.7007],[9.1413,50.6741],[9.1216,50.6689],[9.1249,50.6615],[9.1106,50.6524],[9.1151,50.6478],[9.1049,50.6367],[9.1328,50.6359],[9.1391,50.6169],[9.1639,50.6202],[9.1832,50.5966],[9.2057,50.589],[9.2152,50.5934],[9.2167,50.6106],[9.2449,50.6157],[9.2627,50.6069],[9.2322,50.5853],[9.26,50.5636],[9.2399,50.5562],[9.2418,50.5349],[9.1454,50.5464],[9.1342,50.5542],[9.1278,50.541],[9.1079,50.5382],[9.1011,50.5191],[9.075,50.5171],[9.0424,50.498],[9.0062,50.4885],[9.0087,50.4955],[8.9784,50.4905],[8.9876,50.4793],[8.979,50.4684],[8.9887,50.4651],[8.9877,50.4537],[8.9597,50.4483],[8.9633,50.4405],[8.9504,50.4316],[8.9077,50.4381],[8.9003,50.4266],[8.8875,50.4277],[8.8646,50.4464],[8.853,50.4318],[8.7992,50.4425],[8.7827,50.4297],[8.7925,50.4243],[8.7683,50.4087],[8.7168,50.4075],[8.6865,50.396],[8.6692,50.3767],[8.5917,50.3685],[8.5616,50.3756],[8.5455,50.3694],[8.5359,50.3917],[8.514,50.3989],[8.4932,50.3953],[8.4674,50.4148],[8.405,50.3977],[8.392,50.4044]]]}},{"type":"Feature","properties":{"plz":"36","c":[9.7024,50.6882]},"geometry":{"type":"Polygon","coordinates":[[[9.5336,50.2346],[9.5144,50.2343],[9.4962,50.257],[9.4579,50.2689],[9.4489,50.2851],[9.4142,50.2953],[9.4206,50.3002],[9.4168,50.306],[9.4026,50.3042],[9.399,50.3168],[9.4104,50.321],[9.403,50.3302],[9.4076,50.3428],[9.3858,50.3461],[9.3659,50.3891],[9.3495,50.3856],[9.3528,50.392],[9.3395,50.4007],[9.353,50.4148],[9.3476,50.4221],[9.3619,50.4173],[9.3358,50.4516],[9.289,50.4616],[9.2868,50.4369],[9.2711,50.4378],[9.2578,50.4629],[9.2474,50.4674],[9.2581,50.4848],[9.2588,50.511],[9.271,50.5222],[9.2418,50.5349],[9.2399,50.5562],[9.26,50.5636],[9.2322,50.5853],[9.2627,50.6069],[9.2286,50.6169],[9.2167,50.6106],[9.2152,50.5934],[9.2057,50.589],[9.1832,50.5966],[9.1639,50.6202],[9.1401,50.6197],[9.1328,50.6359],[9.1049,50.6367],[9.1151,50.6478],[9.1106,50.6524],[9.1249,50.6615],[9.1216,50.6689],[9.1413,50.6741],[9.1509,50.7007],[9.146,50.7131],[9.1212,50.7159],[9.121,50.727],[9.0985,50.7287],[9.1042,50.7527],[9.0865,50.7551],[9.0891,50.768],[9.0546,50.7637],[9.0478,50.7705],[9.0152,50.771],[9.015,50.7895],[9.0787,50.8092],[9.0942,50.8072],[9.1037,50.8279],[9.1292,50.8305],[9.1337,50.8225],[9.1487,50.8365],[9.2008,50.8226],[9.2269,50.8244],[9.228,50.8187],[9.2326,50.8266],[9.242,50.8169],[9.2623,50.8165],[9.2706,50.7969],[9.269,50.8059],[9.2882,50.8015],[9.3164,50.8096],[9.3175,50.8003],[9.3285,50.7953],[9.3633,50.8002],[9.3765,50.7788],[9.3913,50.7726],[9.4055,50.7896],[9.4252,50.7894],[9.4767,50.8093],[9.4714,50.8171],[9.4596,50.8115],[9.4558,50.8231],[9.4313,50.8356],[9.4329,50.8422],[9.4053,50.8463],[9.4193,50.8543],[9.4056,50.865],[9.4161,50.8803],[9.4361,50.8797],[9.4511,50.895],[9.474,50.8813],[9.4893,50.8832],[9.4853,50.9065],[9.5101,50.9199],[9.5054,50.9322],[9.5292,50.9438],[9.563,50.9458],[9.5641,50.9541],[9.5455,50.9706],[9.5649,50.9912],[9.5842,50.9925],[9.5715,50.9962],[9.5792,51.0111],[9.5755,51.0065],[9.5698,51.0127],[9.5809,51.0222],[9.5712,51.0291],[9.6002,51.0235],[9.6206,51.03],[9.6402,51.041],[9.641,51.0567],[9.6709,51.0606],[9.7021,51.0793],[9.7443,51.0694],[9.7774,51.083],[9.8312,51.0868],[9.8355,51.0957],[9.8543,51.0953],[9.858,51.1096],[9.9016,51.1006],[9.9109,51.1122],[9.9947,51.1227],[10.0132,51.1021],[10.0281,51.0996],[10.0044,51.086],[10.0334,51.0519],[10.0436,51.055],[10.0592,51.0393],[10.033,51.0177],[10.0196,50.9804],[10.0414,50.9675],[10.032,50.9591],[10.0427,50.9565],[10.0429,50.9487],[10.0633,50.9439],[10.0296,50.9371],[10.0245,50.9438],[10.0134,50.9347],[9.991,50.9434],[9.95,50.9444],[9.9543,50.9218],[9.9662,50.934],[9.9913,50.9354],[9.969,50.9128],[9.9714,50.9071],[10.0139,50.9203],[10.051,50.8998],[10.0414,50.8929],[10.0587,50.89],[10.0562,50.8802],[10.0674,50.8757],[10.0809,50.887],[10.0751,50.8897],[10.0788,50.9029],[10.1207,50.878],[10.1496,50.8821],[10.1488,50.8769],[10.1887,50.8736],[10.2029,50.885],[10.196,50.8736],[10.1728,50.8693],[10.2045,50.8613],[10.2469,50.8704],[10.244,50.8776],[10.2607,50.8993],[10.2921,50.8983],[10.3104,50.9136],[10.3174,50.9118],[10.3117,50.9056],[10.3179,50.8975],[10.3389,50.9019],[10.3417,50.8812],[10.3246,50.8685],[10.3708,50.8623],[10.3872,50.8685],[10.4115,50.8505],[10.4052,50.8153],[10.3796,50.8068],[10.3904,50.804],[10.3748,50.7965],[10.3841,50.7865],[10.376,50.7816],[10.343,50.7798],[10.3306,50.7874],[10.263,50.7639],[10.246,50.7649],[10.2487,50.7721],[10.2431,50.7749],[10.2407,50.7662],[10.2014,50.7778],[10.2215,50.7498],[10.2126,50.7419],[10.2223,50.7373],[10.2087,50.7236],[10.1838,50.7182],[10.1835,50.6984],[10.1942,50.6957],[10.1845,50.6946],[10.1926,50.6883],[10.1781,50.6714],[10.1963,50.6672],[10.2186,50.64],[10.2015,50.6293],[10.211,50.6211],[10.1474,50.6168],[10.1071,50.627],[10.1025,50.6375],[10.0872,50.6412],[10.0782,50.6371],[10.0813,50.6197],[10.0584,50.6264],[10.038,50.6141],[10.0489,50.5986],[10.0462,50.5722],[10.0615,50.5566],[10.0394,50.5319],[10.0411,50.4951],[10.0184,50.4665],[9.9971,50.4612],[9.9881,50.4455],[9.9578,50.4233],[9.8832,50.3988],[9.8705,50.4095],[9.86,50.3975],[9.8079,50.4123],[9.8069,50.4221],[9.7894,50.4251],[9.7804,50.4183],[9.7618,50.4253],[9.7512,50.4113],[9.7597,50.4019],[9.7459,50.366],[9.733,50.3562],[9.7475,50.3406],[9.7457,50.3103],[9.7024,50.2803],[9.6546,50.2715],[9.6371,50.2514],[9.6662,50.2404],[9.6636,50.234],[9.6366,50.2352],[9.6206,50.2244],[9.5828,50.2214],[9.5743,50.2348],[9.5839,50.238],[9.5422,50.2243],[9.5336,50.2346]]]}},{"type":"Feature","properties":{"plz":"37","c":[9.9557,51.5686]},"geometry":{"type":"Polygon","coordinates":[[[9.6734,51.2159],[9.6701,51.2249],[9.6852,51.2323],[9.6787,51.2353],[9.6875,51.2444],[9.7258,51.2386],[9.7541,51.2502],[9.7682,51.269],[9.7587,51.2612],[9.7148,51.2632],[9.72,51.2673],[9.7011,51.2623],[9.7064,51.2651],[9.7131,51.2739],[9.6939,51.2611],[9.6893,51.2677],[9.6948,51.2742],[9.6852,51.267],[9.6454,51.2788],[9.6513,51.2827],[9.6405,51.2876],[9.6521,51.29],[9.6518,51.3048],[9.6745,51.3093],[9.7334,51.2924],[9.7681,51.3067],[9.7729,51.3292],[9.7634,51.3243],[9.7709,51.3305],[9.7713,51.3376],[9.7374,51.3195],[9.7204,51.3486],[9.7019,51.3608],[9.7523,51.3747],[9.7646,51.3862],[9.7901,51.3904],[9.7963,51.3805],[9.8015,51.3965],[9.7932,51.4052],[9.8026,51.4102],[9.7773,51.418],[9.7547,51.4137],[9.7571,51.4237],[9.6978,51.4436],[9.7109,51.4559],[9.653,51.4647],[9.6519,51.4786],[9.6409,51.4866],[9.6517,51.489],[9.6364,51.5374],[9.6508,51.5416],[9.6759,51.5325],[9.6817,51.551],[9.6483,51.5509],[9.6271,51.5692],[9.6273,51.582],[9.6843,51.5665],[9.6908,51.5761],[9.6497,51.6062],[9.6252,51.6133],[9.6254,51.6077],[9.5931,51.6264],[9.579,51.6225],[9.5934,51.6178],[9.5901,51.6119],[9.5773,51.6206],[9.5694,51.6074],[9.5447,51.6161],[9.5386,51.6112],[9.5424,51.6325],[9.5115,51.6265],[9.4916,51.635],[9.4948,51.6576],[9.4507,51.6465],[9.4338,51.6513],[9.4454,51.6439],[9.4329,51.6341],[9.3757,51.6265],[9.3711,51.6194],[9.3205,51.6112],[9.3018,51.6253],[9.2797,51.6177],[9.2851,51.6253],[9.2741,51.6397],[9.2574,51.6433],[9.2381,51.6632],[9.2636,51.6731],[9.2491,51.6809],[9.2699,51.7106],[9.2559,51.7143],[9.2867,51.7369],[9.2527,51.7678],[9.2506,51.7751],[9.262,51.7846],[9.2329,51.7796],[9.2218,51.7924],[9.1948,51.798],[9.177,51.7922],[9.1845,51.7838],[9.1726,51.7798],[9.1572,51.8088],[9.1717,51.826],[9.1882,51.8302],[9.1831,51.8369],[9.193,51.8506],[9.1889,51.8567],[9.2177,51.8521],[9.219,51.8629],[9.2353,51.8657],[9.2737,51.8646],[9.302,51.8496],[9.3355,51.8562],[9.3459,51.8953],[9.3323,51.9169],[9.3093,51.923],[9.3082,51.9308],[9.3527,51.9338],[9.4364,51.9215],[9.4579,51.9314],[9.4534,51.9428],[9.4383,51.9428],[9.4295,51.9689],[9.4138,51.9728],[9.4132,51.9802],[9.4414,51.9823],[9.4569,51.9959],[9.4889,52.0067],[9.4934,52.0185],[9.5391,52.0226],[9.5316,52.0371],[9.5743,52.0398],[9.6012,52.0016],[9.6199,51.9876],[9.648,51.9607],[9.664,51.9683],[9.6886,51.9569],[9.7209,51.9181],[9.8064,51.8937],[9.8027,51.8844],[9.875,51.8982],[9.8798,51.9011],[9.8731,51.9085],[9.8936,51.9005],[9.9167,51.9139],[9.9277,51.9036],[9.9449,51.9131],[9.9696,51.8969],[10.0126,51.9117],[9.9946,51.9392],[10.0243,51.9392],[10.0333,51.9477],[10.1061,51.9023],[10.0965,51.8853],[10.1181,51.8724],[10.1174,51.8461],[10.107,51.8429],[10.1077,51.8354],[10.1434,51.8304],[10.1383,51.8055],[10.1556,51.8024],[10.1537,51.7935],[10.1619,51.7953],[10.1684,51.8138],[10.1913,51.811],[10.2026,51.8267],[10.2199,51.8177],[10.2227,51.8292],[10.2416,51.8327],[10.2701,51.8132],[10.263,51.7996],[10.2771,51.7911],[10.2797,51.776],[10.2955,51.778],[10.3065,51.7658],[10.3558,51.7669],[10.3799,51.7899],[10.3954,51.7897],[10.4236,51.7742],[10.4987,51.7648],[10.5787,51.7818],[10.5983,51.7657],[10.5969,51.7547],[10.5784,51.7542],[10.5657,51.7414],[10.5845,51.7298],[10.5793,51.7211],[10.6472,51.6826],[10.64,51.6792],[10.6545,51.6628],[10.6407,51.6518],[10.6509,51.6423],[10.6694,51.6459],[10.6823,51.6289],[10.6408,51.6221],[10.6488,51.6065],[10.6336,51.6083],[10.6314,51.6025],[10.6383,51.5841],[10.6661,51.5778],[10.6604,51.5608],[10.6364,51.5622],[10.6121,51.5793],[10.5843,51.5759],[10.5926,51.5749],[10.5856,51.5653],[10.5594,51.5567],[10.5191,51.5536],[10.4879,51.575],[10.4924,51.5688],[10.4862,51.5572],[10.4724,51.5515],[10.5147,51.5389],[10.5118,51.5252],[10.5395,51.5216],[10.5126,51.4957],[10.5229,51.4915],[10.5081,51.4791],[10.5089,51.4606],[10.4991,51.4552],[10.5198,51.4365],[10.4894,51.4298],[10.5016,51.426],[10.5021,51.4177],[10.4881,51.4225],[10.481,51.4168],[10.4959,51.4112],[10.4932,51.393],[10.5047,51.3939],[10.5217,51.3704],[10.5178,51.3611],[10.4834,51.3408],[10.3927,51.3435],[10.3725,51.3291],[10.3782,51.311],[10.3597,51.2828],[10.3118,51.2823],[10.3123,51.2747],[10.3057,51.2755],[10.3041,51.266],[10.3197,51.2605],[10.3181,51.2513],[10.2829,51.2309],[10.2687,51.2344],[10.2677,51.2268],[10.218,51.2313],[10.1857,51.2192],[10.2078,51.1997],[10.202,51.1951],[10.2361,51.1838],[10.2072,51.1649],[10.2003,51.1499],[10.2096,51.1438],[10.2035,51.1328],[10.2092,51.1181],[10.1975,51.1122],[10.1791,51.1276],[10.1851,51.1412],[10.1673,51.1535],[10.118,51.14],[10.1521,51.1181],[10.1727,51.1183],[10.172,51.1052],[10.1604,51.1081],[10.1655,51.0995],[10.1436,51.085],[10.1549,51.0705],[10.1405,51.0601],[10.1847,51.0492],[10.2147,51.0253],[10.195,51.0209],[10.2053,51.0073],[10.183,50.998],[10.1708,50.9963],[10.1694,51.0023],[10.1347,50.9953],[10.1274,51.0006],[10.133,51.0048],[10.1193,51.0123],[10.1035,51.0033],[10.0745,51.0113],[10.032,51.0104],[10.0592,51.0393],[10.0509,51.0511],[10.0887,51.0553],[10.0334,51.0519],[10.0044,51.086],[10.0281,51.0996],[10.0132,51.1021],[9.9947,51.1227],[9.9109,51.1122],[9.9059,51.1012],[9.858,51.1096],[9.8543,51.0953],[9.8355,51.0957],[9.8312,51.0868],[9.7774,51.083],[9.7808,51.1175],[9.7744,51.1462],[9.7594,51.1506],[9.7313,51.144],[9.6918,51.1686],[9.6902,51.1836],[9.6355,51.1833],[9.6252,51.1929],[9.6345,51.1988],[9.6242,51.2016],[9.6401,51.2115],[9.6503,51.2095],[9.667,51.2211],[9.6734,51.2159]]]}},{"type":"Feature","properties":{"plz":"38","c":[10.6949,52.1674]},"geometry":{"type":"Polygon","coordinates":[[[10.5045,51.7711],[10.5001,51.7646],[10.4236,51.7742],[10.3954,51.7897],[10.3799,51.7899],[10.3558,51.7669],[10.3065,51.7658],[10.2955,51.778],[10.2797,51.776],[10.2771,51.7911],[10.263,51.7996],[10.2701,51.8132],[10.2416,51.8327],[10.2227,51.8292],[10.2199,51.8177],[10.2026,51.8267],[10.1913,51.811],[10.1684,51.8138],[10.1619,51.7953],[10.1537,51.7935],[10.1556,51.8024],[10.1383,51.8055],[10.1434,51.8304],[10.1077,51.8354],[10.107,51.8429],[10.1174,51.8461],[10.1181,51.8724],[10.0965,51.8853],[10.1061,51.9023],[10.0658,51.9274],[10.0804,51.9364],[10.0708,51.9404],[10.0873,51.9605],[10.1905,51.9555],[10.2061,51.9668],[10.193,52.0009],[10.2041,52.0072],[10.193,52.0445],[10.2006,52.051],[10.1946,52.0617],[10.2025,52.0596],[10.2,52.0818],[10.188,52.0827],[10.176,52.1087],[10.1841,52.1166],[10.2004,52.1162],[10.1933,52.1378],[10.1763,52.1384],[10.1796,52.1482],[10.2046,52.1794],[10.2333,52.178],[10.234,52.1698],[10.2571,52.1742],[10.2562,52.1864],[10.264,52.1885],[10.2489,52.2132],[10.2744,52.2164],[10.2737,52.2348],[10.2995,52.2462],[10.3136,52.2877],[10.3294,52.3049],[10.346,52.3057],[10.3338,52.3304],[10.2978,52.3243],[10.3045,52.351],[10.2926,52.3564],[10.2938,52.3669],[10.3392,52.368],[10.3456,52.3541],[10.3579,52.3679],[10.3889,52.3676],[10.3586,52.4243],[10.2826,52.4532],[10.2864,52.4608],[10.3032,52.4587],[10.2899,52.4733],[10.2663,52.4803],[10.2752,52.4815],[10.2717,52.486],[10.2889,52.5062],[10.259,52.5182],[10.2841,52.5168],[10.2763,52.5248],[10.2823,52.528],[10.3062,52.5224],[10.311,52.5298],[10.3047,52.5337],[10.3241,52.5423],[10.3378,52.5397],[10.3355,52.5485],[10.3464,52.5458],[10.355,52.5624],[10.3784,52.5517],[10.3807,52.5594],[10.4781,52.5563],[10.4897,52.5696],[10.5101,52.5588],[10.5734,52.5636],[10.5947,52.5584],[10.6238,52.5659],[10.6607,52.5919],[10.6896,52.585],[10.698,52.5999],[10.8156,52.6119],[10.9025,52.6327],[10.8337,52.7034],[10.8771,52.7085],[10.8741,52.7221],[10.9118,52.7281],[10.9285,52.7266],[10.9288,52.7053],[10.9672,52.7021],[10.9778,52.7239],[11.0075,52.7259],[10.9874,52.7439],[11.0028,52.7538],[11.0255,52.7547],[11.0441,52.7263],[11.0642,52.7223],[11.0747,52.735],[11.0975,52.7411],[11.1056,52.7586],[11.1401,52.757],[11.148,52.7677],[11.1615,52.7673],[11.1535,52.7735],[11.1593,52.7867],[11.1827,52.7896],[11.1911,52.7746],[11.2066,52.7708],[11.2252,52.7783],[11.244,52.7706],[11.238,52.748],[11.2739,52.7518],[11.2729,52.7232],[11.2398,52.7208],[11.2223,52.6767],[11.2461,52.6732],[11.2486,52.6573],[11.2361,52.6556],[11.2313,52.6397],[11.2342,52.6328],[11.2678,52.6273],[11.2875,52.5863],[11.2815,52.5743],[11.2188,52.5868],[11.2064,52.582],[11.2027,52.5609],[11.1705,52.541],[11.17,52.5249],[11.1138,52.547],[11.0928,52.5409],[11.0351,52.4982],[11.0259,52.5035],[11.0091,52.4967],[10.9752,52.5013],[10.9497,52.4959],[10.9416,52.4764],[10.9257,52.4715],[10.9342,52.4716],[10.9337,52.46],[10.9616,52.4352],[11.0186,52.3972],[11.0151,52.3879],[11.0219,52.3935],[11.0472,52.3878],[11.0747,52.3728],[11.067,52.3698],[11.0687,52.3554],[11.0544,52.3491],[10.9835,52.3417],[11.036,52.3103],[11.0377,52.302],[11.0118,52.2907],[11.0292,52.2697],[11.0536,52.2666],[11.0587,52.2405],[11.0734,52.2433],[11.0862,52.2286],[11.0752,52.2199],[11.0317,52.2122],[11.0235,52.2003],[11.0135,52.1995],[11.0194,52.1781],[11.0604,52.1724],[11.055,52.1605],[11.0608,52.1534],[11.0446,52.1436],[11.0448,52.1342],[10.9776,52.1058],[10.9419,52.1033],[10.9399,52.0953],[10.9703,52.0861],[10.9733,52.0734],[10.9647,52.0562],[10.9471,52.0584],[11.0255,52.0402],[11.0702,52.0378],[11.0693,52.0237],[11.0838,52.0269],[11.0846,52.0115],[11.0943,52.0118],[11.0981,52.0033],[11.1022,51.9758],[11.0597,51.9736],[11.0447,51.9645],[11.059,51.9604],[11.0529,51.9566],[11.1303,51.9525],[11.1415,51.94],[11.16,51.9416],[11.1749,51.917],[11.191,51.9264],[11.2083,51.9227],[11.2221,51.9191],[11.2261,51.9087],[11.2721,51.8932],[11.2285,51.8727],[11.2371,51.8526],[11.1859,51.8608],[11.1664,51.8433],[11.1192,51.8457],[11.0954,51.8276],[11.0581,51.8383],[11.0429,51.8144],[11.0092,51.8053],[11.0243,51.7969],[11.0125,51.7779],[10.9874,51.7782],[10.9895,51.7718],[10.9822,51.7718],[11.0125,51.7618],[11.0156,51.7478],[11.0016,51.7408],[10.9925,51.749],[10.9749,51.7381],[10.9464,51.7381],[10.9342,51.753],[10.8995,51.7469],[10.8821,51.7314],[10.9168,51.7245],[10.9152,51.7019],[10.9418,51.6963],[10.9047,51.6949],[10.8965,51.6888],[10.9104,51.6923],[10.9054,51.6859],[10.9113,51.6782],[10.9494,51.6809],[10.9317,51.6666],[10.9525,51.6611],[10.9328,51.6415],[10.9061,51.6316],[10.897,51.6119],[10.8592,51.6328],[10.8206,51.6242],[10.8151,51.6393],[10.7632,51.6489],[10.7494,51.6409],[10.6509,51.6423],[10.6407,51.6518],[10.6545,51.6628],[10.64,51.6792],[10.6472,51.6826],[10.5863,51.7127],[10.5793,51.7211],[10.5845,51.7298],[10.5657,51.7414],[10.5784,51.7542],[10.5969,51.7547],[10.5983,51.7657],[10.5787,51.7818],[10.5045,51.7711]]]}},{"type":"Feature","properties":{"plz":"39","c":[11.6732,52.3671]},"geometry":{"type":"Polygon","coordinates":[[[11.4882,51.8343],[11.4656,51.8506],[11.386,51.8407],[11.3785,51.8627],[11.3687,51.8706],[11.3513,51.8699],[11.3288,51.8872],[11.3411,51.9018],[11.333,51.906],[11.3113,51.8997],[11.2969,51.9098],[11.2738,51.9081],[11.2597,51.8985],[11.2778,51.8947],[11.2614,51.8935],[11.1991,51.9261],[11.1749,51.917],[11.16,51.9416],[11.1415,51.94],[11.1303,51.9525],[11.0531,51.9543],[11.059,51.9604],[11.0447,51.9645],[11.0597,51.9736],[11.1022,51.9758],[11.0963,51.9827],[11.1025,52.0031],[11.0846,52.0115],[11.0838,52.0269],[11.0693,52.0237],[11.0702,52.0378],[11.0255,52.0402],[10.9647,52.0562],[10.9733,52.0734],[10.9703,52.0861],[10.9399,52.0953],[10.9419,52.1033],[10.9776,52.1058],[11.0172,52.1282],[11.0448,52.1342],[11.0446,52.1436],[11.0608,52.1534],[11.055,52.1605],[11.0604,52.1724],[11.0194,52.1781],[11.0135,52.1995],[11.0235,52.2003],[11.0317,52.2122],[11.0752,52.2199],[11.0862,52.2286],[11.0734,52.2433],[11.0587,52.2405],[11.0536,52.2666],[11.0288,52.2702],[11.0118,52.2907],[11.0377,52.302],[11.036,52.3103],[10.9835,52.3417],[11.0544,52.3491],[11.0687,52.3554],[11.067,52.3698],[11.0747,52.3728],[11.0472,52.3878],[11.0219,52.3935],[11.0151,52.3879],[11.0186,52.3972],[10.9337,52.46],[10.9434,52.4923],[10.9752,52.5013],[11.0351,52.4982],[11.0928,52.5409],[11.1138,52.547],[11.17,52.5249],[11.1763,52.5487],[11.2027,52.5609],[11.2064,52.582],[11.2188,52.5868],[11.2815,52.5743],[11.2875,52.5863],[11.2736,52.6058],[11.2678,52.6273],[11.2733,52.6312],[11.2342,52.6328],[11.2361,52.6556],[11.2486,52.6573],[11.2461,52.6732],[11.2223,52.6767],[11.2398,52.7208],[11.2729,52.7232],[11.2739,52.7518],[11.238,52.748],[11.245,52.7675],[11.2778,52.7603],[11.2851,52.7706],[11.3322,52.771],[11.3249,52.7841],[11.3113,52.7887],[11.3164,52.8075],[11.3409,52.8162],[11.3446,52.8305],[11.3149,52.841],[11.3143,52.8781],[11.3861,52.9039],[11.4092,52.9048],[11.426,52.9199],[11.4704,52.9387],[11.5052,52.9411],[11.4926,52.9599],[11.5129,53.0072],[11.5566,52.9987],[11.5607,53.004],[11.5519,53.0047],[11.5593,53.013],[11.5978,53.0358],[11.6393,53.0387],[11.627,53.012],[11.6425,53.0054],[11.6763,53.0082],[11.6921,52.9792],[11.7407,52.9883],[11.7615,52.9824],[11.7881,52.9602],[11.8462,52.9513],[11.8467,52.94],[11.8237,52.9226],[11.8409,52.9091],[11.8704,52.9093],[11.8937,52.8946],[11.9799,52.8761],[12.0059,52.8872],[12.0442,52.8893],[12.1128,52.8758],[12.1253,52.8944],[12.1201,52.8754],[12.1333,52.8658],[12.1264,52.8531],[12.1973,52.8778],[12.2098,52.8622],[12.2327,52.8605],[12.2442,52.8199],[12.2579,52.8049],[12.2436,52.7863],[12.22,52.7898],[12.2238,52.7763],[12.2058,52.7605],[12.2222,52.7398],[12.1561,52.7028],[12.1202,52.7067],[12.1243,52.6988],[12.1176,52.6881],[12.1334,52.6446],[12.1669,52.6275],[12.1677,52.6161],[12.1753,52.6176],[12.1735,52.5817],[12.1815,52.5752],[12.1589,52.5604],[12.1422,52.5283],[12.1737,52.5387],[12.1887,52.5322],[12.1671,52.5147],[12.1833,52.4976],[12.1751,52.4957],[12.2218,52.5002],[12.2353,52.5239],[12.258,52.5182],[12.2593,52.5047],[12.2701,52.5009],[12.2621,52.4953],[12.2718,52.4875],[12.3301,52.4965],[12.3092,52.486],[12.3165,52.4751],[12.3308,52.4787],[12.3252,52.4642],[12.3043,52.4508],[12.3025,52.4344],[12.2894,52.4306],[12.2972,52.4237],[12.2746,52.4162],[12.3023,52.4053],[12.2917,52.3861],[12.3066,52.3777],[12.2841,52.3642],[12.3081,52.3446],[12.2629,52.295],[12.2454,52.2499],[12.2757,52.2368],[12.2629,52.2343],[12.2971,52.2289],[12.2822,52.2167],[12.2488,52.2118],[12.2452,52.2074],[12.2535,52.2057],[12.2418,52.1956],[12.2473,52.1839],[12.2283,52.1862],[12.2159,52.1711],[12.2337,52.1628],[12.2432,52.1409],[12.265,52.1306],[12.2765,52.1039],[12.3157,52.0925],[12.3332,52.0661],[12.3598,52.0466],[12.3777,52.0449],[12.3772,52.0226],[12.3535,52.0267],[12.3202,51.9995],[12.2556,51.9875],[12.2593,51.9823],[12.2522,51.9772],[12.2801,51.9797],[12.2812,51.97],[12.2077,51.9614],[12.21,51.9416],[12.1885,51.9283],[12.1541,51.926],[12.1845,51.9016],[12.1217,51.898],[12.1138,51.8714],[12.0474,51.8588],[12.0229,51.8637],[12.0193,51.8735],[12.0041,51.8795],[11.9667,51.867],[11.9247,51.8808],[11.9273,51.8747],[11.9096,51.8719],[11.9075,51.8641],[11.8659,51.8529],[11.8575,51.8375],[11.8158,51.8771],[11.775,51.8794],[11.7609,51.8631],[11.6917,51.8696],[11.6878,51.8765],[11.6742,51.8684],[11.6927,51.8596],[11.6896,51.8548],[11.6649,51.8569],[11.6606,51.8263],[11.641,51.821],[11.6421,51.8108],[11.612,51.8131],[11.6468,51.8091],[11.6399,51.7959],[11.6479,51.7967],[11.6535,51.7814],[11.6471,51.7634],[11.6301,51.7677],[11.6164,51.7459],[11.5971,51.7479],[11.5859,51.7728],[11.5688,51.7724],[11.5538,51.7998],[11.5283,51.7976],[11.5084,51.8065],[11.5148,51.8101],[11.4895,51.8164],[11.4882,51.8343]]]}},{"type":"Feature","properties":{"plz":"40","c":[6.8447,51.237]},"geometry":{"type":"Polygon","coordinates":[[[6.7738,51.1852],[6.7478,51.1809],[6.7321,51.1871],[6.7235,51.2259],[6.745,51.2331],[6.6953,51.225],[6.6888,51.2295],[6.699,51.235],[6.6631,51.2383],[6.6496,51.2524],[6.6534,51.2606],[6.626,51.2504],[6.6105,51.2634],[6.5963,51.2616],[6.5859,51.2858],[6.6205,51.289],[6.6214,51.3089],[6.6518,51.309],[6.7459,51.352],[6.7918,51.3433],[6.7938,51.3522],[6.8314,51.3507],[6.845,51.3548],[6.8457,51.3655],[6.8777,51.3634],[6.8903,51.3718],[6.9287,51.353],[6.9181,51.3414],[6.9326,51.3299],[6.9275,51.3174],[6.9388,51.313],[6.9302,51.3091],[6.9403,51.3005],[6.9828,51.3008],[6.9805,51.2949],[7.0048,51.2881],[7.0409,51.2547],[7.0348,51.2472],[7.016,51.2477],[7.0207,51.2405],[7.0037,51.2423],[6.9973,51.224],[6.979,51.2193],[6.9922,51.2167],[6.9875,51.2033],[6.9492,51.1972],[6.9708,51.1962],[6.9666,51.1913],[6.9779,51.191],[6.9862,51.172],[6.9823,51.1657],[6.9485,51.168],[6.9613,51.1647],[6.9514,51.1472],[6.9944,51.1447],[6.9983,51.1339],[6.9934,51.1258],[7.0008,51.1153],[6.9883,51.107],[6.9866,51.0731],[6.9744,51.0675],[6.9282,51.0798],[6.8978,51.0648],[6.8599,51.0739],[6.8533,51.0842],[6.8827,51.1018],[6.8807,51.1118],[6.8482,51.1381],[6.8575,51.155],[6.8439,51.1626],[6.8145,51.1439],[6.7977,51.1453],[6.794,51.1803],[6.8004,51.1808],[6.7656,51.1901],[6.7738,51.1852]]]}},{"type":"Feature","properties":{"plz":"41","c":[6.425,51.1578]},"geometry":{"type":"Polygon","coordinates":[[[6.4522,51.0457],[6.4308,51.0345],[6.3716,51.034],[6.3616,51.0167],[6.3001,51.0156],[6.2948,51.0261],[6.2852,51.0234],[6.2848,51.0104],[6.2699,51.0038],[6.2725,50.9966],[6.2575,50.998],[6.2422,50.9871],[6.2256,50.9925],[6.21,51.0174],[6.2139,51.0219],[6.1533,51.0685],[6.1549,51.0797],[6.0932,51.1033],[6.0806,51.1221],[6.092,51.135],[6.1635,51.1487],[6.1754,51.1585],[6.1388,51.1733],[6.1807,51.1864],[6.1652,51.1944],[6.1001,51.1699],[6.0822,51.1716],[6.0731,51.1828],[6.068,51.2205],[6.086,51.2227],[6.0727,51.2426],[6.1245,51.2747],[6.1686,51.333],[6.1942,51.3349],[6.1899,51.3395],[6.2244,51.365],[6.2662,51.3549],[6.3041,51.36],[6.314,51.3442],[6.3111,51.3332],[6.3196,51.3324],[6.3133,51.3242],[6.3197,51.3106],[6.372,51.3223],[6.3777,51.3046],[6.3888,51.3056],[6.4259,51.2775],[6.413,51.2732],[6.4782,51.236],[6.52,51.2304],[6.5299,51.2226],[6.5358,51.2312],[6.5615,51.2287],[6.5722,51.2372],[6.5678,51.2411],[6.6012,51.2425],[6.6534,51.2606],[6.6496,51.2524],[6.6631,51.2383],[6.699,51.235],[6.6836,51.227],[6.7235,51.2259],[6.7321,51.1871],[6.7072,51.1912],[6.7478,51.1809],[6.794,51.1803],[6.7977,51.1453],[6.7895,51.145],[6.8145,51.1439],[6.8355,51.1605],[6.8523,51.1612],[6.8575,51.155],[6.8482,51.1381],[6.8807,51.1118],[6.8827,51.1018],[6.8366,51.0801],[6.8007,51.1101],[6.8379,51.0777],[6.8245,51.0744],[6.8337,51.0598],[6.8138,51.0459],[6.7913,51.0674],[6.7533,51.0659],[6.762,51.0426],[6.7438,51.0464],[6.7434,51.0371],[6.7157,51.015],[6.6736,51.0159],[6.6373,51.0267],[6.5656,51.0219],[6.5483,51.0262],[6.5612,51.0352],[6.5539,51.0556],[6.5378,51.0521],[6.5348,51.0595],[6.492,51.0474],[6.4804,51.0344],[6.4522,51.0457]]]}},{"type":"Feature","properties":{"plz":"42","c":[7.1596,51.2129]},"geometry":{"type":"Polygon","coordinates":[[[7.142,51.107],[7.039,51.0966],[7.0097,51.0819],[6.9887,51.0915],[6.9883,51.107],[7.0008,51.1153],[6.9944,51.1447],[6.9514,51.1472],[6.9613,51.1647],[6.9862,51.172],[6.9779,51.191],[6.9598,51.198],[6.9875,51.2033],[6.9952,51.2155],[6.983,51.218],[7.004,51.2309],[7.0037,51.2423],[7.0207,51.2405],[7.016,51.2477],[7.0348,51.2472],[7.0409,51.2547],[7.0048,51.2881],[6.9805,51.2949],[6.9828,51.3008],[6.9403,51.3005],[6.9302,51.3091],[6.9388,51.313],[6.9275,51.3174],[6.9326,51.3299],[6.9181,51.3414],[7.0441,51.3684],[7.0556,51.3623],[7.0795,51.3745],[7.0901,51.3685],[7.1172,51.3811],[7.1498,51.377],[7.1596,51.3651],[7.1474,51.3526],[7.1532,51.3493],[7.1479,51.3348],[7.1661,51.3261],[7.1671,51.3128],[7.1807,51.3055],[7.1687,51.2976],[7.2014,51.2965],[7.2639,51.3181],[7.2557,51.2866],[7.2778,51.2723],[7.2674,51.2577],[7.2716,51.2551],[7.2792,51.2636],[7.2832,51.2498],[7.3066,51.2515],[7.2968,51.2465],[7.3069,51.239],[7.3311,51.2504],[7.3406,51.2389],[7.3929,51.2459],[7.4035,51.2394],[7.395,51.2323],[7.4036,51.2212],[7.4142,51.2209],[7.4175,51.2285],[7.4301,51.2244],[7.4301,51.2049],[7.4172,51.1977],[7.4247,51.1862],[7.4109,51.1779],[7.4047,51.1874],[7.3817,51.1698],[7.3988,51.1475],[7.3777,51.1413],[7.3673,51.1257],[7.348,51.1322],[7.3184,51.1205],[7.334,51.12],[7.3373,51.101],[7.2989,51.1048],[7.2573,51.077],[7.195,51.0657],[7.1624,51.0747],[7.1386,51.0663],[7.1483,51.0827],[7.1643,51.0839],[7.1582,51.1],[7.1692,51.1107],[7.1579,51.1191],[7.142,51.107]]]}},{"type":"Feature","properties":{"plz":"44","c":[7.379,51.5209]},"geometry":{"type":"Polygon","coordinates":[[[7.2529,51.4138],[7.2289,51.4105],[7.1811,51.4197],[7.155,51.4138],[7.121,51.4311],[7.1339,51.4422],[7.1085,51.4612],[7.114,51.472],[7.1021,51.4809],[7.1378,51.4913],[7.1374,51.5085],[7.1441,51.5135],[7.1408,51.5153],[7.129,51.5376],[7.1249,51.5501],[7.2086,51.5593],[7.2567,51.5823],[7.2841,51.587],[7.2945,51.5963],[7.2801,51.6056],[7.2938,51.6133],[7.2853,51.6207],[7.3013,51.626],[7.3042,51.6164],[7.3203,51.616],[7.3223,51.6084],[7.3449,51.6082],[7.335,51.6026],[7.3957,51.5872],[7.4563,51.612],[7.4623,51.6386],[7.4535,51.6386],[7.4763,51.6527],[7.5464,51.6445],[7.5777,51.6227],[7.5666,51.6191],[7.5614,51.6034],[7.5923,51.595],[7.5972,51.576],[7.5918,51.5669],[7.6063,51.5685],[7.608,51.5485],[7.6326,51.5497],[7.6363,51.5234],[7.5965,51.5076],[7.5964,51.496],[7.6097,51.4798],[7.5841,51.4643],[7.5735,51.4745],[7.5524,51.4688],[7.5423,51.4614],[7.5525,51.4551],[7.5386,51.4489],[7.5321,51.435],[7.5038,51.4261],[7.5108,51.4178],[7.4651,51.4169],[7.4615,51.4363],[7.4235,51.4316],[7.4142,51.4501],[7.3891,51.4626],[7.3894,51.4741],[7.3537,51.4843],[7.342,51.457],[7.2897,51.4544],[7.2933,51.4444],[7.2529,51.4138]]]}},{"type":"Feature","properties":{"plz":"45","c":[7.1246,51.5549]},"geometry":{"type":"Polygon","coordinates":[[[6.9642,51.3476],[6.9293,51.3481],[6.925,51.3577],[6.8903,51.3718],[6.8777,51.3634],[6.8457,51.3655],[6.845,51.3548],[6.8314,51.3507],[6.8135,51.3764],[6.8183,51.4329],[6.8067,51.4473],[6.8101,51.4556],[6.8428,51.4506],[6.846,51.4581],[6.9057,51.4694],[6.8944,51.4761],[6.9021,51.4884],[6.9894,51.5092],[6.9966,51.5394],[6.9596,51.5479],[6.9209,51.5696],[6.931,51.5718],[6.9302,51.5852],[6.9804,51.6066],[6.9828,51.6234],[7.0331,51.6311],[7.0329,51.6239],[7.0348,51.6426],[7.0444,51.6442],[7.0228,51.6696],[7.0567,51.6892],[7.0473,51.6998],[7.0781,51.7135],[7.0741,51.7209],[7.0803,51.7248],[7.073,51.7291],[7.0872,51.7319],[7.0796,51.7415],[7.0882,51.7652],[7.0767,51.7802],[7.1144,51.7881],[7.1738,51.8214],[7.214,51.8169],[7.26,51.8],[7.2624,51.7828],[7.2716,51.7787],[7.259,51.7733],[7.2802,51.7492],[7.3103,51.7463],[7.3126,51.7375],[7.3212,51.737],[7.2996,51.7057],[7.3107,51.7116],[7.309,51.7033],[7.3449,51.6992],[7.3394,51.6874],[7.4434,51.6598],[7.4488,51.6542],[7.4438,51.6472],[7.4623,51.6386],[7.4563,51.612],[7.3957,51.5872],[7.3419,51.5995],[7.3369,51.6027],[7.3449,51.6082],[7.3223,51.6084],[7.3203,51.6159],[7.3042,51.6164],[7.3013,51.626],[7.2853,51.6207],[7.2938,51.6133],[7.2801,51.6056],[7.2945,51.5963],[7.2841,51.587],[7.1796,51.5528],[7.1445,51.5523],[7.1048,51.5479],[7.1249,51.5501],[7.1408,51.5153],[7.1321,51.5111],[7.1441,51.5135],[7.1374,51.5085],[7.1378,51.4913],[7.1021,51.4809],[7.114,51.472],[7.1085,51.4612],[7.1339,51.4422],[7.121,51.4311],[7.155,51.4138],[7.2529,51.4138],[7.2461,51.3949],[7.2558,51.3832],[7.2759,51.3702],[7.2933,51.3791],[7.3021,51.3731],[7.296,51.36],[7.3117,51.3602],[7.3146,51.349],[7.3024,51.3423],[7.317,51.3307],[7.3004,51.3249],[7.2998,51.3132],[7.2818,51.3147],[7.2627,51.3039],[7.2639,51.3181],[7.2014,51.2965],[7.1687,51.2976],[7.1807,51.3055],[7.1454,51.342],[7.1596,51.3651],[7.1375,51.3795],[7.1172,51.3811],[7.0901,51.3685],[7.0795,51.3745],[7.0556,51.3623],[7.0441,51.3684],[7.0359,51.3616],[7.0186,51.3645],[6.9642,51.3476]]]}},{"type":"Feature","properties":{"plz":"46","c":[6.7124,51.7359]},"geometry":{"type":"Polygon","coordinates":[[[6.7773,51.5234],[6.7839,51.5333],[6.7471,51.536],[6.7589,51.5533],[6.7475,51.538],[6.6865,51.5601],[6.6908,51.5632],[6.682,51.5731],[6.6649,51.5777],[6.6035,51.57],[6.587,51.6194],[6.579,51.6176],[6.5757,51.6247],[6.5451,51.6135],[6.5491,51.5878],[6.5631,51.5763],[6.5335,51.5556],[6.4977,51.5681],[6.4307,51.5742],[6.4325,51.5841],[6.4183,51.5823],[6.4139,51.6117],[6.4214,51.6239],[6.4741,51.6285],[6.4314,51.6304],[6.384,51.6541],[6.3741,51.6733],[6.3797,51.6877],[6.3587,51.6948],[6.356,51.7028],[6.3815,51.7139],[6.3774,51.7185],[6.4113,51.7412],[6.4028,51.7552],[6.3403,51.7587],[6.3024,51.8055],[6.2591,51.8242],[6.1666,51.8407],[6.167,51.8616],[6.1445,51.8697],[6.1371,51.8858],[6.1034,51.8925],[6.1179,51.9017],[6.1574,51.9051],[6.1911,51.8917],[6.1835,51.8825],[6.2102,51.869],[6.2797,51.8741],[6.299,51.8678],[6.3062,51.8491],[6.3472,51.8507],[6.3603,51.8458],[6.3633,51.8352],[6.4018,51.8273],[6.4075,51.8281],[6.4024,51.8445],[6.409,51.8533],[6.388,51.8619],[6.3906,51.874],[6.4324,51.8594],[6.4512,51.8652],[6.4725,51.8538],[6.5442,51.8846],[6.5606,51.8822],[6.6842,51.9176],[6.7212,51.8965],[6.7048,51.883],[6.7889,51.9297],[6.7989,51.9587],[6.8285,51.9641],[6.8284,51.9939],[6.8682,51.9694],[6.9308,51.9655],[6.9267,51.9412],[6.9942,51.936],[7.002,51.9092],[7.014,51.903],[7.012,51.8849],[7.0364,51.8885],[7.0505,51.8826],[7.0412,51.8816],[7.0419,51.8706],[7.0218,51.8668],[7.0238,51.8567],[7.007,51.8578],[6.9876,51.8025],[6.9778,51.7992],[7.0202,51.8001],[7.0301,51.7837],[7.0754,51.7774],[7.0882,51.7652],[7.0796,51.7415],[7.0872,51.7319],[7.073,51.7291],[7.0803,51.7248],[7.0741,51.7209],[7.0781,51.7135],[7.0473,51.6998],[7.0567,51.6892],[7.016,51.6696],[7.0444,51.6442],[7.0348,51.6426],[7.0364,51.6311],[6.9828,51.6234],[6.9804,51.6066],[6.9302,51.5852],[6.931,51.5718],[6.9209,51.5696],[6.9596,51.5479],[6.9966,51.5394],[6.9951,51.5224],[6.9878,51.5087],[6.9193,51.4965],[6.9216,51.4914],[6.9021,51.4884],[6.8944,51.4761],[6.8999,51.4714],[6.8274,51.4487],[6.8101,51.4556],[6.8222,51.4689],[6.8087,51.4747],[6.8103,51.4842],[6.8213,51.4873],[6.8216,51.5046],[6.7773,51.5234]]]}},{"type":"Feature","properties":{"plz":"47","c":[6.3951,51.5328]},"geometry":{"type":"Polygon","coordinates":[[[6.3888,51.3056],[6.3777,51.3046],[6.372,51.3223],[6.3197,51.3106],[6.3133,51.3242],[6.3196,51.3324],[6.3111,51.3332],[6.314,51.3442],[6.3041,51.36],[6.3209,51.3643],[6.2662,51.3549],[6.2244,51.365],[6.2144,51.3896],[6.2267,51.4003],[6.2053,51.3995],[6.2236,51.475],[6.2128,51.4913],[6.212,51.5134],[6.1769,51.5386],[6.157,51.5666],[6.0914,51.6058],[6.0939,51.6222],[6.1181,51.656],[6.0315,51.6746],[6.0261,51.7087],[6.0449,51.7169],[5.9942,51.7383],[5.9552,51.7381],[5.952,51.7489],[5.9921,51.7702],[5.9824,51.7737],[5.9902,51.7834],[5.9745,51.7851],[5.9791,51.7977],[5.948,51.8114],[5.9582,51.8169],[5.945,51.8235],[5.963,51.8369],[5.9944,51.8309],[6.0327,51.8424],[6.0553,51.8524],[6.0514,51.8567],[6.0635,51.8655],[6.1011,51.849],[6.2591,51.8242],[6.3024,51.8055],[6.3403,51.7587],[6.4028,51.7552],[6.4113,51.7412],[6.3774,51.7185],[6.3815,51.7139],[6.356,51.7028],[6.3587,51.6948],[6.3797,51.6877],[6.3741,51.6733],[6.384,51.6541],[6.4434,51.6288],[6.4214,51.6239],[6.4139,51.6117],[6.4183,51.5823],[6.4325,51.5841],[6.4307,51.5742],[6.4977,51.5681],[6.5335,51.5556],[6.5631,51.5763],[6.5491,51.5878],[6.5451,51.6135],[6.5757,51.6247],[6.579,51.6176],[6.587,51.6194],[6.6035,51.57],[6.6649,51.5777],[6.682,51.5731],[6.6865,51.5601],[6.7619,51.5325],[6.7839,51.5333],[6.7773,51.5234],[6.8216,51.5046],[6.8213,51.4873],[6.8103,51.4842],[6.8087,51.4747],[6.8222,51.4689],[6.8067,51.4473],[6.8183,51.4329],[6.8083,51.3984],[6.8166,51.3949],[6.8156,51.3689],[6.8245,51.3675],[6.8303,51.3523],[6.7938,51.3522],[6.7918,51.3433],[6.7814,51.3426],[6.7459,51.352],[6.6518,51.309],[6.6214,51.3089],[6.6205,51.289],[6.5859,51.2858],[6.5963,51.2616],[6.6105,51.2634],[6.626,51.2504],[6.5678,51.2411],[6.5722,51.2372],[6.5615,51.2287],[6.5358,51.2312],[6.5299,51.2226],[6.52,51.2304],[6.4782,51.236],[6.413,51.2732],[6.4259,51.2775],[6.3888,51.3056]]]}},{"type":"Feature","properties":{"plz":"48","c":[7.3957,52.0895]},"geometry":{"type":"Polygon","coordinates":[[[7.007,51.8578],[7.0238,51.8567],[7.0218,51.8668],[7.0419,51.8706],[7.0412,51.8816],[7.0586,51.8888],[7.012,51.8849],[7.014,51.903],[7.002,51.9092],[6.9942,51.936],[6.9283,51.939],[6.9308,51.9655],[6.8682,51.9694],[6.8284,51.9939],[6.8453,51.996],[6.8078,51.995],[6.753,52.0284],[6.6879,52.0399],[6.6868,52.0555],[6.6947,52.0698],[6.7355,52.0746],[6.7488,52.083],[6.7445,52.0931],[6.7553,52.0952],[6.7606,52.1188],[6.8555,52.1205],[6.8735,52.1303],[6.8805,52.156],[6.9081,52.176],[6.9512,52.1811],[6.9853,52.2253],[7.0613,52.2347],[7.0658,52.2412],[7.0286,52.2736],[7.0265,52.292],[7.0723,52.3519],[7.0722,52.3729],[7.0587,52.3994],[7.0363,52.4026],[7.0108,52.4291],[6.9985,52.4568],[7.0168,52.4814],[7.0086,52.4946],[7.0238,52.5008],[7.0362,52.5196],[7.0615,52.5275],[7.0889,52.5172],[7.0971,52.4992],[7.1547,52.4914],[7.1809,52.4558],[7.2031,52.4439],[7.2749,52.4692],[7.2954,52.4665],[7.2857,52.4713],[7.2956,52.482],[7.2983,52.4711],[7.3552,52.4508],[7.3678,52.4376],[7.3698,52.4213],[7.409,52.4262],[7.414,52.4375],[7.4575,52.4442],[7.4641,52.4393],[7.4565,52.4319],[7.4669,52.4103],[7.4982,52.3963],[7.5107,52.3974],[7.5255,52.4156],[7.5451,52.4242],[7.5694,52.421],[7.5646,52.432],[7.6041,52.475],[7.6845,52.4567],[7.7029,52.4333],[7.7138,52.4009],[7.6715,52.3955],[7.6668,52.3691],[7.617,52.3424],[7.6013,52.3416],[7.6284,52.2995],[7.6528,52.2833],[7.6512,52.272],[7.6806,52.2544],[7.6496,52.203],[7.6705,52.2043],[7.6907,52.1952],[7.7134,52.151],[7.7099,52.1094],[7.7147,52.1134],[7.7515,52.0972],[7.7961,52.104],[7.8158,52.0938],[7.8504,52.0945],[7.8888,52.0836],[7.921,52.0579],[7.9178,52.0517],[7.981,52.0359],[8.0302,52.0676],[8.0922,52.0638],[8.0964,52.0571],[8.0756,52.0107],[8.0912,51.9972],[8.111,52.0011],[8.1144,51.9718],[8.1055,51.9687],[8.1129,51.9559],[8.1735,51.9197],[8.1504,51.8986],[8.1253,51.8933],[8.113,51.9068],[8.0709,51.9059],[8.0511,51.9196],[8.0261,51.9229],[8.0082,51.9114],[8.0151,51.9084],[8.0016,51.8917],[7.9722,51.8835],[7.9725,51.8679],[7.9556,51.857],[7.9292,51.8518],[7.9051,51.8602],[7.8789,51.8574],[7.8783,51.8425],[7.8894,51.8287],[7.8823,51.8017],[7.8,51.8095],[7.7918,51.8188],[7.7882,51.8069],[7.8095,51.7974],[7.7929,51.7933],[7.7927,51.7848],[7.8165,51.7573],[7.8131,51.7375],[7.7694,51.7238],[7.7519,51.7393],[7.7318,51.7416],[7.7296,51.7511],[7.7128,51.7498],[7.7137,51.7616],[7.6938,51.7863],[7.6846,51.7852],[7.6856,51.8037],[7.6785,51.8038],[7.6721,51.8184],[7.5985,51.8427],[7.5676,51.8296],[7.5823,51.8147],[7.5638,51.8014],[7.5705,51.788],[7.535,51.7719],[7.5366,51.7912],[7.5262,51.7963],[7.5286,51.807],[7.5102,51.8173],[7.513,51.8244],[7.4947,51.8192],[7.4916,51.8242],[7.4896,51.8181],[7.4221,51.8381],[7.4337,51.8313],[7.4201,51.8156],[7.3962,51.8151],[7.3963,51.8097],[7.3511,51.801],[7.3401,51.7918],[7.2716,51.7787],[7.2624,51.7828],[7.26,51.8],[7.214,51.8169],[7.1249,51.8317],[7.1738,51.8214],[7.1144,51.7881],[7.0754,51.7774],[7.0301,51.7837],[7.0202,51.8001],[6.9778,51.7992],[6.9876,51.8025],[7.007,51.8578]]]}},{"type":"Feature","properties":{"plz":"49","c":[7.8251,52.5598]},"geometry":{"type":"Polygon","coordinates":[[[7.6845,52.4567],[7.6041,52.475],[7.5646,52.432],[7.5694,52.421],[7.5451,52.4242],[7.5255,52.4156],[7.5107,52.3974],[7.4982,52.3963],[7.4669,52.4103],[7.4565,52.4319],[7.4641,52.4393],[7.4575,52.4442],[7.414,52.4375],[7.409,52.4262],[7.392,52.4208],[7.3698,52.4213],[7.3678,52.4376],[7.3552,52.4508],[7.2983,52.4711],[7.2956,52.482],[7.2857,52.4713],[7.2954,52.4665],[7.2749,52.4692],[7.2031,52.4439],[7.1809,52.4558],[7.1547,52.4914],[7.0971,52.4992],[7.0889,52.5172],[7.0615,52.5275],[7.0362,52.5196],[7.0238,52.5008],[7.0086,52.4946],[7.0168,52.4814],[6.9985,52.4568],[6.9876,52.4698],[6.9618,52.4436],[6.9417,52.4354],[6.8525,52.4499],[6.8543,52.4597],[6.7746,52.4596],[6.6975,52.4863],[6.7053,52.521],[6.6809,52.5533],[6.7163,52.5485],[6.726,52.5633],[6.7667,52.5616],[6.7188,52.5886],[6.7273,52.6149],[6.71,52.6279],[6.7418,52.6453],[6.8729,52.6533],[6.9137,52.6468],[6.9193,52.6398],[6.9758,52.6463],[7.0417,52.6327],[7.0557,52.6434],[7.0716,52.8104],[7.0927,52.8382],[7.0873,52.8499],[7.1531,52.913],[7.1625,52.9168],[7.2407,52.9122],[7.302,52.9232],[7.301,52.9148],[7.3175,52.9099],[7.323,52.9155],[7.3399,52.9089],[7.3486,52.9178],[7.4044,52.914],[7.3991,52.8995],[7.4161,52.8864],[7.4415,52.9065],[7.4343,52.9296],[7.4901,52.8989],[7.5463,52.887],[7.5695,52.9002],[7.5759,52.9189],[7.5896,52.9054],[7.6203,52.8986],[7.6662,52.9054],[7.6438,52.8876],[7.661,52.8822],[7.7237,52.8979],[7.7409,52.9184],[7.7337,52.9251],[7.7528,52.9436],[7.8254,52.9262],[7.8324,52.9197],[7.821,52.9058],[7.9138,52.924],[7.9149,52.9298],[7.9245,52.928],[7.9253,52.9366],[7.9345,52.9276],[7.9612,52.9436],[7.9605,52.9642],[7.9892,52.9823],[8.1021,53.0181],[8.1245,52.999],[8.1144,52.9671],[8.1252,52.9369],[8.1214,52.9286],[8.1044,52.9288],[8.1572,52.9247],[8.1574,52.9047],[8.2325,52.8695],[8.3323,52.8844],[8.3558,52.8526],[8.4064,52.8485],[8.407,52.8405],[8.3929,52.8313],[8.3964,52.8255],[8.4732,52.8228],[8.4698,52.8041],[8.4499,52.7863],[8.4638,52.7737],[8.4578,52.7627],[8.4684,52.7539],[8.5022,52.7604],[8.5006,52.7756],[8.5206,52.7788],[8.5447,52.7705],[8.5544,52.7568],[8.5726,52.7594],[8.5896,52.7448],[8.625,52.7389],[8.6403,52.718],[8.6481,52.7199],[8.6637,52.6793],[8.6286,52.6865],[8.6326,52.6709],[8.6165,52.654],[8.617,52.6366],[8.6467,52.6335],[8.6308,52.622],[8.6395,52.5901],[8.6628,52.5937],[8.6775,52.5808],[8.7034,52.5809],[8.6925,52.5733],[8.708,52.5571],[8.7461,52.5514],[8.7377,52.5431],[8.7452,52.533],[8.7696,52.5352],[8.7743,52.5255],[8.7467,52.527],[8.7332,52.5095],[8.703,52.5003],[8.6856,52.512],[8.6903,52.5186],[8.6714,52.5172],[8.6523,52.5315],[8.557,52.4991],[8.5055,52.5129],[8.459,52.4917],[8.4546,52.4612],[8.4178,52.4445],[8.4004,52.4509],[8.3633,52.4428],[8.3479,52.4523],[8.2971,52.4564],[8.3083,52.4441],[8.3037,52.434],[8.3097,52.4378],[8.3219,52.4261],[8.316,52.4125],[8.3234,52.4092],[8.3121,52.4068],[8.4419,52.3616],[8.4609,52.3172],[8.4708,52.3155],[8.4582,52.3025],[8.4661,52.2677],[8.4588,52.258],[8.4685,52.2476],[8.4597,52.2429],[8.4612,52.229],[8.4423,52.2137],[8.4548,52.1995],[8.5171,52.1853],[8.4939,52.167],[8.4108,52.1366],[8.4038,52.1239],[8.4105,52.115],[8.3891,52.1079],[8.3239,52.1259],[8.2986,52.1206],[8.2855,52.1256],[8.2881,52.1349],[8.2679,52.1319],[8.2628,52.1204],[8.2464,52.1215],[8.22,52.1055],[8.1943,52.0729],[8.1518,52.0764],[8.0964,52.0571],[8.0922,52.0638],[8.0614,52.0689],[8.0459,52.0629],[8.0302,52.0676],[7.981,52.0359],[7.9169,52.0519],[7.921,52.0579],[7.885,52.0833],[7.8504,52.0945],[7.8158,52.0938],[7.7961,52.104],[7.7615,52.0971],[7.7147,52.1134],[7.7099,52.1094],[7.7134,52.151],[7.6907,52.1952],[7.6705,52.2043],[7.6496,52.203],[7.6806,52.2544],[7.6512,52.272],[7.6528,52.2833],[7.6284,52.2995],[7.6036,52.3415],[7.6668,52.3691],[7.6715,52.3955],[7.7241,52.4001],[7.7138,52.4009],[7.7029,52.4333],[7.6845,52.4567]]]}},{"type":"Feature","properties":{"plz":"50","c":[6.7655,50.919]},"geometry":{"type":"Polygon","coordinates":[[[6.8436,50.7688],[6.8131,50.7638],[6.778,50.7171],[6.7481,50.7293],[6.7129,50.7318],[6.724,50.7459],[6.7159,50.7536],[6.6938,50.7538],[6.6786,50.7741],[6.7126,50.7877],[6.704,50.8014],[6.7184,50.8043],[6.7105,50.8184],[6.7177,50.8243],[6.7079,50.8237],[6.7065,50.8353],[6.6773,50.8381],[6.6769,50.8311],[6.6527,50.8352],[6.636,50.8252],[6.6138,50.8255],[6.6092,50.8402],[6.6167,50.8485],[6.6037,50.8376],[6.5976,50.8479],[6.5514,50.8505],[6.5602,50.8587],[6.5531,50.8657],[6.561,50.8688],[6.5532,50.8762],[6.5616,50.8778],[6.5535,50.8915],[6.5193,50.8956],[6.5245,50.9318],[6.5034,50.9309],[6.4946,50.9496],[6.4851,50.9519],[6.4887,50.958],[6.4788,50.9627],[6.4998,50.9734],[6.4922,50.9839],[6.4737,50.9841],[6.459,51.004],[6.4657,51.0194],[6.4528,51.0252],[6.4696,51.0273],[6.492,51.0474],[6.5348,51.0595],[6.5378,51.0521],[6.5539,51.0556],[6.5612,51.0352],[6.5483,51.0262],[6.5656,51.0219],[6.6373,51.0267],[6.6736,51.0159],[6.7157,51.015],[6.7434,51.0371],[6.7438,51.0464],[6.762,51.0426],[6.7533,51.0659],[6.7913,51.0674],[6.8138,51.0459],[6.8337,51.0598],[6.8245,51.0744],[6.8533,51.0842],[6.8599,51.0739],[6.8978,51.0648],[6.9692,51.0281],[6.9738,51.0212],[6.9647,50.9927],[6.999,50.972],[6.9756,50.9547],[6.9956,50.9494],[6.983,50.9202],[6.9733,50.9172],[6.9905,50.8992],[6.981,50.8981],[7.0316,50.8944],[7.0515,50.8838],[6.9771,50.8426],[6.9858,50.8277],[7.0243,50.8187],[7.0296,50.8007],[6.9916,50.7927],[6.9841,50.8004],[6.9085,50.8028],[6.8379,50.7819],[6.8436,50.7688]]]}},{"type":"Feature","properties":{"plz":"51","c":[7.3997,50.9705]},"geometry":{"type":"Polygon","coordinates":[[[7.0019,50.8954],[6.9733,50.9172],[6.983,50.9202],[6.9956,50.9494],[6.9756,50.9547],[6.999,50.972],[6.9647,50.9927],[6.9627,51.0014],[6.975,51.0125],[6.9692,51.0281],[6.8978,51.0648],[6.9168,51.0791],[6.9744,51.0675],[6.9866,51.0731],[6.9887,51.0915],[7.0097,51.0819],[7.039,51.0966],[7.142,51.107],[7.1579,51.1191],[7.1692,51.1107],[7.1586,51.1034],[7.1643,51.0839],[7.1483,51.0827],[7.1386,51.0663],[7.1117,51.0613],[7.1468,51.0661],[7.1551,51.0735],[7.195,51.0657],[7.2573,51.077],[7.2989,51.1048],[7.3373,51.101],[7.334,51.12],[7.3184,51.1205],[7.348,51.1322],[7.3673,51.1257],[7.3777,51.1413],[7.3988,51.1475],[7.3817,51.1698],[7.4047,51.1874],[7.4109,51.1779],[7.4247,51.1862],[7.4368,51.1804],[7.4378,51.1662],[7.4481,51.1649],[7.4396,51.1577],[7.4794,51.1651],[7.4689,51.1462],[7.4933,51.125],[7.5023,51.1304],[7.5045,51.1172],[7.4938,51.1044],[7.5823,51.1066],[7.6069,51.0964],[7.6006,51.0813],[7.6263,51.0686],[7.69,51.0862],[7.7136,51.0731],[7.7018,51.0627],[7.7314,51.0404],[7.7355,51.0238],[7.7243,51.0097],[7.7263,50.9974],[7.7489,50.9778],[7.7809,50.9798],[7.7917,50.9531],[7.782,50.9481],[7.786,50.94],[7.8133,50.9403],[7.85,50.9247],[7.8335,50.9074],[7.8288,50.8821],[7.8098,50.8647],[7.8128,50.8424],[7.7708,50.839],[7.7299,50.8513],[7.7133,50.8336],[7.6593,50.8202],[7.6791,50.8097],[7.6776,50.7812],[7.6589,50.7849],[7.6626,50.7731],[7.6555,50.768],[7.5987,50.7668],[7.5894,50.7566],[7.5952,50.7459],[7.5808,50.7382],[7.5515,50.7466],[7.5165,50.7431],[7.4995,50.7677],[7.5038,50.7721],[7.4861,50.7811],[7.4873,50.7997],[7.4684,50.8113],[7.5282,50.8335],[7.5294,50.8421],[7.5131,50.8542],[7.5042,50.8522],[7.5064,50.8595],[7.4908,50.874],[7.4605,50.8814],[7.4793,50.9102],[7.4443,50.9473],[7.3936,50.949],[7.386,50.9345],[7.3624,50.9345],[7.3481,50.9133],[7.3247,50.9169],[7.3031,50.9068],[7.2748,50.9109],[7.2735,50.9175],[7.2456,50.9271],[7.2353,50.9079],[7.1937,50.8736],[7.1596,50.8669],[7.0906,50.8333],[7.0625,50.8305],[7.0614,50.8441],[7.0511,50.8501],[6.9925,50.8372],[6.9839,50.8439],[7.0515,50.8838],[7.0316,50.8944],[7.0019,50.8954]]]}},{"type":"Feature","properties":{"plz":"52","c":[6.3017,50.8175]},"geometry":{"type":"Polygon","coordinates":[[[6.4225,50.6189],[6.4131,50.5989],[6.3913,50.5965],[6.3945,50.5828],[6.3649,50.5614],[6.3579,50.5296],[6.3802,50.5345],[6.3697,50.5187],[6.3161,50.4967],[6.2695,50.5046],[6.2266,50.4943],[6.2062,50.5241],[6.1923,50.5211],[6.1872,50.5262],[6.1978,50.5363],[6.1781,50.5415],[6.1741,50.5564],[6.2033,50.5695],[6.2252,50.5904],[6.2425,50.5902],[6.2386,50.5877],[6.2353,50.5661],[6.2254,50.5556],[6.2106,50.5547],[6.2087,50.5519],[6.2248,50.5549],[6.2358,50.5659],[6.2474,50.603],[6.262,50.6117],[6.2741,50.6299],[6.2688,50.637],[6.2732,50.6286],[6.2521,50.6268],[6.1944,50.6339],[6.1817,50.6238],[6.1759,50.6275],[6.1832,50.6322],[6.1667,50.6436],[6.1847,50.6454],[6.1963,50.6578],[6.1955,50.6597],[6.1838,50.648],[6.1661,50.6618],[6.1751,50.6626],[6.1658,50.6621],[6.1441,50.6816],[6.1148,50.7223],[6.0445,50.7285],[6.0368,50.72],[6.0332,50.731],[6.0405,50.7455],[6.0276,50.748],[6.0184,50.7632],[6.0276,50.7742],[5.9749,50.798],[5.9849,50.8104],[6.0036,50.8015],[6.025,50.8141],[6.0189,50.8463],[6.0551,50.8572],[6.0742,50.8465],[6.0881,50.8723],[6.0752,50.893],[6.0937,50.9212],[6.054,50.9222],[6.0509,50.9299],[6.0182,50.9347],[6.0169,50.9526],[6.0052,50.9568],[6.0265,50.9833],[5.9676,50.9794],[5.9552,50.9884],[5.8971,50.9749],[5.8926,50.9803],[5.9037,50.9872],[5.9055,51.0022],[5.8788,51.018],[5.8781,51.0374],[5.8667,51.0516],[5.892,51.0531],[5.9132,51.0669],[5.9381,51.0351],[5.9578,51.0347],[5.97,51.0607],[5.9978,51.0842],[6.0806,51.1221],[6.0932,51.1033],[6.1549,51.0797],[6.1533,51.0685],[6.2139,51.0219],[6.21,51.0174],[6.2256,50.9925],[6.2422,50.9871],[6.2575,50.998],[6.2725,50.9966],[6.2699,51.0038],[6.2848,51.0104],[6.2852,51.0234],[6.3222,51.0127],[6.3616,51.0167],[6.3716,51.034],[6.4308,51.0345],[6.4522,51.0457],[6.4804,51.0344],[6.4528,51.0252],[6.4657,51.0194],[6.459,51.004],[6.4737,50.9841],[6.4922,50.9839],[6.5002,50.9714],[6.4788,50.9627],[6.5034,50.9309],[6.5245,50.9318],[6.5193,50.8956],[6.5526,50.893],[6.5616,50.8778],[6.5532,50.8762],[6.561,50.8688],[6.5531,50.8657],[6.5602,50.8587],[6.5514,50.8505],[6.5976,50.8479],[6.6037,50.8376],[6.6127,50.8379],[6.6138,50.8255],[6.5811,50.8239],[6.636,50.8252],[6.6527,50.8352],[6.6769,50.8311],[6.6773,50.8381],[6.7065,50.8353],[6.7079,50.8237],[6.7177,50.8243],[6.7105,50.8184],[6.7184,50.8043],[6.704,50.8014],[6.7126,50.7877],[6.6751,50.7703],[6.7,50.7496],[6.693,50.7353],[6.7026,50.7305],[6.6788,50.7132],[6.6265,50.7341],[6.6134,50.7144],[6.589,50.7082],[6.5855,50.6996],[6.5965,50.6935],[6.592,50.6884],[6.6014,50.6733],[6.5671,50.6562],[6.5773,50.6399],[6.5586,50.6268],[6.5638,50.6216],[6.5544,50.6119],[6.5606,50.6046],[6.55,50.5987],[6.5408,50.6071],[6.5246,50.5977],[6.4908,50.6001],[6.4701,50.6114],[6.4225,50.6189]]]}},{"type":"Feature","properties":{"plz":"53","c":[6.9644,50.6001]},"geometry":{"type":"Polygon","coordinates":[[[7.0104,50.3319],[7.0206,50.333],[7.0125,50.3233],[6.9895,50.3193],[6.9878,50.3103],[6.9541,50.3025],[6.953,50.2725],[6.9364,50.2653],[6.9174,50.2715],[6.9113,50.2634],[6.8883,50.2711],[6.8962,50.2816],[6.8568,50.2843],[6.8424,50.2777],[6.8166,50.2887],[6.8031,50.3036],[6.8129,50.3031],[6.8022,50.3096],[6.8186,50.3239],[6.7936,50.3262],[6.7947,50.3344],[6.8118,50.3368],[6.7966,50.3413],[6.8087,50.3594],[6.7773,50.3642],[6.7768,50.3582],[6.7325,50.3527],[6.6987,50.3357],[6.6872,50.3587],[6.6684,50.3718],[6.6562,50.3675],[6.6538,50.3509],[6.6383,50.3452],[6.6218,50.3535],[6.6273,50.3718],[6.6038,50.3752],[6.6033,50.3882],[6.5458,50.3666],[6.5344,50.3698],[6.5168,50.3622],[6.5173,50.3556],[6.5069,50.3596],[6.4851,50.3386],[6.466,50.3426],[6.453,50.3354],[6.4608,50.3609],[6.4478,50.3716],[6.4304,50.3632],[6.4211,50.3685],[6.4146,50.391],[6.3844,50.3841],[6.3951,50.3617],[6.4056,50.3635],[6.3973,50.3578],[6.4081,50.3393],[6.4241,50.3335],[6.4263,50.3228],[6.4054,50.3233],[6.4081,50.3356],[6.3994,50.3451],[6.368,50.3581],[6.361,50.3712],[6.343,50.3803],[6.3699,50.4092],[6.3744,50.4523],[6.3404,50.4624],[6.3375,50.4746],[6.3504,50.4885],[6.3161,50.4967],[6.3697,50.5187],[6.3802,50.5345],[6.3579,50.5296],[6.3649,50.5614],[6.3945,50.5828],[6.3913,50.5965],[6.4131,50.5989],[6.4225,50.6189],[6.4701,50.6114],[6.4908,50.6001],[6.5246,50.5977],[6.5408,50.6071],[6.55,50.5987],[6.5606,50.6046],[6.5544,50.6119],[6.5638,50.6216],[6.5586,50.6268],[6.5773,50.6399],[6.5671,50.6562],[6.6014,50.6733],[6.592,50.6884],[6.5965,50.6935],[6.5855,50.6996],[6.589,50.7082],[6.6134,50.7144],[6.6265,50.7341],[6.6788,50.7132],[6.7026,50.7305],[6.693,50.7353],[6.7006,50.7407],[6.6938,50.7538],[6.7159,50.7536],[6.724,50.7459],[6.7129,50.7318],[6.7481,50.7293],[6.778,50.7171],[6.8131,50.7638],[6.8436,50.7688],[6.8379,50.7819],[6.852,50.7885],[6.8639,50.7849],[6.9085,50.8028],[6.9582,50.8043],[6.9903,50.7989],[6.9916,50.7927],[7.0296,50.8007],[7.036,50.7858],[7.0243,50.8187],[6.9858,50.8277],[6.9795,50.8338],[6.9839,50.8439],[7.0155,50.8378],[7.0511,50.8501],[7.0614,50.8441],[7.0625,50.8305],[7.0906,50.8333],[7.1596,50.8669],[7.1937,50.8736],[7.2353,50.9079],[7.2356,50.9188],[7.2473,50.9285],[7.2748,50.9109],[7.3052,50.906],[7.3247,50.9169],[7.3481,50.9133],[7.3624,50.9345],[7.386,50.9345],[7.3936,50.949],[7.4443,50.9473],[7.4594,50.9374],[7.4793,50.9102],[7.4623,50.8788],[7.4908,50.874],[7.5064,50.8595],[7.5042,50.8522],[7.5131,50.8542],[7.5294,50.8421],[7.5282,50.8335],[7.4664,50.818],[7.474,50.8174],[7.4684,50.8113],[7.4873,50.7997],[7.4861,50.7811],[7.5038,50.7721],[7.4995,50.7677],[7.5165,50.7431],[7.53,50.7478],[7.5388,50.7421],[7.5191,50.7374],[7.52,50.7291],[7.4198,50.71],[7.439,50.7117],[7.4682,50.6719],[7.4854,50.6684],[7.4785,50.6563],[7.4854,50.645],[7.4733,50.6348],[7.4816,50.6256],[7.4509,50.6174],[7.4708,50.6109],[7.4658,50.6068],[7.4759,50.5753],[7.4744,50.5812],[7.4863,50.58],[7.5099,50.5645],[7.4844,50.5552],[7.4734,50.5586],[7.4551,50.5468],[7.4272,50.5618],[7.3881,50.56],[7.3849,50.5464],[7.4089,50.5494],[7.4139,50.5408],[7.3961,50.5299],[7.4144,50.5179],[7.402,50.5112],[7.3871,50.5324],[7.3329,50.5186],[7.3138,50.5046],[7.3204,50.4958],[7.3123,50.4846],[7.2933,50.4838],[7.2839,50.4748],[7.2691,50.4776],[7.2455,50.4671],[7.2004,50.4738],[7.2027,50.4839],[7.1769,50.4718],[7.1199,50.4624],[7.0363,50.4051],[7.0465,50.3934],[7.0364,50.3859],[7.0182,50.3804],[7.0127,50.3886],[7.0044,50.3782],[7.008,50.3697],[6.9815,50.3523],[7.009,50.3495],[7.0155,50.3409],[7.0104,50.3319]]]}},{"type":"Feature","properties":{"plz":"54","c":[6.6581,49.9656]},"geometry":{"type":"Polygon","coordinates":[[[6.6508,49.5433],[6.617,49.5354],[6.6055,49.5167],[6.5893,49.5171],[6.566,49.5378],[6.5389,49.5393],[6.5169,49.5277],[6.5194,49.5381],[6.4944,49.5306],[6.4738,49.5435],[6.4521,49.5384],[6.428,49.5485],[6.3937,49.5475],[6.3584,49.5726],[6.3827,49.5771],[6.375,49.5894],[6.423,49.6224],[6.4413,49.6562],[6.4316,49.6608],[6.477,49.6686],[6.4268,49.6627],[6.459,49.6901],[6.5122,49.711],[6.4958,49.7254],[6.5177,49.724],[6.5027,49.7323],[6.5008,49.7519],[6.519,49.7624],[6.5101,49.7741],[6.5172,49.783],[6.5061,49.7898],[6.5298,49.8094],[6.5206,49.8135],[6.5116,49.8025],[6.4716,49.8228],[6.452,49.8116],[6.4297,49.8108],[6.4021,49.82],[6.3638,49.851],[6.3412,49.8489],[6.3266,49.8364],[6.3113,49.87],[6.2969,49.8665],[6.2916,49.875],[6.2621,49.881],[6.2338,49.9002],[6.2272,49.9105],[6.2341,49.9126],[6.2317,49.9186],[6.2182,49.9234],[6.2262,49.9293],[6.2165,49.9445],[6.2239,49.9501],[6.2054,49.9552],[6.1983,49.9484],[6.1904,49.9695],[6.1805,49.9641],[6.1878,49.9563],[6.1788,49.9536],[6.1652,49.9706],[6.1728,49.9845],[6.138,49.9986],[6.1452,49.9982],[6.1498,50.0091],[6.1297,50.0181],[6.146,50.0228],[6.1302,50.0296],[6.1346,50.0402],[6.1216,50.0527],[6.1241,50.0598],[6.1125,50.0601],[6.1294,50.0734],[6.1162,50.0746],[6.1203,50.0918],[6.1333,50.0936],[6.1257,50.0991],[6.1358,50.1035],[6.131,50.1077],[6.1352,50.1133],[6.1296,50.1144],[6.1284,50.1167],[6.1294,50.1213],[6.1545,50.1416],[6.1532,50.1501],[6.132,50.1535],[6.1477,50.1605],[6.1397,50.1691],[6.1478,50.1705],[6.147,50.1777],[6.1602,50.1718],[6.1677,50.1797],[6.1923,50.182],[6.1839,50.1927],[6.1889,50.2053],[6.1665,50.2223],[6.1766,50.2259],[6.176,50.2356],[6.1957,50.2371],[6.2053,50.2511],[6.2236,50.2588],[6.2779,50.2662],[6.2914,50.2797],[6.2858,50.2942],[6.2984,50.3023],[6.2961,50.309],[6.309,50.3109],[6.3065,50.3202],[6.3331,50.3236],[6.3346,50.3165],[6.3634,50.3052],[6.3615,50.3149],[6.3753,50.3138],[6.3821,50.322],[6.4263,50.3228],[6.4241,50.3335],[6.415,50.3328],[6.3973,50.3578],[6.4056,50.3635],[6.3951,50.3617],[6.3844,50.3841],[6.413,50.3896],[6.4223,50.3817],[6.4157,50.3752],[6.4304,50.3632],[6.4478,50.3716],[6.4608,50.3609],[6.453,50.3354],[6.466,50.3426],[6.4851,50.3386],[6.5069,50.3596],[6.5173,50.3556],[6.5168,50.3622],[6.5344,50.3698],[6.5458,50.3666],[6.6033,50.3882],[6.6038,50.3752],[6.6273,50.3718],[6.6218,50.3535],[6.6383,50.3452],[6.6538,50.3509],[6.6562,50.3675],[6.6684,50.3718],[6.6872,50.3587],[6.6987,50.3357],[6.7325,50.3527],[6.7768,50.3582],[6.7773,50.3642],[6.8087,50.3594],[6.7966,50.3413],[6.8118,50.3368],[6.7947,50.3344],[6.7936,50.3262],[6.8186,50.3239],[6.8022,50.3096],[6.8129,50.3031],[6.7956,50.3039],[6.8424,50.2777],[6.8568,50.2843],[6.8962,50.2816],[6.8883,50.2711],[6.9041,50.2701],[6.9449,50.2465],[6.9406,50.2332],[6.9606,50.2203],[6.9522,50.2087],[6.9733,50.1743],[6.9715,50.1626],[6.9569,50.1586],[6.9759,50.1393],[6.9959,50.1331],[6.9791,50.1239],[6.985,50.1084],[6.9767,50.1067],[6.984,50.1006],[6.9777,50.0866],[7.003,50.0859],[7.0208,50.0737],[7.0335,50.0512],[7.0432,50.0546],[7.0331,50.0582],[7.0378,50.0677],[7.1018,50.0623],[7.0969,50.054],[7.1036,50.0505],[7.0658,50.0428],[7.0839,50.0414],[7.0757,50.0369],[7.0881,50.0325],[7.0751,50.0311],[7.0805,50.0168],[7.0929,50.005],[7.1103,50.0056],[7.1073,49.9989],[7.1149,49.9985],[7.123,49.9781],[7.098,49.9834],[7.084,49.9672],[7.0427,49.9499],[7.066,49.9542],[7.087,49.9454],[7.1005,49.9329],[7.0981,49.9267],[7.1164,49.9226],[7.1177,49.9156],[7.105,49.9128],[7.1413,49.9038],[7.156,49.9032],[7.1356,49.9101],[7.1482,49.9161],[7.1799,49.9028],[7.2206,49.9071],[7.2119,49.9002],[7.2358,49.8756],[7.2305,49.8717],[7.2375,49.8675],[7.2384,49.8735],[7.2624,49.8535],[7.1272,49.7769],[7.1317,49.7581],[7.0304,49.6804],[7.0707,49.7102],[7.1046,49.7088],[7.0818,49.6953],[7.0909,49.6904],[7.0827,49.6785],[7.0436,49.6729],[7.0508,49.6548],[7.0124,49.6284],[7.0014,49.6313],[6.9861,49.6211],[6.9916,49.6355],[6.9513,49.6251],[6.9447,49.6359],[6.9334,49.6311],[6.9376,49.6178],[6.9277,49.6182],[6.9295,49.6125],[6.8951,49.6159],[6.8763,49.6024],[6.8611,49.6092],[6.835,49.583],[6.8137,49.5921],[6.7573,49.5616],[6.7104,49.554],[6.6906,49.5353],[6.6838,49.5482],[6.6642,49.5427],[6.652,49.5529],[6.6381,49.5467],[6.6507,49.5495],[6.6508,49.5433]]]}},{"type":"Feature","properties":{"plz":"55","c":[7.6981,49.8435]},"geometry":{"type":"Polygon","coordinates":[[[7.3192,49.5623],[7.3242,49.556],[7.2769,49.5486],[7.2623,49.5719],[7.2777,49.5932],[7.2526,49.5739],[7.2189,49.565],[7.21,49.5771],[7.1867,49.5758],[7.1712,49.5876],[7.1723,49.6009],[7.2118,49.5944],[7.1567,49.6037],[7.1635,49.6023],[7.1297,49.5958],[7.1002,49.6056],[7.0882,49.5994],[7.0593,49.6302],[7.028,49.6393],[7.0508,49.6548],[7.0436,49.6729],[7.0827,49.6785],[7.0909,49.6904],[7.0818,49.6953],[7.1046,49.7088],[7.0707,49.7102],[7.1317,49.7581],[7.1272,49.7769],[7.262,49.8544],[7.2384,49.8735],[7.2334,49.869],[7.2358,49.8756],[7.2119,49.9002],[7.2867,49.9636],[7.3,49.9593],[7.3329,49.9766],[7.3481,49.9734],[7.333,49.9905],[7.3325,50.008],[7.3544,50.0121],[7.3501,50.0244],[7.3868,50.0179],[7.4303,50.0212],[7.475,50.0107],[7.4688,50.0183],[7.4845,50.0225],[7.4863,50.0336],[7.5092,50.0374],[7.5391,50.063],[7.5659,50.0573],[7.58,50.0753],[7.5967,50.0672],[7.585,50.0605],[7.588,50.0474],[7.5717,50.0452],[7.5835,50.0349],[7.6081,50.0375],[7.6379,50.0497],[7.6337,50.0645],[7.6637,50.0776],[7.6634,50.0904],[7.6242,50.0853],[7.5963,50.1003],[7.7287,50.1375],[7.739,50.1295],[7.7224,50.1136],[7.7744,50.0746],[7.7726,50.0579],[7.8503,50.0142],[7.8646,49.9819],[7.8877,49.9718],[7.977,49.9805],[8.0372,50.0032],[8.19,50.0353],[8.2542,50.0219],[8.2836,50.032],[8.289,50.0422],[8.3091,50.0402],[8.3361,50.0229],[8.3304,50.0008],[8.291,49.9933],[8.3405,49.954],[8.3547,49.9145],[8.3412,49.8844],[8.3584,49.8637],[8.3793,49.8596],[8.3853,49.8492],[8.3778,49.8276],[8.3846,49.8173],[8.3386,49.8098],[8.3138,49.828],[8.3157,49.7841],[8.2328,49.7888],[8.2329,49.7602],[8.2036,49.7484],[8.2104,49.7344],[8.2454,49.7318],[8.2493,49.7196],[8.2095,49.7138],[8.1712,49.693],[8.185,49.673],[8.1459,49.661],[8.1323,49.6737],[8.121,49.6707],[8.118,49.6816],[8.1106,49.6792],[8.1021,49.6985],[8.0594,49.6951],[8.0506,49.7029],[8.0727,49.7215],[8.0603,49.731],[7.9851,49.6964],[7.9604,49.7014],[7.9638,49.7169],[7.9758,49.7179],[7.9414,49.7314],[7.9433,49.74],[7.936,49.7351],[7.9493,49.7467],[7.9485,49.7555],[7.9213,49.7426],[7.9016,49.7526],[7.8999,49.7619],[7.8702,49.756],[7.8597,49.7658],[7.8239,49.7518],[7.7987,49.7579],[7.8199,49.7708],[7.8141,49.7759],[7.818,49.7873],[7.7621,49.789],[7.7559,49.7776],[7.7735,49.7705],[7.7585,49.7681],[7.7664,49.7443],[7.7186,49.7477],[7.722,49.7424],[7.7142,49.7408],[7.7267,49.7202],[7.7226,49.7142],[7.6906,49.7079],[7.6723,49.6877],[7.6591,49.7015],[7.6426,49.687],[7.6091,49.6844],[7.6128,49.6977],[7.5875,49.7047],[7.5821,49.7143],[7.5676,49.7047],[7.5509,49.7076],[7.5394,49.724],[7.5219,49.7075],[7.5215,49.6784],[7.4543,49.6735],[7.428,49.655],[7.4373,49.6207],[7.4486,49.6162],[7.4361,49.5922],[7.3845,49.6004],[7.3617,49.5953],[7.3331,49.5645],[7.3192,49.5623]]]}},{"type":"Feature","properties":{"plz":"56","c":[7.5116,50.3086]},"geometry":{"type":"Polygon","coordinates":[[[7.1932,49.9077],[7.1799,49.9028],[7.1482,49.9177],[7.1356,49.9101],[7.156,49.9032],[7.1093,49.9117],[7.1164,49.9226],[7.0981,49.9267],[7.1005,49.9329],[7.087,49.9454],[7.066,49.9542],[7.0494,49.95],[7.084,49.9672],[7.098,49.9834],[7.109,49.9858],[7.13,49.9687],[7.1149,49.9985],[7.1073,49.9989],[7.1103,50.0056],[7.0929,50.005],[7.0805,50.0168],[7.0823,50.0267],[7.0751,50.0311],[7.0881,50.0325],[7.0757,50.0369],[7.0839,50.0414],[7.0658,50.0428],[7.1016,50.0503],[7.1018,50.0623],[7.0707,50.0648],[7.0326,50.0857],[7.0562,50.0705],[7.0336,50.0661],[7.0331,50.0582],[7.0432,50.0546],[7.0335,50.0512],[7.0208,50.0737],[7.003,50.0859],[6.9777,50.0866],[6.984,50.1006],[6.9767,50.1067],[6.985,50.1084],[6.9791,50.1239],[6.9959,50.1331],[6.9759,50.1393],[6.9569,50.1586],[6.9914,50.167],[6.968,50.1659],[6.9733,50.1743],[6.9522,50.2087],[6.9606,50.2203],[6.9406,50.2332],[6.9449,50.2465],[6.909,50.2621],[6.9174,50.2715],[6.953,50.2725],[6.9541,50.3025],[6.9878,50.3103],[6.9895,50.3193],[7.0125,50.3233],[7.0206,50.333],[7.0104,50.3319],[7.0155,50.3409],[7.009,50.3495],[6.9815,50.3523],[7.008,50.3697],[7.0044,50.3782],[7.0127,50.3886],[7.0182,50.3804],[7.0364,50.3859],[7.0465,50.3934],[7.0362,50.4019],[7.0627,50.4277],[7.1501,50.4724],[7.1769,50.4718],[7.2027,50.4839],[7.2004,50.4738],[7.2455,50.4671],[7.3123,50.4846],[7.3204,50.4958],[7.3338,50.4851],[7.3113,50.5039],[7.3329,50.5186],[7.3871,50.5324],[7.402,50.5112],[7.4144,50.5179],[7.4081,50.5211],[7.4123,50.5246],[7.3961,50.5299],[7.4139,50.5408],[7.4089,50.5494],[7.3849,50.5464],[7.3881,50.56],[7.4272,50.5618],[7.4551,50.5468],[7.4734,50.5586],[7.4925,50.5567],[7.5099,50.5645],[7.5039,50.5731],[7.4744,50.5812],[7.4706,50.5974],[7.5058,50.6025],[7.5266,50.6175],[7.5478,50.6037],[7.5401,50.6279],[7.5577,50.6218],[7.5646,50.6268],[7.5641,50.6136],[7.6187,50.618],[7.6404,50.5943],[7.6528,50.5919],[7.6652,50.5947],[7.6744,50.6122],[7.701,50.6231],[7.7718,50.6197],[7.782,50.6151],[7.7456,50.6001],[7.7851,50.6142],[7.7854,50.5989],[7.8099,50.5915],[7.8097,50.5839],[7.8434,50.5807],[7.8658,50.5922],[7.8706,50.6002],[7.8617,50.6026],[7.8713,50.6018],[7.8687,50.608],[7.8789,50.6178],[7.8898,50.6056],[7.9003,50.6163],[7.912,50.6125],[7.9066,50.6224],[7.9147,50.6433],[7.9252,50.6415],[7.9204,50.6434],[7.9482,50.6642],[7.9363,50.6808],[7.9424,50.688],[7.9654,50.6809],[7.9687,50.6927],[8.0057,50.6884],[8.0284,50.6969],[8.0603,50.6953],[8.0794,50.7066],[8.1258,50.6859],[8.1105,50.6713],[8.1129,50.6541],[8.1406,50.6315],[8.1379,50.6184],[8.126,50.61],[8.152,50.5996],[8.1304,50.5575],[8.1375,50.5521],[8.1189,50.5485],[8.1099,50.5413],[8.1184,50.5352],[8.103,50.5326],[8.0703,50.5379],[8.0666,50.5487],[8.0461,50.5569],[8.0339,50.5522],[7.983,50.5114],[7.9902,50.4983],[7.979,50.4951],[7.9793,50.4844],[8.0106,50.4603],[8.0108,50.4526],[7.973,50.4358],[7.9892,50.4338],[7.9862,50.4217],[7.9638,50.412],[7.971,50.4065],[7.9657,50.4012],[7.9461,50.3965],[7.9341,50.4156],[7.9122,50.4103],[7.8936,50.3954],[7.8976,50.401],[7.876,50.4012],[7.8854,50.3832],[7.8524,50.3879],[7.8528,50.3822],[7.8799,50.3723],[7.8866,50.3786],[7.9025,50.364],[7.9382,50.3559],[7.9193,50.3417],[7.9365,50.3338],[7.949,50.3374],[7.9477,50.331],[7.9736,50.325],[7.9989,50.3401],[8.0218,50.2949],[7.9968,50.2957],[8.0265,50.2833],[8.0167,50.268],[8.0335,50.2644],[8.0218,50.2582],[8.0583,50.2343],[8.04,50.227],[8.0346,50.2156],[8.0137,50.2171],[7.9894,50.2385],[7.9855,50.2271],[7.9532,50.2203],[7.9476,50.2099],[7.8807,50.1985],[7.9066,50.2016],[7.9125,50.1951],[7.8828,50.1812],[7.8848,50.1674],[7.9326,50.1439],[7.9222,50.1343],[7.9298,50.1037],[7.9045,50.1216],[7.8844,50.1144],[7.8542,50.1285],[7.8443,50.1113],[7.8354,50.1099],[7.8391,50.1015],[7.8309,50.093],[7.8254,50.1012],[7.8142,50.0983],[7.7824,50.0665],[7.7224,50.1136],[7.739,50.1295],[7.7359,50.1358],[7.6506,50.1196],[7.5963,50.1003],[7.6242,50.0853],[7.6634,50.0904],[7.6637,50.0776],[7.6337,50.0645],[7.6379,50.0497],[7.5835,50.0349],[7.5717,50.0452],[7.588,50.0474],[7.585,50.0605],[7.5967,50.0672],[7.58,50.0753],[7.5659,50.0573],[7.5391,50.063],[7.5092,50.0374],[7.4863,50.0336],[7.4845,50.0225],[7.4688,50.0183],[7.475,50.0107],[7.4303,50.0212],[7.3868,50.0179],[7.3501,50.0244],[7.3544,50.0121],[7.3325,50.008],[7.3418,49.9762],[7.3,49.9593],[7.2867,49.9636],[7.2113,49.9026],[7.1981,49.9011],[7.1932,49.9077]]]}},{"type":"Feature","properties":{"plz":"57","c":[8.0372,50.9399]},"geometry":{"type":"Polygon","coordinates":[[[7.4706,50.5974],[7.4708,50.6109],[7.4509,50.6174],[7.4816,50.6256],[7.4733,50.6348],[7.4854,50.645],[7.4785,50.6563],[7.4854,50.6684],[7.4682,50.6719],[7.439,50.7118],[7.52,50.7291],[7.5191,50.7374],[7.5515,50.7466],[7.588,50.74],[7.5987,50.7668],[7.6585,50.7701],[7.6589,50.7849],[7.6776,50.7812],[7.6805,50.7973],[7.6791,50.8097],[7.6593,50.8202],[7.7039,50.8282],[7.7299,50.8513],[7.7708,50.839],[7.8128,50.8424],[7.8098,50.8647],[7.8288,50.8821],[7.8335,50.9074],[7.85,50.9247],[7.8133,50.9403],[7.786,50.94],[7.782,50.9481],[7.7917,50.9531],[7.7813,50.9786],[7.7489,50.9778],[7.7263,50.9974],[7.7243,51.0097],[7.7355,51.0238],[7.7314,51.0404],[7.7018,51.0627],[7.7136,51.0731],[7.7521,51.0715],[7.7877,51.08],[7.8184,51.0744],[7.8246,51.0816],[7.819,51.096],[7.8282,51.1029],[7.8189,51.1095],[7.8305,51.1184],[7.825,51.1238],[7.8387,51.1264],[7.8129,51.1449],[7.7958,51.147],[7.8303,51.1647],[7.8606,51.1605],[7.8652,51.1707],[7.8851,51.163],[7.9001,51.1661],[7.905,51.1747],[7.8986,51.1753],[7.9089,51.1826],[7.9284,51.1705],[7.9494,51.1761],[7.9263,51.2094],[7.9513,51.2199],[7.9405,51.2398],[8.0033,51.2357],[8.0185,51.2466],[8.0312,51.2419],[8.0274,51.2377],[8.0437,51.2371],[8.0531,51.2482],[8.1012,51.2372],[8.1194,51.24],[8.121,51.2291],[8.0998,51.2139],[8.104,51.2048],[8.112,51.1952],[8.1299,51.1944],[8.1234,51.1909],[8.1513,51.1734],[8.198,51.1991],[8.1963,51.2227],[8.2131,51.2259],[8.2133,51.2355],[8.244,51.2378],[8.2565,51.2507],[8.257,51.2424],[8.2677,51.2426],[8.277,51.2601],[8.2689,51.2686],[8.3127,51.2751],[8.3092,51.2688],[8.3228,51.2599],[8.3423,51.2605],[8.3525,51.2508],[8.351,51.261],[8.3675,51.2739],[8.3612,51.2828],[8.3738,51.2885],[8.4031,51.2809],[8.4041,51.2625],[8.4305,51.266],[8.4212,51.26],[8.434,51.2573],[8.4315,51.2476],[8.4429,51.2472],[8.4421,51.2355],[8.4222,51.2249],[8.4191,51.2198],[8.4309,51.219],[8.4325,51.2114],[8.424,51.2063],[8.4417,51.202],[8.453,51.1826],[8.4781,51.1855],[8.4892,51.1747],[8.4707,51.1728],[8.4697,51.163],[8.4332,51.1413],[8.4553,51.1344],[8.485,51.1497],[8.5065,51.1263],[8.5457,51.1138],[8.5428,51.0963],[8.5296,51.0978],[8.5017,51.0797],[8.5191,51.0688],[8.5423,51.0797],[8.5345,51.0523],[8.5188,51.0441],[8.5379,51.0201],[8.5144,51.0108],[8.4736,50.9755],[8.4781,50.969],[8.4578,50.9655],[8.4623,50.9499],[8.4494,50.94],[8.4562,50.9165],[8.4334,50.9182],[8.3879,50.8915],[8.3855,50.8759],[8.3717,50.8741],[8.3667,50.8627],[8.3053,50.8611],[8.292,50.8819],[8.2707,50.8823],[8.1736,50.8174],[8.1658,50.8036],[8.1272,50.7892],[8.142,50.7713],[8.1354,50.7672],[8.153,50.7613],[8.1468,50.7547],[8.1668,50.7357],[8.1405,50.6942],[8.1317,50.6965],[8.1258,50.6859],[8.0794,50.7066],[8.0603,50.6953],[8.0284,50.6969],[8.0057,50.6884],[7.9687,50.6927],[7.9654,50.6809],[7.9488,50.6887],[7.9358,50.6888],[7.9424,50.688],[7.9363,50.6808],[7.9482,50.6642],[7.914,50.6416],[7.9101,50.6153],[7.9003,50.6163],[7.8898,50.6056],[7.8789,50.6178],[7.8687,50.608],[7.8713,50.6018],[7.8617,50.6026],[7.8706,50.6002],[7.8658,50.5922],[7.8434,50.5807],[7.8097,50.5839],[7.8099,50.5915],[7.7854,50.5989],[7.7823,50.6161],[7.7718,50.6197],[7.701,50.6231],[7.6744,50.6122],[7.6652,50.5947],[7.6528,50.5919],[7.6324,50.5987],[7.6187,50.618],[7.5641,50.6136],[7.5646,50.6268],[7.5577,50.6218],[7.5401,50.6279],[7.5433,50.6119],[7.5266,50.6175],[7.4896,50.5978],[7.4706,50.5974]]]}},{"type":"Feature","properties":{"plz":"58","c":[7.6312,51.3018]},"geometry":{"type":"Polygon","coordinates":[[[7.3385,51.2475],[7.3066,51.2402],[7.2968,51.2465],[7.3066,51.2515],[7.2832,51.2498],[7.2792,51.2636],[7.2674,51.2577],[7.2778,51.2723],[7.2557,51.2866],[7.2627,51.3039],[7.2998,51.3132],[7.3004,51.3249],[7.317,51.3307],[7.3027,51.3459],[7.3146,51.349],[7.3117,51.3602],[7.296,51.36],[7.2979,51.3766],[7.2759,51.3702],[7.2461,51.3949],[7.2589,51.4217],[7.2884,51.435],[7.2753,51.4307],[7.2933,51.4444],[7.2897,51.4544],[7.342,51.457],[7.3482,51.4826],[7.3894,51.4741],[7.3891,51.4626],[7.4142,51.4501],[7.4235,51.4316],[7.4615,51.4363],[7.4651,51.4169],[7.5108,51.4178],[7.5038,51.4261],[7.5321,51.435],[7.5386,51.4489],[7.5525,51.4551],[7.5423,51.4614],[7.5524,51.4688],[7.5735,51.4745],[7.5841,51.4643],[7.6045,51.476],[7.635,51.4605],[7.63,51.4515],[7.6729,51.4675],[7.6563,51.4704],[7.6685,51.4928],[7.6996,51.4938],[7.7006,51.5111],[7.7304,51.509],[7.757,51.5187],[7.7629,51.5294],[7.7947,51.5264],[7.7981,51.5124],[7.834,51.5168],[7.8483,51.5339],[7.8554,51.5263],[7.8731,51.5283],[7.8709,51.5228],[7.8804,51.5194],[7.8654,51.5088],[7.8776,51.5125],[7.8861,51.5096],[7.8812,51.5043],[7.9077,51.5056],[7.9205,51.498],[7.9244,51.4858],[7.918,51.4823],[7.9048,51.4913],[7.8878,51.4834],[7.8766,51.4739],[7.8798,51.4664],[7.8647,51.4574],[7.8796,51.4459],[7.8953,51.416],[7.89,51.4024],[7.8965,51.3955],[7.8903,51.3899],[7.9077,51.373],[7.9123,51.3537],[7.9056,51.3475],[7.9317,51.3341],[7.9274,51.3246],[7.934,51.3201],[7.9014,51.3062],[7.9189,51.2971],[7.9093,51.285],[7.9152,51.2792],[7.9033,51.2773],[7.9225,51.2599],[7.9191,51.2442],[7.9304,51.2456],[7.9346,51.2338],[7.9506,51.2286],[7.9513,51.2199],[7.9263,51.2094],[7.9494,51.1761],[7.9284,51.1705],[7.9089,51.1826],[7.8986,51.1753],[7.905,51.1747],[7.9001,51.166],[7.8652,51.1707],[7.8606,51.1605],[7.8303,51.1647],[7.7958,51.147],[7.8129,51.1449],[7.8387,51.1264],[7.825,51.1238],[7.8305,51.1184],[7.8189,51.1095],[7.8282,51.1029],[7.819,51.096],[7.8246,51.0816],[7.8184,51.0744],[7.7877,51.08],[7.7838,51.0746],[7.7136,51.0731],[7.69,51.0862],[7.6263,51.0686],[7.6006,51.0813],[7.6069,51.0964],[7.5823,51.1066],[7.535,51.1006],[7.4963,51.106],[7.5045,51.1172],[7.5023,51.1304],[7.4933,51.125],[7.4689,51.1462],[7.4794,51.1651],[7.4396,51.1577],[7.4481,51.1649],[7.4378,51.1662],[7.4368,51.1804],[7.4172,51.1977],[7.4301,51.2049],[7.4301,51.2244],[7.4139,51.2279],[7.4104,51.2196],[7.398,51.2249],[7.395,51.2323],[7.4035,51.2394],[7.3641,51.2455],[7.3717,51.2532],[7.3547,51.2393],[7.3406,51.2389],[7.3385,51.2475]]]}},{"type":"Feature","properties":{"plz":"59","c":[8.1173,51.5311]},"geometry":{"type":"Polygon","coordinates":[[[7.6382,51.5277],[7.6261,51.5523],[7.608,51.5485],[7.6063,51.5685],[7.5907,51.5659],[7.5972,51.576],[7.5923,51.595],[7.5614,51.6034],[7.5666,51.6191],[7.5777,51.6227],[7.5464,51.6445],[7.4763,51.6527],[7.4571,51.6412],[7.4438,51.6472],[7.4488,51.6542],[7.4434,51.6598],[7.3394,51.6874],[7.3449,51.6992],[7.309,51.7033],[7.3107,51.7116],[7.2996,51.7057],[7.3265,51.7388],[7.2802,51.7492],[7.259,51.7733],[7.2824,51.7855],[7.3401,51.7918],[7.3511,51.801],[7.3963,51.8097],[7.3962,51.8151],[7.4201,51.8156],[7.4374,51.8337],[7.4896,51.8181],[7.4916,51.8242],[7.4947,51.8192],[7.513,51.8244],[7.5102,51.8173],[7.5286,51.807],[7.5262,51.7963],[7.5366,51.7912],[7.5385,51.7794],[7.5295,51.7708],[7.535,51.7719],[7.5705,51.788],[7.5638,51.8014],[7.5823,51.8147],[7.5676,51.8296],[7.5985,51.8427],[7.6721,51.8184],[7.6785,51.8038],[7.6856,51.8037],[7.6846,51.7852],[7.6938,51.7863],[7.7137,51.7616],[7.7128,51.7498],[7.7296,51.7511],[7.7372,51.7304],[7.7373,51.7379],[7.7519,51.7393],[7.7694,51.7238],[7.8313,51.7446],[7.8132,51.7398],[7.8165,51.7573],[7.7927,51.7848],[7.7929,51.7933],[7.8095,51.7974],[7.7882,51.8069],[7.7934,51.8138],[7.8359,51.8038],[7.8869,51.8062],[7.8827,51.8222],[7.8894,51.8287],[7.8783,51.8425],[7.8789,51.8574],[7.9051,51.8602],[7.9292,51.8518],[7.9556,51.857],[7.9725,51.8679],[7.9722,51.8835],[8.0016,51.8917],[8.0151,51.9084],[8.0082,51.9114],[8.0261,51.9229],[8.0511,51.9196],[8.0709,51.9059],[8.113,51.9068],[8.1252,51.8931],[8.1619,51.8997],[8.1588,51.891],[8.1725,51.8882],[8.1848,51.8623],[8.2007,51.8623],[8.2199,51.843],[8.2001,51.8277],[8.2346,51.8215],[8.2407,51.8091],[8.2575,51.8026],[8.2548,51.7732],[8.2794,51.7697],[8.2932,51.753],[8.3019,51.7541],[8.3014,51.7415],[8.311,51.7411],[8.3195,51.725],[8.433,51.7169],[8.4618,51.7241],[8.4768,51.7146],[8.4796,51.7076],[8.4697,51.7043],[8.4846,51.6869],[8.4782,51.6837],[8.5733,51.6595],[8.5871,51.6166],[8.5795,51.6199],[8.5108,51.5947],[8.5072,51.5854],[8.4881,51.5873],[8.4911,51.5819],[8.4771,51.576],[8.4824,51.5649],[8.4727,51.5631],[8.4867,51.5328],[8.5121,51.5304],[8.5198,51.4907],[8.5479,51.4677],[8.5733,51.468],[8.6036,51.4846],[8.6544,51.4814],[8.7208,51.4592],[8.7521,51.466],[8.7572,51.454],[8.735,51.4406],[8.7284,51.4174],[8.7078,51.4084],[8.7152,51.4008],[8.702,51.3916],[8.7008,51.3774],[8.6765,51.3707],[8.6829,51.3626],[8.6601,51.3536],[8.6538,51.3398],[8.6376,51.3437],[8.6209,51.3364],[8.5923,51.3034],[8.5564,51.2774],[8.5774,51.2674],[8.5988,51.2416],[8.6281,51.2609],[8.681,51.2682],[8.6924,51.2767],[8.7214,51.2748],[8.7216,51.2679],[8.7368,51.2611],[8.7273,51.25],[8.7411,51.2188],[8.7682,51.2091],[8.7494,51.1985],[8.7501,51.1819],[8.7581,51.1772],[8.6929,51.1327],[8.7022,51.1161],[8.7201,51.1141],[8.6739,51.1021],[8.6671,51.0836],[8.679,51.0765],[8.6572,51.0791],[8.6642,51.0732],[8.6576,51.0671],[8.6047,51.0702],[8.5833,51.0616],[8.5762,51.0703],[8.5394,51.0759],[8.5389,51.0816],[8.5191,51.0688],[8.5059,51.0723],[8.5017,51.0797],[8.5159,51.0903],[8.5486,51.1027],[8.5457,51.1138],[8.5065,51.1263],[8.4889,51.1482],[8.4553,51.1344],[8.4377,51.1422],[8.4697,51.163],[8.4707,51.1728],[8.4892,51.1747],[8.4781,51.1855],[8.453,51.1826],[8.4417,51.202],[8.424,51.2063],[8.4325,51.2114],[8.4309,51.219],[8.4191,51.2198],[8.4391,51.2313],[8.4429,51.2472],[8.4315,51.2476],[8.434,51.2573],[8.4212,51.26],[8.4305,51.266],[8.4041,51.2625],[8.4031,51.2809],[8.3738,51.2885],[8.3612,51.2828],[8.3675,51.2739],[8.351,51.261],[8.3525,51.2508],[8.3423,51.2605],[8.3228,51.2599],[8.3092,51.2688],[8.3127,51.2751],[8.2767,51.2794],[8.2964,51.276],[8.2689,51.2686],[8.277,51.2601],[8.2677,51.2426],[8.257,51.2424],[8.2565,51.2507],[8.244,51.2378],[8.2133,51.2355],[8.2131,51.2259],[8.1963,51.2227],[8.198,51.1991],[8.1513,51.1734],[8.1234,51.1909],[8.1299,51.1944],[8.112,51.1952],[8.104,51.2048],[8.0998,51.2139],[8.121,51.2291],[8.1194,51.24],[8.1012,51.2372],[8.0531,51.2482],[8.0437,51.2371],[8.0274,51.2377],[8.0312,51.2419],[8.0185,51.2466],[8.0033,51.2357],[7.9466,51.2403],[7.9346,51.2338],[7.9304,51.2456],[7.9191,51.2442],[7.9225,51.2599],[7.9033,51.2773],[7.9152,51.2792],[7.9093,51.285],[7.9189,51.2971],[7.9014,51.3062],[7.934,51.3201],[7.9274,51.3246],[7.9317,51.3341],[7.9056,51.3475],[7.9123,51.3537],[7.9077,51.373],[7.8903,51.3899],[7.8965,51.3955],[7.89,51.4024],[7.8953,51.416],[7.8796,51.4459],[7.8647,51.4574],[7.8798,51.4664],[7.8766,51.4739],[7.8878,51.4834],[7.9048,51.4913],[7.918,51.4823],[7.9244,51.4858],[7.9205,51.498],[7.9077,51.5056],[7.8812,51.5043],[7.8861,51.5096],[7.8776,51.5125],[7.8654,51.5088],[7.8804,51.5194],[7.8709,51.5228],[7.8731,51.5283],[7.8554,51.5263],[7.8483,51.5339],[7.834,51.5168],[7.7981,51.5124],[7.7947,51.5264],[7.7629,51.5294],[7.757,51.5187],[7.7304,51.509],[7.7006,51.5111],[7.6996,51.4938],[7.6588,51.4839],[7.6632,51.4728],[7.6563,51.4704],[7.6729,51.4675],[7.63,51.4515],[7.635,51.4605],[7.6058,51.4702],[7.6097,51.4798],[7.5964,51.496],[7.5965,51.5076],[7.6435,51.5196],[7.6306,51.5219],[7.6382,51.5277]]]}},{"type":"Feature","properties":{"plz":"60","c":[8.6615,50.1207]},"geometry":{"type":"Polygon","coordinates":[[[8.725,50.0618],[8.6393,50.0558],[8.6066,50.0391],[8.5985,50.0421],[8.5908,50.0177],[8.5761,50.0155],[8.5702,50.0253],[8.5174,50.0251],[8.5201,50.0368],[8.5537,50.049],[8.5476,50.0689],[8.5537,50.0899],[8.5463,50.0956],[8.5565,50.0991],[8.5895,50.0883],[8.6218,50.0928],[8.6044,50.1058],[8.5856,50.134],[8.6029,50.135],[8.5836,50.1357],[8.6023,50.1561],[8.5899,50.1593],[8.5879,50.1686],[8.61,50.1763],[8.6298,50.1688],[8.6054,50.1809],[8.6692,50.2169],[8.7018,50.217],[8.7093,50.2271],[8.7313,50.2176],[8.7308,50.2036],[8.7055,50.1918],[8.7109,50.1885],[8.7006,50.1809],[8.7231,50.1635],[8.7631,50.1727],[8.7629,50.179],[8.8005,50.1714],[8.7836,50.1586],[8.7851,50.1395],[8.769,50.1307],[8.7805,50.1158],[8.7758,50.109],[8.7453,50.115],[8.7174,50.1063],[8.6839,50.1085],[8.6689,50.1023],[8.6773,50.1059],[8.6835,50.0976],[8.6776,50.1056],[8.7415,50.1048],[8.7489,50.0942],[8.732,50.0821],[8.725,50.0618]]]}},{"type":"Feature","properties":{"plz":"61","c":[8.6566,50.2952]},"geometry":{"type":"Polygon","coordinates":[[[8.5722,50.1555],[8.5476,50.1748],[8.5317,50.1717],[8.5353,50.1641],[8.5136,50.1679],[8.5098,50.1594],[8.474,50.1736],[8.4621,50.1656],[8.4557,50.1703],[8.4534,50.1633],[8.4227,50.1879],[8.4047,50.1812],[8.4084,50.177],[8.3712,50.1904],[8.3559,50.1875],[8.3746,50.201],[8.3542,50.2015],[8.36,50.2149],[8.4057,50.2219],[8.3773,50.2419],[8.4066,50.2508],[8.4115,50.259],[8.4087,50.269],[8.3687,50.2886],[8.3714,50.2957],[8.3548,50.294],[8.3361,50.3034],[8.3643,50.3122],[8.3164,50.3394],[8.3373,50.3488],[8.3351,50.3569],[8.3544,50.3609],[8.3451,50.3675],[8.3609,50.3796],[8.3896,50.3872],[8.392,50.4044],[8.405,50.3977],[8.4674,50.4148],[8.4932,50.3953],[8.514,50.3989],[8.5359,50.3917],[8.5455,50.3694],[8.5616,50.3756],[8.5917,50.3685],[8.6692,50.3767],[8.7028,50.4045],[8.7683,50.4087],[8.791,50.4205],[8.7827,50.4297],[8.7992,50.4425],[8.853,50.4318],[8.8646,50.4464],[8.8736,50.4353],[8.9003,50.4266],[8.9001,50.4196],[8.9204,50.4196],[8.9242,50.4106],[8.9577,50.4166],[8.95,50.4067],[8.9524,50.3934],[8.9363,50.3872],[8.9379,50.3629],[8.9272,50.3553],[8.9284,50.3391],[8.9489,50.3453],[8.9645,50.3293],[8.9818,50.3319],[8.9543,50.3084],[8.9528,50.3138],[8.9223,50.2992],[8.9097,50.3046],[8.8977,50.2978],[8.9077,50.2923],[8.9018,50.2762],[8.8862,50.2724],[8.9199,50.2743],[8.9242,50.2651],[8.9478,50.2647],[8.9618,50.2541],[8.9425,50.2314],[8.9349,50.2319],[8.942,50.23],[8.942,50.22],[8.9005,50.2154],[8.8658,50.1821],[8.8419,50.1851],[8.8131,50.1701],[8.7629,50.179],[8.7631,50.1727],[8.7359,50.163],[8.7231,50.1635],[8.702,50.1806],[8.7109,50.1885],[8.7055,50.1918],[8.7351,50.2113],[8.7116,50.2264],[8.7018,50.217],[8.6692,50.2169],[8.6388,50.2017],[8.6054,50.1809],[8.61,50.1763],[8.5879,50.1686],[8.5899,50.1593],[8.5722,50.1555]]]}},{"type":"Feature","properties":{"plz":"63","c":[9.146,50.0946]},"geometry":{"type":"Polygon","coordinates":[[[8.7564,49.9483],[8.7432,49.9596],[8.704,49.9503],[8.6584,49.9523],[8.6207,49.9651],[8.63,49.968],[8.6287,49.9754],[8.6073,49.9966],[8.6022,50.0147],[8.5908,50.0177],[8.5985,50.0421],[8.6066,50.0391],[8.6214,50.0518],[8.725,50.0618],[8.7478,50.0994],[8.7605,50.0989],[8.7256,50.1085],[8.7441,50.1152],[8.7774,50.1054],[8.7805,50.1158],[8.769,50.1307],[8.7851,50.1395],[8.7836,50.1586],[8.8005,50.1714],[8.8163,50.1706],[8.8419,50.1851],[8.8734,50.1768],[8.862,50.1824],[8.9005,50.2154],[8.942,50.22],[8.942,50.23],[8.9349,50.2319],[8.9425,50.2314],[8.9618,50.2541],[8.9478,50.2647],[8.9305,50.2621],[8.9199,50.2743],[8.9018,50.2762],[8.9077,50.2923],[8.8977,50.2978],[8.9097,50.3046],[8.9223,50.2992],[8.9528,50.3138],[8.9543,50.3084],[8.9818,50.3319],[8.9645,50.3293],[8.9489,50.3453],[8.9284,50.3391],[8.9272,50.3553],[8.9379,50.3629],[8.9363,50.3872],[8.9448,50.3835],[8.9524,50.3934],[8.95,50.4067],[8.9577,50.4166],[8.9242,50.4106],[8.9204,50.4196],[8.9001,50.4196],[8.9003,50.4266],[8.9077,50.4381],[8.9504,50.4316],[8.9633,50.4405],[8.9597,50.4483],[8.9877,50.4537],[8.9887,50.4651],[8.979,50.4684],[8.9876,50.4793],[8.9784,50.4905],[9.0087,50.4955],[9.0062,50.4885],[9.0424,50.498],[9.075,50.5171],[9.1011,50.5191],[9.1079,50.5382],[9.1278,50.541],[9.1342,50.5541],[9.1717,50.5403],[9.2196,50.5384],[9.2705,50.5256],[9.2588,50.511],[9.2581,50.4848],[9.2474,50.4674],[9.2578,50.4629],[9.2711,50.4378],[9.2868,50.4369],[9.2912,50.4496],[9.284,50.456],[9.2979,50.4634],[9.3358,50.4516],[9.3535,50.4364],[9.3619,50.4173],[9.3476,50.4221],[9.353,50.4148],[9.3395,50.4007],[9.3528,50.392],[9.3495,50.3856],[9.3659,50.3891],[9.3858,50.3461],[9.4076,50.3428],[9.403,50.3302],[9.4104,50.321],[9.399,50.3168],[9.4026,50.3042],[9.4168,50.306],[9.4206,50.3002],[9.4142,50.2953],[9.4489,50.2851],[9.4579,50.2689],[9.4962,50.257],[9.5014,50.2432],[9.4946,50.2268],[9.5161,50.1998],[9.5015,50.193],[9.4981,50.1756],[9.5281,50.1681],[9.5311,50.1611],[9.5074,50.1455],[9.5193,50.1059],[9.513,50.0943],[9.3422,50.0837],[9.3612,50.0688],[9.3429,50.064],[9.3499,50.0576],[9.337,50.0385],[9.3622,50.0284],[9.3552,50.0378],[9.3602,50.043],[9.3872,50.0291],[9.3927,50.033],[9.3964,49.9971],[9.3762,49.9955],[9.3999,49.9955],[9.3973,50.011],[9.4128,50.0091],[9.4081,49.9971],[9.4304,49.991],[9.4434,49.9762],[9.4412,49.9619],[9.4523,49.9489],[9.4374,49.9499],[9.419,49.9357],[9.4053,49.9354],[9.4159,49.9337],[9.4596,49.9484],[9.4802,49.9436],[9.4637,49.9277],[9.4652,49.9166],[9.4539,49.9265],[9.4223,49.9177],[9.431,49.9117],[9.4267,49.8998],[9.4348,49.8839],[9.4138,49.8801],[9.3666,49.8536],[9.3738,49.8375],[9.3556,49.8339],[9.3611,49.8176],[9.3204,49.8052],[9.3242,49.7977],[9.2929,49.7825],[9.2965,49.7695],[9.28,49.7656],[9.2623,49.7238],[9.283,49.7417],[9.374,49.728],[9.3377,49.7137],[9.3446,49.7001],[9.3808,49.7054],[9.3803,49.7262],[9.3998,49.7296],[9.4223,49.6961],[9.401,49.6772],[9.413,49.6774],[9.397,49.6719],[9.4195,49.6589],[9.4061,49.6455],[9.3837,49.6428],[9.3674,49.6552],[9.3464,49.6474],[9.3034,49.6574],[9.3065,49.6507],[9.2718,49.6348],[9.2705,49.6264],[9.2851,49.6148],[9.2647,49.6068],[9.2593,49.5932],[9.2494,49.5936],[9.2492,49.5847],[9.2405,49.5814],[9.2308,49.5805],[9.2429,49.5911],[9.2247,49.579],[9.1946,49.5739],[9.1592,49.5796],[9.1205,49.5735],[9.1027,49.5775],[9.0844,49.6009],[9.0665,49.6023],[9.0662,49.6191],[9.1018,49.6416],[9.1025,49.6606],[9.0887,49.669],[9.088,49.6881],[9.0923,49.6949],[9.1278,49.7004],[9.1212,49.7146],[9.1336,49.7157],[9.1493,49.7435],[9.107,49.7587],[9.1133,49.7738],[9.1343,49.7822],[9.1322,49.7941],[9.1093,49.7978],[9.0941,49.7903],[9.0771,49.8183],[9.0869,49.8266],[9.0778,49.8347],[9.09,49.8411],[9.0852,49.8477],[9.0648,49.8318],[9.0531,49.8399],[9.0601,49.8462],[9.0416,49.8399],[9.0361,49.8464],[9.0438,49.8555],[9.0333,49.8666],[9.0502,49.8662],[9.0376,49.8781],[9.032,49.9095],[9.0234,49.9101],[9.0323,49.9246],[9.0191,49.9468],[9.0267,49.9551],[9.0142,49.9914],[8.9446,50.0019],[8.9382,49.99],[8.8995,49.9662],[8.8652,49.9637],[8.8122,49.9464],[8.7814,49.9594],[8.7564,49.9483]]]}},{"type":"Feature","properties":{"plz":"64","c":[8.7839,49.7733]},"geometry":{"type":"Polygon","coordinates":[[[8.579,49.6168],[8.5646,49.615],[8.5731,49.6345],[8.5213,49.6232],[8.508,49.6554],[8.5184,49.6563],[8.5207,49.6669],[8.493,49.6601],[8.4794,49.6644],[8.4929,49.6805],[8.5111,49.6752],[8.5014,49.7032],[8.5349,49.7123],[8.5403,49.7177],[8.5338,49.7246],[8.4946,49.723],[8.4712,49.729],[8.4713,49.7347],[8.4582,49.7258],[8.4482,49.7335],[8.4795,49.7637],[8.426,49.7672],[8.3778,49.8276],[8.3853,49.8492],[8.3767,49.8633],[8.3895,49.8632],[8.4187,49.8899],[8.4156,49.9],[8.4243,49.9107],[8.437,49.9071],[8.4357,49.9161],[8.4469,49.9208],[8.4414,49.9303],[8.4262,49.9322],[8.4225,49.9387],[8.4307,49.9485],[8.5072,49.976],[8.5039,49.984],[8.5156,49.9858],[8.5103,49.9979],[8.5383,49.9903],[8.5324,49.9946],[8.5483,50.0029],[8.5487,50.0253],[8.6022,50.0147],[8.6073,49.9966],[8.6287,49.9754],[8.63,49.968],[8.6176,49.9651],[8.6867,49.9483],[8.7432,49.9596],[8.7564,49.9483],[8.7814,49.9594],[8.8122,49.9464],[8.8652,49.9637],[8.8995,49.9662],[8.9382,49.99],[8.9446,50.0019],[9.0142,49.9914],[9.0267,49.9551],[9.0191,49.9468],[9.0323,49.9246],[9.0234,49.9101],[9.032,49.9095],[9.0376,49.8781],[9.0502,49.8662],[9.0333,49.8666],[9.0438,49.8555],[9.0365,49.8466],[9.0416,49.8399],[9.0601,49.8462],[9.0531,49.8399],[9.0648,49.8318],[9.0852,49.8477],[9.09,49.8411],[9.0778,49.8347],[9.0869,49.8266],[9.0771,49.8183],[9.0907,49.7909],[9.1081,49.798],[9.1322,49.7941],[9.1343,49.7822],[9.1133,49.7738],[9.107,49.7587],[9.1493,49.7435],[9.1336,49.7157],[9.1212,49.7146],[9.1278,49.7004],[9.0923,49.6949],[9.0887,49.669],[9.1025,49.6606],[9.1018,49.6416],[9.0662,49.6191],[9.0665,49.6023],[9.0844,49.6009],[9.1027,49.5775],[9.0962,49.5509],[9.086,49.5424],[9.1156,49.5338],[9.1263,49.5168],[9.1199,49.5122],[9.1064,49.5098],[9.0997,49.5262],[9.0642,49.5303],[9.0502,49.52],[9.0409,49.4984],[8.992,49.5032],[8.9861,49.5103],[8.9683,49.5014],[8.9516,49.5055],[8.9579,49.4955],[8.9502,49.488],[8.9542,49.4818],[8.9432,49.4859],[8.9316,49.4706],[8.9155,49.4829],[8.9001,49.4819],[8.8972,49.4977],[8.9118,49.5229],[8.8918,49.5323],[8.8804,49.5684],[8.8874,49.577],[8.8826,49.599],[8.8729,49.6069],[8.8888,49.6092],[8.8757,49.6141],[8.8532,49.6019],[8.8069,49.6069],[8.8078,49.5956],[8.7856,49.585],[8.7568,49.5977],[8.7418,49.6225],[8.7084,49.6296],[8.5976,49.611],[8.5855,49.6016],[8.579,49.6168]]]}},{"type":"Feature","properties":{"plz":"65","c":[8.183,50.1921]},"geometry":{"type":"Polygon","coordinates":[[[7.8586,50.0063],[7.7726,50.0579],[7.7736,50.0671],[7.7872,50.069],[7.8142,50.0983],[7.8254,50.1012],[7.8309,50.093],[7.8391,50.1015],[7.8354,50.1099],[7.8443,50.1113],[7.8542,50.1285],[7.8844,50.1144],[7.9045,50.1216],[7.9291,50.1045],[7.9222,50.1343],[7.9326,50.1439],[7.8848,50.1674],[7.8828,50.1812],[7.9125,50.1951],[7.9066,50.2016],[7.9476,50.2099],[7.9532,50.2203],[7.9855,50.2271],[7.9894,50.2385],[8.0137,50.2171],[8.0383,50.214],[8.0351,50.2223],[8.0583,50.2343],[8.0218,50.2582],[8.0335,50.2644],[8.0167,50.268],[8.0291,50.2784],[8.0146,50.2912],[8.0218,50.2949],[7.9989,50.3401],[7.9736,50.325],[7.9477,50.331],[7.949,50.3374],[7.9365,50.3338],[7.9193,50.3417],[7.9382,50.3559],[7.9025,50.364],[7.8866,50.3786],[7.8799,50.3723],[7.8653,50.377],[7.8524,50.3879],[7.8854,50.3832],[7.8792,50.399],[7.884,50.4023],[7.8976,50.401],[7.8936,50.3954],[7.9122,50.4103],[7.9341,50.4156],[7.9461,50.3965],[7.9657,50.4012],[7.971,50.4065],[7.9638,50.412],[7.9862,50.4217],[7.9892,50.4338],[7.9756,50.4357],[8.0031,50.4429],[8.0002,50.4477],[8.0108,50.4526],[8.0106,50.4603],[7.9793,50.4844],[7.979,50.4951],[7.9902,50.4983],[7.983,50.5114],[8.0414,50.557],[8.0666,50.5487],[8.0703,50.5379],[8.103,50.5326],[8.131,50.5412],[8.1404,50.5191],[8.1601,50.5292],[8.1664,50.5234],[8.1569,50.5173],[8.1595,50.4995],[8.1778,50.4911],[8.1709,50.4751],[8.1814,50.4582],[8.2169,50.4563],[8.2035,50.4443],[8.2237,50.4622],[8.2377,50.4574],[8.2228,50.4342],[8.2509,50.4403],[8.2513,50.4241],[8.2665,50.4231],[8.2693,50.408],[8.284,50.4066],[8.2755,50.396],[8.3026,50.3805],[8.2952,50.3687],[8.3609,50.3796],[8.3451,50.3675],[8.3544,50.3609],[8.3351,50.3569],[8.3373,50.3488],[8.3065,50.337],[8.3408,50.329],[8.3643,50.3122],[8.3361,50.3034],[8.3548,50.294],[8.3714,50.2957],[8.3687,50.2886],[8.4087,50.269],[8.4115,50.259],[8.4066,50.2508],[8.3773,50.2419],[8.4057,50.2219],[8.36,50.2149],[8.3542,50.2015],[8.3746,50.201],[8.3559,50.1875],[8.3712,50.1904],[8.4084,50.177],[8.4047,50.1812],[8.4227,50.1879],[8.4534,50.1633],[8.4557,50.1703],[8.4621,50.1656],[8.474,50.1736],[8.5098,50.1594],[8.5136,50.1679],[8.5353,50.1641],[8.5317,50.1717],[8.5476,50.1748],[8.5722,50.1555],[8.6023,50.1561],[8.5836,50.1357],[8.6218,50.0928],[8.5895,50.0883],[8.5565,50.0991],[8.5463,50.0956],[8.5537,50.0832],[8.5476,50.0689],[8.5418,50.0722],[8.5537,50.049],[8.5201,50.0368],[8.5174,50.0251],[8.5487,50.0253],[8.5483,50.0029],[8.5323,49.9884],[8.5103,49.9979],[8.5156,49.9858],[8.5039,49.984],[8.5072,49.976],[8.4307,49.9485],[8.4225,49.9387],[8.4262,49.9322],[8.4414,49.9303],[8.4469,49.9208],[8.4357,49.9161],[8.437,49.9071],[8.4243,49.9107],[8.4156,49.9],[8.4187,49.8899],[8.3793,49.8596],[8.3468,49.8728],[8.3412,49.8844],[8.3547,49.9145],[8.3329,49.9646],[8.291,49.9933],[8.3304,50.0008],[8.3327,50.0264],[8.3402,50.0296],[8.326,50.0251],[8.3091,50.0402],[8.289,50.0422],[8.2836,50.032],[8.2542,50.0219],[8.2359,50.0306],[8.1752,50.0341],[7.9469,49.975],[7.8877,49.9718],[7.8702,49.9758],[7.8586,50.0063]]]}},{"type":"Feature","properties":{"plz":"66","c":[7.1634,49.3617]},"geometry":{"type":"Polygon","coordinates":[[[6.8445,49.173],[6.8474,49.1572],[6.8342,49.1513],[6.78,49.1684],[6.7386,49.1637],[6.7204,49.1753],[6.7113,49.1884],[6.7315,49.206],[6.7196,49.2213],[6.6972,49.2152],[6.6897,49.2205],[6.6848,49.2417],[6.6901,49.2497],[6.6605,49.2613],[6.6703,49.2803],[6.6533,49.2812],[6.6388,49.2956],[6.6154,49.3016],[6.5891,49.3221],[6.5957,49.33],[6.5907,49.3363],[6.5785,49.3349],[6.5636,49.3559],[6.5742,49.3588],[6.5881,49.3495],[6.6023,49.3671],[6.5832,49.3685],[6.5867,49.3852],[6.541,49.4012],[6.5386,49.4121],[6.5575,49.4196],[6.5401,49.4334],[6.428,49.4769],[6.3751,49.4644],[6.3577,49.5306],[6.381,49.5511],[6.4142,49.5433],[6.428,49.5485],[6.4521,49.5384],[6.4738,49.5435],[6.4944,49.5306],[6.515,49.535],[6.5169,49.5277],[6.5389,49.5393],[6.5638,49.5405],[6.5848,49.5195],[6.6055,49.5167],[6.617,49.5354],[6.6415,49.5376],[6.653,49.5512],[6.6642,49.5427],[6.6838,49.5482],[6.6906,49.5353],[6.7104,49.554],[6.7639,49.5616],[6.7573,49.5616],[6.8137,49.5921],[6.835,49.583],[6.8641,49.6078],[6.8763,49.6024],[6.8899,49.6067],[6.8841,49.6117],[6.9295,49.6125],[6.9277,49.6182],[6.9376,49.6178],[6.9334,49.6311],[6.9447,49.6359],[6.9513,49.6251],[6.9916,49.6355],[6.9861,49.6211],[7.028,49.6393],[7.0593,49.6302],[7.0882,49.5994],[7.1002,49.6056],[7.1297,49.5958],[7.1723,49.6009],[7.1712,49.5876],[7.1867,49.5758],[7.21,49.5771],[7.2058,49.5682],[7.2189,49.565],[7.2686,49.584],[7.2623,49.5719],[7.2769,49.5486],[7.3242,49.556],[7.3222,49.565],[7.3331,49.5645],[7.3461,49.582],[7.3556,49.5823],[7.3502,49.5865],[7.3747,49.5986],[7.4111,49.5937],[7.424,49.5783],[7.4155,49.5913],[7.4361,49.5922],[7.4486,49.6162],[7.4373,49.6207],[7.4331,49.6405],[7.4614,49.6453],[7.4758,49.6296],[7.5059,49.6208],[7.5339,49.626],[7.5286,49.6223],[7.5433,49.5985],[7.5329,49.5743],[7.5404,49.5645],[7.5286,49.5653],[7.5211,49.5566],[7.5314,49.5476],[7.5621,49.5522],[7.5857,49.5295],[7.6067,49.5215],[7.561,49.4939],[7.5577,49.4843],[7.5871,49.4639],[7.6085,49.4689],[7.6342,49.4348],[7.6271,49.4334],[7.6297,49.4257],[7.6589,49.4278],[7.6789,49.3984],[7.6923,49.3937],[7.6937,49.3865],[7.647,49.3689],[7.6587,49.3585],[7.6566,49.3508],[7.6729,49.3434],[7.67,49.3168],[7.6835,49.3152],[7.6478,49.2884],[7.6353,49.2998],[7.6249,49.2968],[7.6177,49.2709],[7.6772,49.2713],[7.6907,49.2651],[7.7618,49.2957],[7.7917,49.2933],[7.8117,49.3179],[7.8349,49.3215],[7.8425,49.3085],[7.8256,49.2819],[7.8273,49.2472],[7.8212,49.2392],[7.7699,49.2344],[7.7593,49.2257],[7.756,49.2251],[7.7595,49.2115],[7.7509,49.2018],[7.8025,49.2062],[7.815,49.2007],[7.804,49.1775],[7.8252,49.1768],[7.8211,49.1694],[7.8358,49.1728],[7.8484,49.1625],[7.8626,49.1682],[7.8553,49.1626],[7.8621,49.1609],[7.8594,49.1467],[7.8224,49.1331],[7.8244,49.1254],[7.8078,49.1266],[7.8016,49.1388],[7.8027,49.1269],[7.7669,49.127],[7.7721,49.122],[7.7533,49.113],[7.76,49.104],[7.7436,49.0993],[7.7295,49.0833],[7.7445,49.0714],[7.795,49.0745],[7.7896,49.0616],[7.7664,49.0465],[7.7342,49.044],[7.7319,49.0556],[7.7216,49.0511],[7.6959,49.0578],[7.6977,49.0498],[7.6743,49.0451],[7.6313,49.0549],[7.6308,49.0728],[7.6057,49.0815],[7.6253,49.0828],[7.5633,49.0803],[7.5357,49.0936],[7.5156,49.121],[7.4894,49.1365],[7.506,49.151],[7.496,49.1551],[7.494,49.1694],[7.4365,49.1643],[7.4328,49.1679],[7.4419,49.1724],[7.4356,49.1801],[7.4458,49.1843],[7.3653,49.172],[7.3627,49.1433],[7.33,49.145],[7.2936,49.115],[7.2826,49.1169],[7.2818,49.1245],[7.245,49.13],[7.2055,49.1236],[7.1983,49.1152],[7.1862,49.1312],[7.1594,49.1204],[7.1358,49.1285],[7.1262,49.142],[7.104,49.1384],[7.1132,49.1519],[7.101,49.1555],[7.0804,49.149],[7.0895,49.1303],[7.052,49.1129],[7.0295,49.1767],[7.035,49.1914],[7.0497,49.1958],[7.0109,49.1879],[6.9716,49.2092],[6.9583,49.2036],[6.9382,49.2224],[6.9188,49.2227],[6.8926,49.2088],[6.8592,49.2227],[6.8371,49.2128],[6.8619,49.1818],[6.8592,49.1746],[6.8445,49.173]]]}},{"type":"Feature","properties":{"plz":"67","c":[8.0317,49.5104]},"geometry":{"type":"Polygon","coordinates":[[[7.6478,49.2884],[7.6929,49.3197],[7.67,49.3168],[7.6729,49.3434],[7.6566,49.3508],[7.6587,49.3585],[7.647,49.3689],[7.6937,49.3865],[7.6923,49.3937],[7.6789,49.3984],[7.6589,49.4278],[7.6302,49.4243],[7.6271,49.4334],[7.6342,49.4348],[7.6085,49.4689],[7.5871,49.4639],[7.5577,49.4843],[7.561,49.4939],[7.6067,49.5215],[7.5857,49.5295],[7.5621,49.5522],[7.5314,49.5476],[7.5211,49.5566],[7.5286,49.5653],[7.5707,49.567],[7.5349,49.5674],[7.5433,49.5985],[7.529,49.63],[7.5059,49.6208],[7.4758,49.6296],[7.4614,49.6453],[7.4331,49.6405],[7.428,49.655],[7.4451,49.6697],[7.5215,49.6784],[7.5219,49.7075],[7.5403,49.7184],[7.5629,49.705],[7.5821,49.7143],[7.5875,49.7047],[7.6128,49.6977],[7.6152,49.6908],[7.6078,49.6868],[7.6426,49.687],[7.6591,49.7015],[7.6723,49.6877],[7.6906,49.7079],[7.7226,49.7142],[7.7267,49.7202],[7.7142,49.7408],[7.722,49.7424],[7.7186,49.7477],[7.7664,49.7443],[7.7585,49.7681],[7.7735,49.7705],[7.7559,49.7776],[7.7621,49.789],[7.818,49.7873],[7.8141,49.7759],[7.8199,49.7708],[7.7987,49.7579],[7.8239,49.7518],[7.8597,49.7658],[7.8702,49.756],[7.8999,49.7619],[7.9016,49.7526],[7.9174,49.7433],[7.9485,49.7555],[7.9493,49.7467],[7.936,49.7351],[7.9433,49.74],[7.9414,49.7314],[7.9645,49.7275],[7.9758,49.7179],[7.9638,49.7169],[7.9604,49.7014],[7.9851,49.6964],[8.0603,49.731],[8.0723,49.7168],[8.0528,49.6992],[8.1021,49.6985],[8.1216,49.6697],[8.1323,49.6737],[8.1459,49.661],[8.185,49.673],[8.1712,49.693],[8.2095,49.7138],[8.2497,49.7172],[8.2451,49.7301],[8.2104,49.7344],[8.2036,49.7484],[8.2329,49.7602],[8.2328,49.7888],[8.3157,49.7841],[8.3153,49.8211],[8.3267,49.8213],[8.3386,49.8098],[8.3846,49.8173],[8.4174,49.7728],[8.4577,49.7606],[8.4419,49.7654],[8.4795,49.7637],[8.4384,49.7224],[8.3641,49.6988],[8.3561,49.6783],[8.3828,49.626],[8.4226,49.5835],[8.4142,49.5573],[8.4452,49.4898],[8.4639,49.4707],[8.442,49.4561],[8.4445,49.4482],[8.4944,49.4434],[8.5082,49.4319],[8.4925,49.3992],[8.4655,49.3874],[8.4642,49.3768],[8.471,49.3734],[8.4981,49.3924],[8.5001,49.3725],[8.492,49.3571],[8.4503,49.3242],[8.4891,49.2964],[8.3965,49.2412],[8.3608,49.2557],[8.3624,49.2219],[8.3276,49.2205],[8.351,49.2186],[8.3432,49.2031],[8.2363,49.2129],[8.2317,49.2602],[8.1396,49.2485],[8.109,49.252],[8.1081,49.2642],[8.1231,49.2649],[8.1209,49.276],[8.0684,49.2762],[8.026,49.2995],[7.961,49.2996],[7.9767,49.3336],[7.9382,49.3211],[7.9365,49.3087],[7.9134,49.3163],[7.8715,49.3113],[7.8527,49.3341],[7.845,49.3339],[7.8261,49.317],[7.8117,49.3179],[7.7917,49.2933],[7.7618,49.2957],[7.6907,49.2651],[7.6772,49.2713],[7.6177,49.2709],[7.6249,49.2968],[7.6379,49.3005],[7.6478,49.2884]]]}},{"type":"Feature","properties":{"plz":"68","c":[8.5193,49.4736]},"geometry":{"type":"Polygon","coordinates":[[[8.4522,49.3171],[8.4555,49.332],[8.492,49.3571],[8.5006,49.389],[8.5088,49.3876],[8.4981,49.3924],[8.4769,49.3747],[8.4642,49.3768],[8.4655,49.3874],[8.4925,49.3992],[8.5082,49.4319],[8.5048,49.4398],[8.4445,49.4482],[8.442,49.4561],[8.4639,49.4707],[8.4452,49.4898],[8.4142,49.5573],[8.4226,49.5835],[8.3828,49.626],[8.356,49.6776],[8.3641,49.6988],[8.4245,49.7162],[8.4482,49.7335],[8.4582,49.7258],[8.4713,49.7347],[8.4867,49.7246],[8.5338,49.7246],[8.5403,49.7177],[8.5014,49.7032],[8.5111,49.6752],[8.4929,49.6805],[8.48,49.6651],[8.493,49.6601],[8.5207,49.6669],[8.5184,49.6563],[8.508,49.6554],[8.5213,49.6232],[8.4938,49.6172],[8.5404,49.6231],[8.5731,49.6345],[8.5646,49.615],[8.579,49.6168],[8.5942,49.5928],[8.6034,49.5938],[8.6204,49.546],[8.6144,49.5404],[8.6259,49.5403],[8.6417,49.5232],[8.6265,49.5012],[8.6347,49.5005],[8.6465,49.4596],[8.6199,49.4449],[8.6287,49.4431],[8.6097,49.4242],[8.593,49.4301],[8.5734,49.4161],[8.6115,49.4055],[8.6179,49.3793],[8.601,49.3662],[8.6332,49.3528],[8.6015,49.3374],[8.6099,49.3193],[8.5953,49.297],[8.6322,49.2769],[8.6563,49.2727],[8.6509,49.243],[8.6427,49.2353],[8.5987,49.2467],[8.5735,49.2082],[8.5487,49.215],[8.5378,49.2089],[8.532,49.1925],[8.5082,49.1898],[8.4999,49.2109],[8.4838,49.221],[8.4836,49.2372],[8.4655,49.2645],[8.4455,49.2669],[8.4891,49.2964],[8.4522,49.3171]]]}},{"type":"Feature","properties":{"plz":"69","c":[8.8355,49.4541]},"geometry":{"type":"Polygon","coordinates":[[[8.7014,49.2267],[8.6469,49.2403],[8.6524,49.261],[8.6621,49.2667],[8.6563,49.2727],[8.5953,49.297],[8.6099,49.3193],[8.6015,49.3374],[8.6332,49.3528],[8.601,49.3662],[8.6179,49.3793],[8.6115,49.4055],[8.5734,49.4158],[8.593,49.4301],[8.6097,49.4242],[8.6287,49.4431],[8.6199,49.4449],[8.6459,49.462],[8.6347,49.5005],[8.6265,49.5012],[8.6402,49.5268],[8.6168,49.5403],[8.6038,49.5923],[8.5942,49.5928],[8.5894,49.6045],[8.5941,49.6102],[8.7075,49.6298],[8.7418,49.6225],[8.7568,49.5977],[8.7793,49.5929],[8.7892,49.5803],[8.7941,49.5799],[8.7856,49.585],[8.8078,49.5956],[8.8069,49.6069],[8.8532,49.6019],[8.8757,49.6141],[8.8888,49.6092],[8.8729,49.6069],[8.8826,49.599],[8.8874,49.577],[8.8804,49.5684],[8.8918,49.5323],[8.9118,49.5229],[8.8997,49.5036],[8.9001,49.4819],[8.9155,49.4829],[8.9323,49.4715],[8.9432,49.4859],[8.9542,49.4818],[8.9502,49.488],[8.9579,49.4955],[8.9516,49.5055],[8.9683,49.5014],[8.9861,49.5103],[8.992,49.5032],[9.0409,49.4984],[9.0502,49.52],[9.0642,49.5303],[9.0997,49.5262],[9.1064,49.5098],[9.1199,49.5122],[9.1263,49.5168],[9.1156,49.5338],[9.086,49.5424],[9.1083,49.5792],[9.1807,49.5737],[9.2483,49.5806],[9.2428,49.5748],[9.2736,49.5643],[9.277,49.5575],[9.2529,49.553],[9.2778,49.5403],[9.2618,49.5387],[9.2638,49.5254],[9.2563,49.5166],[9.2326,49.5139],[9.2323,49.4978],[9.2116,49.5013],[9.1842,49.4893],[9.1118,49.4886],[9.1087,49.4788],[9.1304,49.461],[9.1203,49.4558],[9.126,49.4408],[9.0972,49.4208],[9.0965,49.4044],[9.0888,49.4024],[9.1027,49.3847],[9.0449,49.3742],[9.0366,49.3802],[9.0444,49.3929],[9.0689,49.3947],[9.0608,49.4039],[9.0145,49.407],[9.0003,49.4176],[9.0021,49.4274],[8.9831,49.4186],[8.9902,49.3992],[8.9707,49.3934],[8.9631,49.3985],[8.9282,49.3826],[8.9109,49.3841],[8.9,49.3982],[8.9106,49.4024],[8.9068,49.408],[8.8905,49.4041],[8.8806,49.3858],[8.8583,49.3786],[8.8597,49.3562],[8.8532,49.3509],[8.8272,49.3538],[8.8016,49.3292],[8.7802,49.3232],[8.773,49.3095],[8.7783,49.3153],[8.7953,49.3116],[8.7995,49.3049],[8.7877,49.2937],[8.8062,49.2787],[8.8051,49.265],[8.7699,49.2606],[8.7667,49.2476],[8.7295,49.2281],[8.7227,49.238],[8.7014,49.2267]],[[8.6749,49.6208],[8.6692,49.6144],[8.6798,49.6041],[8.691,49.6067],[8.6966,49.6178],[8.6749,49.6208]]]}},{"type":"Feature","properties":{"plz":"70","c":[9.1742,48.7674]},"geometry":{"type":"Polygon","coordinates":[[[9.0822,48.718],[9.0914,48.7211],[9.0783,48.7205],[9.0629,48.7276],[9.0666,48.7342],[9.0386,48.7413],[9.0673,48.7473],[9.0623,48.7501],[9.0677,48.7567],[9.0512,48.7642],[9.0429,48.7901],[9.0314,48.7981],[9.0371,48.8082],[9.0769,48.8142],[9.0931,48.8352],[9.0549,48.8432],[9.0482,48.8566],[9.1212,48.8683],[9.1409,48.8563],[9.141,48.8619],[9.1536,48.8607],[9.1523,48.8734],[9.1765,48.8843],[9.2233,48.8777],[9.223,48.8651],[9.2384,48.8464],[9.2597,48.8627],[9.2945,48.8501],[9.2882,48.8186],[9.3053,48.8148],[9.3061,48.7854],[9.3197,48.7834],[9.3144,48.7745],[9.2765,48.77],[9.2756,48.7565],[9.2615,48.7434],[9.2452,48.744],[9.2116,48.7267],[9.2304,48.7097],[9.2399,48.7112],[9.2394,48.6971],[9.2449,48.6946],[9.2548,48.6737],[9.2702,48.6638],[9.2549,48.6404],[9.2285,48.6387],[9.2238,48.628],[9.2178,48.6303],[9.2228,48.6238],[9.2149,48.6312],[9.205,48.6262],[9.1734,48.6346],[9.1459,48.6645],[9.1239,48.6726],[9.128,48.6768],[9.0853,48.6754],[9.0877,48.6836],[9.1128,48.69],[9.0939,48.7058],[9.1064,48.7105],[9.0822,48.718]]]}},{"type":"Feature","properties":{"plz":"71","c":[9.1655,48.8408]},"geometry":{"type":"Polygon","coordinates":[[[8.8659,48.5148],[8.837,48.4975],[8.8362,48.5042],[8.8036,48.5063],[8.7849,48.5211],[8.7561,48.5251],[8.7638,48.5342],[8.7584,48.5445],[8.7733,48.5498],[8.7585,48.5559],[8.7564,48.5708],[8.7503,48.5707],[8.7547,48.5863],[8.7464,48.5961],[8.7486,48.605],[8.7949,48.5941],[8.8011,48.6115],[8.7899,48.6291],[8.7956,48.6348],[8.8492,48.639],[8.845,48.661],[8.8191,48.6694],[8.8511,48.6845],[8.8632,48.6974],[8.8551,48.7068],[8.8774,48.7234],[8.8294,48.7364],[8.8352,48.7543],[8.801,48.7721],[8.8425,48.7995],[8.844,48.8131],[8.8093,48.8352],[8.7994,48.8377],[8.7976,48.8298],[8.7758,48.8525],[8.8689,48.8805],[8.8905,48.8743],[8.9023,48.8605],[8.9368,48.8667],[8.9287,48.8665],[8.9068,48.9104],[8.9263,48.9196],[8.8999,48.9236],[8.906,48.9262],[8.9063,48.9446],[8.9418,48.9383],[8.9492,48.9531],[8.9204,48.982],[8.9328,48.9928],[8.9046,49.0214],[8.9848,49.0046],[9.0101,48.9804],[8.9996,48.9758],[9.0022,48.9696],[8.9819,48.9645],[8.996,48.9473],[9.0406,48.9499],[9.0472,48.9423],[9.0676,48.943],[9.0752,48.9266],[9.0831,48.9259],[9.1534,48.937],[9.1586,48.9434],[9.1514,48.9479],[9.1966,48.9423],[9.2357,48.9529],[9.2315,48.9734],[9.2147,48.9767],[9.2199,48.9933],[9.2457,48.9954],[9.2549,49.0067],[9.2413,49.0097],[9.2439,49.017],[9.2363,49.0203],[9.2662,49.0282],[9.2704,49.0378],[9.3176,49.0583],[9.319,49.0651],[9.3401,49.0674],[9.3403,49.0761],[9.3898,49.0792],[9.3887,49.0729],[9.4235,49.0694],[9.4156,49.0769],[9.4239,49.0931],[9.4534,49.0924],[9.4415,49.0999],[9.4575,49.1056],[9.457,49.113],[9.488,49.1116],[9.4906,49.1224],[9.4814,49.131],[9.4891,49.1392],[9.5106,49.1315],[9.5158,49.1195],[9.5077,49.1135],[9.5272,49.108],[9.5016,49.1024],[9.5067,49.0992],[9.4977,49.0967],[9.4992,49.0881],[9.5062,49.0882],[9.5015,49.0788],[9.5192,49.0773],[9.5254,49.0617],[9.5649,49.0546],[9.5711,49.0473],[9.5901,49.0564],[9.6118,49.0514],[9.5957,49.0457],[9.6135,49.036],[9.6053,49.0328],[9.6136,49.0251],[9.6006,49.0039],[9.6365,49.0042],[9.6458,48.9942],[9.6764,48.9895],[9.6635,48.9865],[9.6763,48.9716],[9.6521,48.967],[9.6909,48.9659],[9.6878,48.954],[9.6957,48.9462],[9.6427,48.9378],[9.6372,48.947],[9.5962,48.9336],[9.5847,48.8975],[9.5605,48.9135],[9.5408,48.903],[9.4958,48.902],[9.4874,48.8932],[9.4504,48.8942],[9.4509,48.8846],[9.4627,48.8767],[9.4464,48.8521],[9.4382,48.8562],[9.404,48.8258],[9.4065,48.8114],[9.4216,48.8066],[9.4227,48.7979],[9.4317,48.8002],[9.4381,48.7896],[9.4297,48.7649],[9.4177,48.7581],[9.4076,48.7786],[9.3903,48.7881],[9.3822,48.7822],[9.3866,48.7704],[9.3542,48.7741],[9.3358,48.7654],[9.3144,48.7745],[9.3197,48.7834],[9.3061,48.7854],[9.3053,48.8148],[9.2882,48.8186],[9.2945,48.8501],[9.2597,48.8627],[9.2384,48.8464],[9.223,48.8651],[9.2233,48.8777],[9.206,48.8831],[9.1765,48.8843],[9.1523,48.8734],[9.1462,48.8854],[9.1536,48.8607],[9.141,48.8619],[9.1409,48.8563],[9.1195,48.8708],[9.0822,48.8601],[9.0532,48.8621],[9.0489,48.8492],[9.0602,48.8411],[9.0936,48.8355],[9.0769,48.8142],[9.0371,48.8082],[9.0314,48.7981],[9.0429,48.7901],[9.0512,48.7642],[9.0677,48.7567],[9.0623,48.7501],[9.0673,48.7473],[9.0386,48.7413],[9.1064,48.7105],[9.0939,48.7058],[9.1128,48.69],[9.0877,48.6836],[9.0853,48.6754],[9.128,48.6768],[9.1239,48.6726],[9.1459,48.6645],[9.1734,48.6346],[9.1653,48.633],[9.1672,48.6245],[9.144,48.6181],[9.1514,48.6049],[9.1222,48.6002],[9.1102,48.6057],[9.1155,48.6149],[9.1074,48.6228],[9.0964,48.6218],[9.083,48.6122],[9.0893,48.6034],[9.0779,48.5981],[9.0788,48.5899],[9.0564,48.5937],[9.0342,48.5764],[8.9853,48.5913],[8.9481,48.5861],[8.949,48.5801],[8.9359,48.5775],[8.9447,48.5672],[8.9128,48.5727],[8.8887,48.5607],[8.8892,48.5447],[8.8514,48.537],[8.861,48.5273],[8.8558,48.519],[8.8659,48.5148]]]}},{"type":"Feature","properties":{"plz":"72","c":[8.9817,48.3914]},"geometry":{"type":"Polygon","coordinates":[[[8.7642,48.1631],[8.7513,48.1596],[8.7259,48.1705],[8.7193,48.1812],[8.7443,48.201],[8.7129,48.2094],[8.7028,48.2273],[8.7188,48.2312],[8.7028,48.2338],[8.698,48.2454],[8.7102,48.2523],[8.7056,48.2591],[8.666,48.2687],[8.6836,48.2809],[8.6487,48.289],[8.6613,48.3],[8.6261,48.307],[8.6202,48.3161],[8.6078,48.3126],[8.5935,48.3313],[8.5546,48.3168],[8.5002,48.3302],[8.4943,48.3144],[8.4616,48.3135],[8.4446,48.3005],[8.4335,48.311],[8.4334,48.3224],[8.4041,48.322],[8.3601,48.3383],[8.3595,48.3775],[8.3264,48.3932],[8.3304,48.401],[8.3427,48.4015],[8.3439,48.4253],[8.3608,48.4389],[8.3501,48.4489],[8.3177,48.4569],[8.3117,48.4683],[8.2931,48.4659],[8.2666,48.4907],[8.2421,48.4919],[8.2225,48.5032],[8.2204,48.5194],[8.2117,48.522],[8.2201,48.5377],[8.2126,48.5582],[8.237,48.5773],[8.2076,48.6015],[8.2393,48.6005],[8.2612,48.589],[8.3178,48.5883],[8.3578,48.6005],[8.3495,48.6099],[8.3827,48.6199],[8.3883,48.6371],[8.422,48.6362],[8.4545,48.6168],[8.4492,48.6274],[8.4598,48.6279],[8.4776,48.6538],[8.4968,48.6592],[8.515,48.6502],[8.5436,48.6614],[8.5556,48.6496],[8.5584,48.6557],[8.5652,48.651],[8.5852,48.6156],[8.6039,48.619],[8.6192,48.6331],[8.6327,48.6304],[8.6354,48.637],[8.6538,48.6305],[8.6391,48.6368],[8.6497,48.6456],[8.7253,48.6547],[8.7315,48.6618],[8.7432,48.648],[8.7442,48.655],[8.7659,48.6643],[8.7665,48.6731],[8.8018,48.6801],[8.8193,48.6648],[8.7987,48.6587],[8.8015,48.6439],[8.7908,48.6383],[8.8011,48.6115],[8.7949,48.5941],[8.7486,48.605],[8.7547,48.5863],[8.7503,48.5707],[8.7564,48.5708],[8.7655,48.5485],[8.7733,48.5498],[8.7584,48.5445],[8.7638,48.5342],[8.7561,48.5251],[8.79,48.5203],[8.8036,48.5063],[8.8362,48.5042],[8.837,48.4975],[8.8973,48.4981],[8.8447,48.4985],[8.8442,48.5075],[8.8659,48.5148],[8.8558,48.519],[8.861,48.5273],[8.8514,48.537],[8.8892,48.5447],[8.89,48.5643],[8.9128,48.5727],[8.9447,48.5672],[8.9359,48.5775],[8.949,48.5801],[8.9481,48.5861],[8.9853,48.5913],[9.0342,48.5764],[9.0564,48.5937],[9.0788,48.5899],[9.0779,48.5981],[9.0893,48.6034],[9.083,48.6122],[9.0964,48.6218],[9.1074,48.6228],[9.1155,48.6149],[9.1102,48.6057],[9.1222,48.6002],[9.1514,48.6049],[9.144,48.6181],[9.1672,48.6245],[9.1653,48.633],[9.191,48.6344],[9.205,48.6262],[9.2149,48.6312],[9.2228,48.6238],[9.2178,48.6303],[9.2238,48.628],[9.2285,48.6387],[9.2549,48.6404],[9.2702,48.6638],[9.3169,48.6593],[9.3091,48.6704],[9.3565,48.6711],[9.3779,48.6537],[9.3946,48.6531],[9.4003,48.6387],[9.3949,48.6343],[9.4169,48.6173],[9.405,48.6154],[9.4109,48.6076],[9.4025,48.5983],[9.4212,48.5882],[9.4216,48.571],[9.4326,48.5626],[9.4026,48.5528],[9.4086,48.539],[9.4279,48.5332],[9.4166,48.5384],[9.4509,48.5466],[9.4903,48.5305],[9.4661,48.5161],[9.4832,48.5053],[9.472,48.5154],[9.4974,48.5217],[9.5038,48.5134],[9.5097,48.5179],[9.5046,48.5268],[9.531,48.5136],[9.5367,48.5205],[9.5319,48.5268],[9.5692,48.5395],[9.5825,48.539],[9.5836,48.5326],[9.6115,48.5414],[9.6326,48.5371],[9.6506,48.5204],[9.6632,48.5196],[9.6345,48.4915],[9.5819,48.489],[9.5929,48.4766],[9.6134,48.4718],[9.62,48.4587],[9.6363,48.4566],[9.6611,48.469],[9.6857,48.4669],[9.7002,48.4441],[9.6894,48.4408],[9.6799,48.4241],[9.7085,48.4189],[9.6855,48.4193],[9.6659,48.4276],[9.6558,48.4152],[9.6237,48.4142],[9.6214,48.3958],[9.5805,48.3932],[9.5906,48.3835],[9.5823,48.3773],[9.6051,48.3734],[9.5886,48.3671],[9.5921,48.3557],[9.5799,48.3271],[9.5579,48.332],[9.5499,48.3198],[9.5343,48.3185],[9.5555,48.3063],[9.5514,48.3002],[9.5581,48.2935],[9.5077,48.281],[9.5066,48.2689],[9.5304,48.2633],[9.5261,48.2537],[9.4978,48.2446],[9.4966,48.2568],[9.4704,48.2665],[9.4434,48.254],[9.4324,48.2671],[9.4191,48.2451],[9.4235,48.2338],[9.3995,48.2244],[9.3677,48.2229],[9.3477,48.2397],[9.3238,48.2248],[9.3082,48.2246],[9.3203,48.1891],[9.3043,48.1792],[9.2968,48.162],[9.2687,48.1595],[9.2634,48.1473],[9.2903,48.149],[9.2869,48.1409],[9.3173,48.131],[9.3281,48.112],[9.3559,48.1047],[9.35,48.1012],[9.3533,48.0926],[9.3652,48.0894],[9.3651,48.0813],[9.3518,48.0896],[9.3312,48.086],[9.3257,48.0792],[9.3331,48.0667],[9.3185,48.0693],[9.3196,48.0632],[9.2864,48.0604],[9.2702,48.0501],[9.2614,48.0368],[9.2792,48.0149],[9.275,48.0075],[9.2882,48.0002],[9.2783,47.992],[9.2979,47.9917],[9.2964,47.9808],[9.2832,47.9825],[9.2786,47.9753],[9.2612,47.9742],[9.2473,47.9884],[9.2356,47.9779],[9.2267,47.9871],[9.2253,47.9722],[9.1929,47.9795],[9.1746,48.0289],[9.1826,48.0327],[9.1306,48.0218],[9.1082,48.0378],[9.1211,48.0586],[9.0854,48.0571],[9.0862,48.0703],[9.1152,48.0967],[9.1087,48.101],[9.0702,48.0861],[9.0721,48.0981],[9.0272,48.1096],[9.0229,48.098],[8.9835,48.094],[8.9766,48.0864],[8.9624,48.0914],[8.9538,48.1074],[8.8821,48.107],[8.8623,48.14],[8.8497,48.1496],[8.8317,48.1495],[8.8327,48.1648],[8.8146,48.1798],[8.8302,48.1808],[8.7701,48.1818],[8.762,48.1734],[8.7642,48.1631]]]}},{"type":"Feature","properties":{"plz":"73","c":[9.8602,48.7929]},"geometry":{"type":"Polygon","coordinates":[[[9.5692,48.5395],[9.5319,48.5268],[9.5367,48.5205],[9.531,48.5136],[9.5046,48.5268],[9.5097,48.5179],[9.5038,48.5134],[9.4974,48.5217],[9.4702,48.5128],[9.4661,48.5161],[9.4903,48.5305],[9.4509,48.5466],[9.4086,48.539],[9.4026,48.5528],[9.4326,48.5626],[9.4216,48.571],[9.4212,48.5882],[9.412,48.5944],[9.4184,48.5948],[9.4025,48.5983],[9.4109,48.6076],[9.405,48.6154],[9.4171,48.6171],[9.3949,48.6343],[9.4003,48.6387],[9.3946,48.6531],[9.3643,48.6605],[9.3565,48.6711],[9.3704,48.6746],[9.3158,48.6724],[9.3168,48.6602],[9.2702,48.6638],[9.2394,48.6971],[9.2399,48.7112],[9.2304,48.7097],[9.2116,48.7267],[9.2452,48.744],[9.2566,48.7415],[9.2756,48.7565],[9.2765,48.77],[9.3866,48.7704],[9.3822,48.7822],[9.3903,48.7881],[9.4076,48.7786],[9.4177,48.7581],[9.4297,48.7649],[9.4381,48.7896],[9.4317,48.8002],[9.4227,48.7979],[9.4216,48.8066],[9.4065,48.8114],[9.404,48.8258],[9.4557,48.8641],[9.4627,48.8767],[9.4509,48.8846],[9.452,48.8927],[9.5408,48.903],[9.5605,48.9135],[9.5847,48.8975],[9.5962,48.9336],[9.6372,48.947],[9.6427,48.9378],[9.6738,48.94],[9.6864,48.9264],[9.7009,48.9289],[9.7003,48.9138],[9.6847,48.9084],[9.7205,48.9146],[9.7162,48.9082],[9.7749,48.8998],[9.7643,48.9083],[9.7921,48.9131],[9.7915,48.9027],[9.801,48.9108],[9.8093,48.9039],[9.8346,48.9182],[9.8637,48.9239],[9.8788,48.9188],[9.9009,48.9432],[9.8906,48.9481],[9.9145,48.9671],[9.9361,48.9581],[9.9481,48.967],[9.9428,48.9747],[10.0144,48.9818],[9.9954,48.9991],[9.9917,49.0186],[9.9741,49.0187],[9.9799,49.0279],[9.973,49.0304],[9.9872,49.0312],[9.9752,49.0406],[9.9814,49.0447],[9.9925,49.0414],[9.9872,49.0322],[9.997,49.0329],[10.0199,49.0524],[10.0482,49.0412],[10.0864,49.0479],[10.1154,49.0367],[10.1213,49.0465],[10.1471,49.0424],[10.1492,49.0513],[10.1743,49.0608],[10.191,49.0558],[10.1851,49.0505],[10.203,49.0407],[10.2343,49.0457],[10.2397,49.0568],[10.2571,49.0597],[10.2522,49.039],[10.2658,49.0453],[10.2847,49.0365],[10.2952,49.0425],[10.3043,49.0382],[10.3025,49.0314],[10.3211,49.0255],[10.3329,49.032],[10.3501,49.0283],[10.3455,49.0174],[10.3576,49.0115],[10.3541,49.0047],[10.382,48.9992],[10.3803,48.9875],[10.3948,48.9902],[10.4103,48.9775],[10.4029,48.9696],[10.4201,48.9683],[10.4308,48.9463],[10.4518,48.9373],[10.4379,48.933],[10.452,48.9265],[10.4535,48.915],[10.4223,48.905],[10.4533,48.8902],[10.4446,48.8803],[10.4539,48.8602],[10.448,48.8496],[10.429,48.8457],[10.4265,48.837],[10.448,48.8319],[10.4485,48.8101],[10.421,48.7991],[10.4344,48.7895],[10.4273,48.7863],[10.4311,48.7702],[10.4172,48.7764],[10.4121,48.7712],[10.4283,48.7559],[10.417,48.7511],[10.4238,48.7442],[10.4047,48.7404],[10.386,48.7483],[10.3866,48.7408],[10.3754,48.7377],[10.3633,48.7435],[10.3633,48.7291],[10.3343,48.723],[10.3281,48.7284],[10.3358,48.7335],[10.3184,48.7324],[10.3318,48.739],[10.3085,48.7395],[10.2888,48.7544],[10.2516,48.7622],[10.2511,48.7706],[10.2269,48.7714],[10.2211,48.7831],[10.1796,48.7768],[10.1758,48.7482],[10.1614,48.7593],[10.1649,48.771],[10.15,48.773],[10.1528,48.7865],[10.1353,48.7893],[10.148,48.7867],[10.1327,48.7654],[10.0997,48.763],[10.0958,48.7533],[10.0745,48.7605],[10.083,48.7556],[10.0701,48.7468],[10.03,48.7415],[10.0248,48.7272],[10.0059,48.7375],[9.9973,48.7266],[9.9417,48.7337],[9.9335,48.7302],[9.9415,48.722],[9.9209,48.7168],[9.9258,48.7024],[9.8903,48.6974],[9.8802,48.707],[9.8696,48.7047],[9.861,48.6946],[9.8681,48.6909],[9.8508,48.6803],[9.8525,48.6748],[9.859,48.6765],[9.8636,48.6631],[9.8955,48.6552],[9.8976,48.6463],[9.9453,48.6353],[9.9529,48.6279],[9.9467,48.6242],[9.9695,48.6151],[9.9612,48.6037],[9.9728,48.5947],[9.9619,48.5942],[9.9624,48.5827],[9.9403,48.5852],[9.9199,48.5698],[9.877,48.5709],[9.8726,48.5664],[9.8877,48.5601],[9.8789,48.5524],[9.8837,48.5498],[9.8727,48.5471],[9.8797,48.5379],[9.8487,48.5423],[9.8397,48.5551],[9.8174,48.5595],[9.7292,48.5663],[9.7229,48.5468],[9.6941,48.541],[9.6818,48.5244],[9.6892,48.5183],[9.6675,48.5248],[9.6506,48.5204],[9.6326,48.5371],[9.6115,48.5414],[9.5692,48.5395]]]}},{"type":"Feature","properties":{"plz":"74","c":[9.4889,49.2388]},"geometry":{"type":"Polygon","coordinates":[[[9.0101,48.9804],[8.9848,49.0046],[8.9309,49.0122],[8.8724,49.037],[8.8714,49.0501],[8.8805,49.0563],[8.8763,49.0697],[8.8649,49.0715],[8.9124,49.0845],[8.9501,49.0811],[8.948,49.0748],[8.9862,49.0853],[8.9983,49.0966],[8.9601,49.1108],[8.945,49.1084],[8.984,49.1427],[9.0141,49.1465],[9.0099,49.1799],[8.9651,49.1732],[8.9595,49.1856],[8.9312,49.1784],[8.8945,49.1856],[8.8634,49.1744],[8.8134,49.2013],[8.784,49.1979],[8.7529,49.2055],[8.75,49.2198],[8.7362,49.2301],[8.7385,49.2381],[8.7667,49.2476],[8.7699,49.2606],[8.8051,49.265],[8.8035,49.2803],[8.7877,49.2937],[8.7995,49.3049],[8.7783,49.3153],[8.7802,49.3232],[8.8112,49.3342],[8.8309,49.3516],[8.8532,49.3509],[8.8597,49.3562],[8.8583,49.3786],[8.8806,49.3858],[8.8905,49.4041],[8.9068,49.408],[8.9106,49.4024],[8.9,49.3982],[8.9109,49.3841],[8.9232,49.3849],[8.9143,49.3798],[8.9631,49.3985],[8.9707,49.3934],[8.9902,49.3992],[8.9831,49.4186],[9.0021,49.4274],[9.0003,49.4176],[9.0145,49.407],[9.0608,49.4039],[9.0689,49.3947],[9.0444,49.3929],[9.0366,49.3802],[9.0449,49.3742],[9.1027,49.3847],[9.0888,49.4024],[9.0965,49.4044],[9.0972,49.4208],[9.126,49.4408],[9.1203,49.4558],[9.1304,49.461],[9.1087,49.4788],[9.1118,49.4886],[9.1842,49.4893],[9.2116,49.5013],[9.2323,49.4978],[9.2326,49.5139],[9.2563,49.5166],[9.2638,49.5254],[9.2618,49.5387],[9.2778,49.5403],[9.2529,49.553],[9.277,49.5575],[9.2736,49.5643],[9.2551,49.5679],[9.2405,49.5814],[9.2492,49.5847],[9.2494,49.5936],[9.2593,49.5932],[9.2647,49.6068],[9.2851,49.6148],[9.2705,49.6264],[9.2718,49.6348],[9.2854,49.6358],[9.3041,49.6549],[9.3464,49.6474],[9.3674,49.6552],[9.3879,49.6374],[9.3837,49.6428],[9.4061,49.6455],[9.4195,49.6589],[9.4114,49.6638],[9.4763,49.6425],[9.4919,49.6446],[9.502,49.6373],[9.52,49.6431],[9.5275,49.635],[9.5393,49.6399],[9.548,49.6337],[9.5517,49.6215],[9.5371,49.6155],[9.544,49.6009],[9.512,49.6024],[9.4991,49.5874],[9.5161,49.5543],[9.5373,49.5558],[9.5551,49.545],[9.5717,49.5517],[9.58,49.5349],[9.5917,49.5324],[9.5909,49.5229],[9.5732,49.5349],[9.5674,49.5326],[9.5747,49.5304],[9.5654,49.5283],[9.571,49.5189],[9.5596,49.5024],[9.5713,49.4803],[9.5967,49.4623],[9.5895,49.4398],[9.6038,49.4266],[9.6429,49.4304],[9.6385,49.4142],[9.6714,49.4151],[9.6716,49.4069],[9.7018,49.4179],[9.7132,49.4115],[9.7073,49.4049],[9.7124,49.3979],[9.7481,49.3941],[9.7579,49.4032],[9.7747,49.3935],[9.8002,49.4078],[9.8007,49.3956],[9.8117,49.3884],[9.8333,49.3925],[9.8482,49.3777],[9.8417,49.3705],[9.8779,49.3743],[9.8854,49.3685],[9.8944,49.3745],[9.9035,49.3675],[9.924,49.3734],[9.9345,49.3516],[9.9603,49.3602],[9.9772,49.3775],[10.0417,49.3691],[10.0319,49.3845],[10.1141,49.3937],[10.1072,49.3789],[10.1172,49.3691],[10.1131,49.3602],[10.1246,49.3559],[10.1222,49.3503],[10.1068,49.3529],[10.1032,49.3414],[10.1129,49.3324],[10.1043,49.3303],[10.1398,49.3271],[10.1454,49.3164],[10.1315,49.3051],[10.1341,49.296],[10.1563,49.2808],[10.145,49.2752],[10.1496,49.269],[10.1261,49.2622],[10.1228,49.2714],[10.1144,49.2668],[10.1191,49.2577],[10.1093,49.2579],[10.1332,49.2533],[10.1199,49.2473],[10.1406,49.2089],[10.1258,49.2108],[10.1313,49.2033],[10.1245,49.2006],[10.1569,49.1925],[10.171,49.178],[10.1813,49.1826],[10.1773,49.1732],[10.1952,49.1699],[10.1968,49.1558],[10.2155,49.1637],[10.2482,49.1493],[10.257,49.1293],[10.2251,49.1202],[10.2294,49.1112],[10.2154,49.1133],[10.2107,49.0969],[10.1906,49.0959],[10.2506,49.0923],[10.2471,49.0798],[10.2343,49.0743],[10.2655,49.0618],[10.2397,49.0568],[10.2343,49.0457],[10.203,49.0407],[10.1851,49.0505],[10.191,49.0558],[10.1743,49.0608],[10.1492,49.0513],[10.1471,49.0424],[10.1213,49.0465],[10.1154,49.0367],[10.0864,49.0479],[10.0482,49.0412],[10.0199,49.0524],[10.0174,49.044],[9.9872,49.0322],[9.9925,49.0414],[9.9814,49.0447],[9.9731,49.0419],[9.9872,49.0312],[9.973,49.0304],[9.9799,49.0279],[9.9741,49.0187],[9.9917,49.0186],[9.9954,48.9991],[10.0144,48.9818],[9.9428,48.9747],[9.9481,48.967],[9.9361,48.9581],[9.9123,48.9689],[9.8929,48.9532],[9.9009,48.9432],[9.8788,48.9188],[9.8637,48.9239],[9.8164,48.9135],[9.8093,48.9039],[9.801,48.9108],[9.7915,48.9027],[9.7921,48.9131],[9.7637,48.9041],[9.7457,48.909],[9.7412,48.9022],[9.7162,48.9082],[9.7205,48.9146],[9.7003,48.9138],[9.7009,48.9289],[9.6864,48.9264],[9.6738,48.94],[9.6957,48.9462],[9.6878,48.954],[9.6909,48.9659],[9.6521,48.967],[9.6763,48.9716],[9.6635,48.9865],[9.6764,48.9895],[9.6458,48.9942],[9.6365,49.0042],[9.6006,49.0039],[9.6136,49.0251],[9.6053,49.0328],[9.6135,49.036],[9.5957,49.0457],[9.6134,49.0483],[9.6048,49.0553],[9.5711,49.0473],[9.5649,49.0546],[9.5254,49.0617],[9.5192,49.0773],[9.5015,49.0788],[9.5062,49.0882],[9.4992,49.0881],[9.4977,49.0967],[9.5067,49.0992],[9.5016,49.1024],[9.5271,49.108],[9.5077,49.1135],[9.5158,49.1195],[9.5106,49.1315],[9.4891,49.1392],[9.4814,49.131],[9.4906,49.1224],[9.488,49.1116],[9.457,49.113],[9.4575,49.1056],[9.4371,49.0969],[9.4534,49.0924],[9.4239,49.0931],[9.4156,49.0769],[9.4235,49.0694],[9.3699,49.0824],[9.3403,49.0761],[9.3401,49.0674],[9.319,49.0651],[9.3176,49.0583],[9.2704,49.0378],[9.2662,49.0282],[9.2363,49.0203],[9.2439,49.017],[9.2413,49.0097],[9.2549,49.0067],[9.2457,48.9954],[9.2199,48.9933],[9.2226,48.9852],[9.2159,48.9833],[9.2152,48.9777],[9.1881,48.9562],[9.2147,48.9767],[9.2315,48.9734],[9.2357,48.9529],[9.1966,48.9423],[9.1514,48.9479],[9.1586,48.9434],[9.1534,48.937],[9.1363,48.9389],[9.111,48.9259],[9.0752,48.9266],[9.0676,48.943],[9.0472,48.9423],[9.0406,48.9499],[8.996,48.9473],[8.9819,48.9645],[9.0022,48.9696],[8.9996,48.9758],[9.0101,48.9804]]]}},{"type":"Feature","properties":{"plz":"75","c":[8.7094,48.8874]},"geometry":{"type":"MultiPolygon","coordinates":[[[[8.4306,48.6601],[8.4463,48.66],[8.4475,48.6871],[8.4392,48.6951],[8.467,48.7003],[8.4583,48.7171],[8.4758,48.7242],[8.4733,48.7353],[8.4842,48.7569],[8.4651,48.7643],[8.4773,48.775],[8.4606,48.7919],[8.4611,48.805],[8.5047,48.8063],[8.5006,48.8197],[8.4756,48.8288],[8.4761,48.8403],[8.4681,48.8455],[8.5182,48.8666],[8.526,48.8787],[8.5161,48.8875],[8.5181,48.8997],[8.5539,48.9202],[8.554,48.9277],[8.5344,48.9282],[8.5434,48.9357],[8.5381,48.9537],[8.5588,48.9608],[8.5574,48.9703],[8.5746,48.9881],[8.5997,48.9917],[8.5583,49.0082],[8.5435,49.0282],[8.5946,49.0506],[8.5928,49.06],[8.6862,49.0936],[8.7271,49.0882],[8.8313,49.1294],[8.8268,49.1335],[8.8422,49.1503],[8.8308,49.162],[8.8179,49.1572],[8.8245,49.1911],[8.8634,49.1744],[8.8934,49.1858],[8.9312,49.1784],[8.9595,49.1856],[8.9651,49.1732],[9.0099,49.1799],[9.0141,49.1465],[8.984,49.1427],[8.945,49.1084],[8.9601,49.1108],[8.9983,49.0966],[8.9737,49.0793],[8.948,49.0748],[8.9501,49.0811],[8.9124,49.0845],[8.8649,49.0715],[8.8763,49.0697],[8.8805,49.0563],[8.8714,49.0501],[8.8724,49.037],[8.9046,49.0214],[8.9328,48.9928],[8.9204,48.982],[8.9492,48.9531],[8.9418,48.9383],[8.9063,48.9446],[8.9022,48.9351],[8.906,48.9262],[8.8999,48.9236],[8.9263,48.9196],[8.9068,48.9104],[8.9287,48.8665],[8.9023,48.8605],[8.8905,48.8743],[8.8689,48.8805],[8.834,48.8733],[8.8442,48.873],[8.8369,48.867],[8.8087,48.8623],[8.7758,48.8525],[8.7698,48.8478],[8.7819,48.8501],[8.7843,48.8427],[8.7784,48.844],[8.7976,48.8298],[8.7994,48.8377],[8.8093,48.8352],[8.844,48.8131],[8.8425,48.7995],[8.801,48.7721],[8.8352,48.7543],[8.8294,48.7364],[8.8774,48.7234],[8.8551,48.7068],[8.8632,48.6974],[8.8511,48.6845],[8.8364,48.683],[8.8257,48.6695],[8.8018,48.6801],[8.7665,48.6731],[8.7659,48.6643],[8.7442,48.655],[8.7432,48.648],[8.7315,48.6618],[8.7253,48.6547],[8.6497,48.6456],[8.6327,48.6304],[8.6167,48.637],[8.6174,48.6276],[8.5926,48.6143],[8.5852,48.6156],[8.5652,48.651],[8.5436,48.6614],[8.5614,48.6726],[8.515,48.6502],[8.4968,48.6592],[8.4776,48.6538],[8.4598,48.6279],[8.4492,48.6274],[8.4545,48.6168],[8.422,48.6362],[8.4057,48.6358],[8.4146,48.6362],[8.4096,48.6394],[8.417,48.6465],[8.43,48.6445],[8.4362,48.6548],[8.4306,48.6601]]],[[[8.8349,48.6354],[8.8255,48.6393],[8.7908,48.6383],[8.8015,48.6439],[8.7987,48.6587],[8.8421,48.6643],[8.8526,48.6461],[8.8349,48.6354]]]]}},{"type":"Feature","properties":{"plz":"76","c":[8.2745,49.0254]},"geometry":{"type":"Polygon","coordinates":[[[8.1377,48.7523],[8.1149,48.7583],[8.1053,48.7433],[8.0906,48.7449],[8.0857,48.7376],[8.075,48.7495],[8.0957,48.7599],[8.0929,48.7687],[8.1062,48.7762],[8.0836,48.7994],[8.1016,48.816],[8.1421,48.898],[8.1983,48.9586],[8.2325,48.9664],[8.2326,48.9736],[8.216,48.9754],[8.1994,48.9669],[8.1945,48.9771],[8.1398,48.9783],[8.1294,48.9844],[8.0691,49.0007],[8.0684,48.9994],[8.0496,49.0145],[8.0004,49.0283],[7.975,49.0266],[7.9667,49.0418],[7.9315,49.058],[7.9131,49.0401],[7.8885,49.0491],[7.8667,49.033],[7.8544,49.0355],[7.8094,49.0615],[7.7944,49.0658],[7.7841,49.0584],[7.795,49.0745],[7.7445,49.0714],[7.7295,49.0833],[7.7436,49.0993],[7.76,49.104],[7.7533,49.113],[7.7721,49.122],[7.7669,49.127],[7.8244,49.1254],[7.8193,49.131],[7.8548,49.1451],[7.8625,49.1561],[7.8874,49.1423],[7.8553,49.1626],[7.8626,49.1682],[7.8484,49.1625],[7.8358,49.1728],[7.8211,49.1694],[7.8252,49.1768],[7.804,49.1775],[7.815,49.2007],[7.8057,49.2048],[7.7862,49.2088],[7.7509,49.2018],[7.7595,49.2115],[7.7577,49.2242],[7.7699,49.2344],[7.8212,49.2392],[7.8273,49.2472],[7.8256,49.2819],[7.8425,49.3085],[7.833,49.3246],[7.845,49.3339],[7.8527,49.3341],[7.8676,49.3133],[7.9134,49.3163],[7.9365,49.3087],[7.9382,49.3211],[7.9767,49.3336],[7.961,49.2996],[8.0091,49.297],[8.0033,49.2855],[8.0144,49.2794],[8.0225,49.2821],[8.0245,49.2973],[8.0684,49.2762],[8.1209,49.276],[8.1231,49.2649],[8.1081,49.2642],[8.109,49.252],[8.1396,49.2485],[8.1054,49.2394],[8.2317,49.2602],[8.2363,49.2129],[8.3432,49.2031],[8.351,49.2186],[8.3648,49.2254],[8.3608,49.2557],[8.3965,49.2412],[8.4455,49.2669],[8.4655,49.2645],[8.4836,49.2372],[8.4838,49.221],[8.4999,49.2109],[8.5082,49.1898],[8.532,49.1925],[8.5378,49.2089],[8.5487,49.215],[8.5735,49.2082],[8.5987,49.2467],[8.6406,49.2306],[8.6144,49.2409],[8.7014,49.2267],[8.7227,49.238],[8.75,49.2198],[8.7529,49.2055],[8.784,49.1979],[8.8134,49.2013],[8.8258,49.1871],[8.8179,49.1572],[8.8308,49.162],[8.8422,49.1503],[8.8268,49.1335],[8.8313,49.1294],[8.7271,49.0882],[8.6862,49.0936],[8.6331,49.0688],[8.5928,49.06],[8.5946,49.0506],[8.5435,49.0282],[8.5583,49.0082],[8.5997,48.9917],[8.5746,48.9881],[8.5574,48.9703],[8.5588,48.9608],[8.5381,48.9537],[8.5434,48.9357],[8.5344,48.9282],[8.554,48.9277],[8.5539,48.9202],[8.5181,48.8997],[8.5161,48.8875],[8.526,48.8787],[8.5182,48.8666],[8.4681,48.8455],[8.4761,48.8403],[8.4756,48.8288],[8.493,48.8202],[8.4454,48.8209],[8.5006,48.8197],[8.5047,48.8063],[8.4611,48.805],[8.4606,48.7919],[8.4773,48.775],[8.4651,48.7643],[8.4842,48.7569],[8.4733,48.7353],[8.4758,48.7242],[8.4583,48.7171],[8.467,48.7003],[8.4392,48.6951],[8.4475,48.6871],[8.4463,48.66],[8.4199,48.6642],[8.4362,48.6548],[8.43,48.6445],[8.3883,48.6371],[8.3827,48.6199],[8.3495,48.6099],[8.3578,48.6005],[8.3178,48.5883],[8.2612,48.589],[8.2221,48.6032],[8.2475,48.6028],[8.2486,48.6086],[8.2329,48.6112],[8.2541,48.6278],[8.2415,48.646],[8.2563,48.6691],[8.2362,48.6676],[8.2398,48.677],[8.2324,48.6766],[8.2241,48.6917],[8.229,48.7007],[8.219,48.6953],[8.1916,48.7177],[8.1767,48.7114],[8.1078,48.7274],[8.1242,48.7353],[8.1237,48.7296],[8.1354,48.7278],[8.1431,48.7407],[8.1582,48.7419],[8.1347,48.7413],[8.1377,48.7523]]]}},{"type":"Feature","properties":{"plz":"77","c":[8.0392,48.4478]},"geometry":{"type":"Polygon","coordinates":[[[8.0025,48.211],[7.9814,48.2017],[7.949,48.2025],[7.904,48.2138],[7.9176,48.2191],[7.8309,48.2346],[7.8154,48.2244],[7.7724,48.2418],[7.7347,48.2358],[7.7119,48.2598],[7.6809,48.2572],[7.6954,48.3034],[7.74,48.3217],[7.7457,48.3326],[7.7311,48.386],[7.7351,48.4026],[7.7659,48.4589],[7.768,48.4892],[7.8016,48.508],[7.8067,48.5199],[7.8009,48.5857],[7.8443,48.6453],[7.8923,48.6642],[7.9593,48.7185],[7.9736,48.7589],[8.0127,48.7603],[8.0304,48.7873],[8.0641,48.7896],[8.0836,48.7994],[8.1062,48.7762],[8.0929,48.7687],[8.0957,48.7599],[8.0768,48.7523],[8.08,48.7369],[8.0906,48.7449],[8.1053,48.7433],[8.1149,48.7583],[8.1377,48.7523],[8.1347,48.7413],[8.1431,48.7407],[8.1354,48.7278],[8.1237,48.7296],[8.1242,48.7353],[8.1078,48.7274],[8.1767,48.7114],[8.1916,48.7177],[8.219,48.6953],[8.229,48.7007],[8.2241,48.6917],[8.2324,48.6766],[8.2398,48.677],[8.2362,48.6676],[8.2563,48.6691],[8.2415,48.646],[8.2541,48.6278],[8.2329,48.6112],[8.2486,48.6086],[8.2475,48.6028],[8.2076,48.6015],[8.237,48.5773],[8.2126,48.5582],[8.2201,48.5377],[8.2117,48.522],[8.2204,48.5194],[8.2225,48.5032],[8.2421,48.4919],[8.2666,48.4907],[8.2931,48.4659],[8.3117,48.4683],[8.3177,48.4569],[8.3501,48.4489],[8.3608,48.4389],[8.3439,48.4253],[8.3481,48.4109],[8.3427,48.4015],[8.3304,48.401],[8.3283,48.3871],[8.3595,48.3775],[8.3601,48.3383],[8.4142,48.3157],[8.3922,48.303],[8.3962,48.2871],[8.3825,48.2682],[8.3868,48.2537],[8.3774,48.2451],[8.329,48.2496],[8.3283,48.2583],[8.3141,48.2639],[8.2614,48.2366],[8.2571,48.2427],[8.2466,48.2397],[8.2345,48.2202],[8.1848,48.2049],[8.1719,48.2104],[8.1659,48.2258],[8.1516,48.229],[8.1044,48.2081],[8.0725,48.2261],[8.036,48.2225],[8.0178,48.2342],[7.9938,48.2237],[8.0025,48.211]]]}},{"type":"Feature","properties":{"plz":"78","c":[8.644,47.9981]},"geometry":{"type":"MultiPolygon","coordinates":[[[[8.422,47.8827],[8.4175,47.8931],[8.4055,47.8954],[8.413,47.9008],[8.409,47.9049],[8.3144,47.9435],[8.3138,47.9518],[8.2692,47.9531],[8.3144,47.9699],[8.3215,47.9842],[8.3108,47.9935],[8.2831,47.9871],[8.222,47.9977],[8.1965,47.9837],[8.1907,47.9937],[8.1615,47.9938],[8.1151,48.0274],[8.1282,48.0411],[8.1254,48.0526],[8.1097,48.0631],[8.1296,48.0736],[8.1485,48.0676],[8.1664,48.0754],[8.1451,48.0853],[8.1525,48.1038],[8.1252,48.1315],[8.1421,48.1407],[8.1361,48.1638],[8.1799,48.184],[8.1848,48.2049],[8.2345,48.2202],[8.2466,48.2397],[8.2571,48.2427],[8.2614,48.2366],[8.2966,48.2584],[8.3141,48.2639],[8.3283,48.2583],[8.329,48.2496],[8.3892,48.2436],[8.3774,48.2451],[8.3868,48.2537],[8.3825,48.2682],[8.3962,48.2871],[8.3922,48.303],[8.4142,48.3157],[8.4041,48.322],[8.4334,48.3224],[8.4335,48.311],[8.4446,48.3005],[8.4616,48.3135],[8.4943,48.3144],[8.5006,48.3274],[8.5546,48.3168],[8.5935,48.3313],[8.6078,48.3126],[8.6202,48.3161],[8.6261,48.307],[8.6613,48.3],[8.6487,48.289],[8.6836,48.2809],[8.666,48.2687],[8.7056,48.2591],[8.7102,48.2523],[8.698,48.2454],[8.7095,48.2323],[8.7036,48.2225],[8.7129,48.2094],[8.7443,48.201],[8.7193,48.1812],[8.7259,48.1705],[8.7513,48.1596],[8.7642,48.1631],[8.762,48.1734],[8.7702,48.1821],[8.8094,48.1845],[8.8327,48.1648],[8.8317,48.1495],[8.8497,48.1496],[8.8623,48.14],[8.8821,48.107],[8.9538,48.1074],[8.9624,48.0914],[8.9971,48.0708],[8.9883,48.058],[8.9751,48.0552],[8.9156,48.0599],[8.9385,48.0572],[8.9355,48.0466],[8.9556,48.0412],[8.9518,48.0297],[8.9602,48.0282],[8.9597,48.0359],[8.9711,48.0405],[8.9789,48.0325],[8.9341,47.9947],[8.9722,47.983],[8.9811,47.9946],[9.0099,47.996],[9.0213,47.9793],[9.0118,47.9738],[9.0204,47.9475],[9.0125,47.9369],[9.0773,47.9417],[9.0817,47.9387],[9.0693,47.9307],[9.0648,47.9159],[9.0973,47.9143],[9.1045,47.9055],[9.1513,47.8951],[9.1457,47.8729],[9.1305,47.8651],[9.1387,47.8592],[9.1157,47.8591],[9.129,47.8467],[9.1034,47.8415],[9.0841,47.858],[9.069,47.8581],[9.0666,47.8489],[9.0834,47.8253],[9.0773,47.8123],[9.0861,47.8044],[9.1176,47.8022],[9.1248,47.7856],[9.0616,47.815],[9.0394,47.8175],[9.0304,47.8057],[9.0872,47.7691],[9.1734,47.7345],[9.1796,47.7067],[9.2076,47.6873],[9.218,47.666],[9.1791,47.6667],[9.1818,47.656],[9.1703,47.655],[9.1488,47.6691],[9.1272,47.668],[9.1119,47.6852],[9.0916,47.6868],[9.109,47.6909],[9.0906,47.7083],[8.9896,47.7437],[8.9847,47.7371],[9.0146,47.7196],[8.9738,47.7355],[8.9403,47.7284],[9.0075,47.6956],[8.9388,47.6579],[8.8754,47.6562],[8.8679,47.6759],[8.8504,47.6818],[8.8577,47.6927],[8.8508,47.6947],[8.8734,47.694],[8.8697,47.7019],[8.8776,47.7037],[8.819,47.7128],[8.8262,47.7179],[8.8048,47.7245],[8.8122,47.7304],[8.8067,47.7383],[8.7965,47.7346],[8.7992,47.7271],[8.7701,47.7191],[8.7694,47.7069],[8.794,47.7043],[8.8101,47.6934],[8.7971,47.6884],[8.796,47.6754],[8.7845,47.6768],[8.7281,47.6927],[8.7358,47.7153],[8.7111,47.7301],[8.74,47.753],[8.7141,47.7654],[8.6884,47.7586],[8.681,47.7866],[8.6574,47.7918],[8.6568,47.8005],[8.6454,47.7872],[8.653,47.7734],[8.6317,47.7582],[8.6194,47.7677],[8.6234,47.7773],[8.6151,47.784],[8.6221,47.7949],[8.6139,47.8012],[8.5753,47.7996],[8.568,47.8085],[8.562,47.7926],[8.5749,47.7896],[8.5773,47.7817],[8.5629,47.7779],[8.5529,47.7846],[8.5202,47.7705],[8.5103,47.7762],[8.5309,47.7899],[8.492,47.797],[8.5137,47.8117],[8.5066,47.8297],[8.4725,47.8293],[8.472,47.8467],[8.4388,47.8542],[8.4338,47.8602],[8.4395,47.8769],[8.422,47.8827]]],[[[8.7179,47.6907],[8.6902,47.6954],[8.6635,47.6859],[8.6586,47.6913],[8.6763,47.6976],[8.6647,47.7134],[8.6863,47.7086],[8.7013,47.7152],[8.7179,47.6907]]],[[[9.0405,47.7083],[9.0614,47.703],[9.0918,47.6863],[9.044,47.6931],[9.0405,47.7083]]]]}},{"type":"Feature","properties":{"plz":"79","c":[7.9663,47.8601]},"geometry":{"type":"Polygon","coordinates":[[[7.7181,47.6061],[7.6935,47.6044],[7.6752,47.592],[7.649,47.5962],[7.6191,47.5769],[7.6049,47.5779],[7.6048,47.5849],[7.589,47.5899],[7.592,47.6036],[7.567,47.6321],[7.5216,47.6636],[7.5118,47.697],[7.5484,47.7319],[7.53,47.7826],[7.5629,47.8431],[7.557,47.879],[7.5817,47.8981],[7.5832,47.9312],[7.6219,47.9725],[7.609,48.0001],[7.5689,48.0346],[7.5692,48.0791],[7.5799,48.1242],[7.5986,48.1355],[7.5999,48.1562],[7.6451,48.2081],[7.6656,48.2204],[7.6809,48.2572],[7.7027,48.2605],[7.7119,48.2598],[7.7347,48.2358],[7.7724,48.2418],[7.8154,48.2244],[7.8309,48.2346],[7.8486,48.2339],[7.9176,48.2191],[7.9068,48.2113],[7.847,48.2103],[7.9346,48.2111],[7.949,48.2025],[7.9814,48.2017],[8.0025,48.211],[7.9938,48.2237],[8.0178,48.2342],[8.036,48.2225],[8.0725,48.2261],[8.1044,48.2081],[8.1516,48.229],[8.1659,48.2258],[8.1719,48.2104],[8.1878,48.2023],[8.1679,48.1742],[8.1361,48.1638],[8.1421,48.1407],[8.1252,48.1315],[8.154,48.0978],[8.1451,48.0853],[8.1664,48.0754],[8.1485,48.0676],[8.1296,48.0736],[8.1097,48.0631],[8.1254,48.0526],[8.1282,48.0411],[8.1151,48.0274],[8.1615,47.9938],[8.1907,47.9937],[8.1965,47.9837],[8.222,47.9977],[8.2831,47.9871],[8.3108,47.9935],[8.3215,47.9842],[8.3144,47.9699],[8.2692,47.9531],[8.3138,47.9518],[8.3144,47.9435],[8.409,47.9049],[8.413,47.9008],[8.4055,47.8954],[8.4395,47.8769],[8.4338,47.8602],[8.4388,47.8542],[8.472,47.8467],[8.4699,47.8285],[8.5066,47.8297],[8.5137,47.8117],[8.492,47.797],[8.5309,47.7899],[8.4725,47.7634],[8.4498,47.7381],[8.4549,47.7225],[8.417,47.7101],[8.4046,47.698],[8.4208,47.6839],[8.4063,47.6762],[8.4122,47.6663],[8.4451,47.6539],[8.466,47.6573],[8.4637,47.6485],[8.4735,47.6384],[8.4764,47.6501],[8.4924,47.6421],[8.5318,47.6458],[8.5414,47.6333],[8.5269,47.6605],[8.5416,47.6569],[8.5399,47.6651],[8.5638,47.67],[8.5776,47.6615],[8.598,47.6727],[8.6286,47.649],[8.6165,47.6379],[8.6034,47.6387],[8.614,47.6444],[8.6076,47.6524],[8.5954,47.6423],[8.6049,47.6134],[8.5826,47.5961],[8.5639,47.5985],[8.5744,47.6123],[8.5579,47.6245],[8.516,47.6339],[8.5083,47.6175],[8.4792,47.6152],[8.4567,47.6023],[8.4669,47.5842],[8.4887,47.5878],[8.4947,47.5811],[8.4336,47.5666],[8.3979,47.5772],[8.3828,47.5657],[8.3281,47.5714],[8.3008,47.5868],[8.2973,47.6061],[8.254,47.6149],[8.29,47.626],[8.2377,47.6126],[8.2272,47.605],[8.2121,47.6206],[8.1852,47.613],[8.1911,47.6128],[8.165,47.5943],[8.1101,47.5828],[8.0921,47.5585],[8.0678,47.5646],[8.0176,47.5506],[7.9594,47.5579],[7.9455,47.5438],[7.9195,47.5471],[7.9087,47.5548],[7.9065,47.5769],[7.8846,47.5889],[7.8411,47.5821],[7.8188,47.5869],[7.7957,47.5574],[7.6973,47.5329],[7.6771,47.5332],[7.634,47.5612],[7.6773,47.5637],[7.6835,47.5713],[7.6859,47.5656],[7.6934,47.5733],[7.6717,47.5873],[7.7181,47.6061]]]}},{"type":"Feature","properties":{"plz":"80","c":[11.5397,48.1833]},"geometry":{"type":"Polygon","coordinates":[[[11.5614,48.1184],[11.5417,48.1218],[11.532,48.1322],[11.5201,48.1237],[11.4648,48.124],[11.4759,48.1314],[11.4856,48.1466],[11.4813,48.1574],[11.4925,48.1657],[11.4734,48.176],[11.4385,48.1776],[11.4304,48.1888],[11.4371,48.1914],[11.4324,48.2052],[11.4911,48.2231],[11.4907,48.2454],[11.4998,48.2481],[11.5254,48.2413],[11.5311,48.2313],[11.5823,48.2286],[11.5875,48.2135],[11.6116,48.2191],[11.6071,48.2282],[11.6246,48.2292],[11.6505,48.217],[11.5918,48.1365],[11.5614,48.1184]]]}},{"type":"Feature","properties":{"plz":"81","c":[11.6015,48.1175]},"geometry":{"type":"MultiPolygon","coordinates":[[[[11.5454,48.0681],[11.5337,48.0777],[11.5282,48.069],[11.5042,48.0624],[11.5036,48.0693],[11.4709,48.0832],[11.4744,48.1036],[11.463,48.1053],[11.4634,48.1145],[11.5023,48.1121],[11.4651,48.1147],[11.4648,48.124],[11.5201,48.1237],[11.532,48.1322],[11.5614,48.1184],[11.5918,48.1365],[11.6267,48.1804],[11.6367,48.1728],[11.6313,48.1775],[11.6655,48.1762],[11.6622,48.1829],[11.6956,48.18],[11.6739,48.1565],[11.6782,48.1443],[11.7083,48.1479],[11.7229,48.1371],[11.7123,48.1334],[11.712,48.123],[11.6859,48.1211],[11.7146,48.1111],[11.6828,48.0918],[11.6857,48.0775],[11.6163,48.0884],[11.5936,48.085],[11.588,48.0945],[11.5535,48.084],[11.5454,48.0681]]],[[[11.4759,48.1314],[11.4263,48.1365],[11.4129,48.1275],[11.3896,48.1279],[11.3891,48.1479],[11.3608,48.1581],[11.3691,48.1765],[11.391,48.1815],[11.3908,48.2005],[11.4324,48.2052],[11.4371,48.1914],[11.4304,48.1888],[11.4391,48.178],[11.4734,48.176],[11.4916,48.1653],[11.4813,48.1574],[11.4856,48.1466],[11.4759,48.1314]]]]}},{"type":"Feature","properties":{"plz":"82","c":[11.2302,47.8343]},"geometry":{"type":"Polygon","coordinates":[[[10.9836,47.43],[10.9281,47.4719],[10.9343,47.4827],[10.87,47.4833],[10.872,47.5004],[10.918,47.5136],[10.9044,47.518],[10.8782,47.5469],[10.8825,47.5565],[10.8719,47.5613],[10.8775,47.5676],[10.8728,47.5724],[10.9262,47.5838],[10.9158,47.5834],[10.9433,47.5971],[10.9419,47.6096],[10.9539,47.6165],[10.9366,47.6165],[10.9266,47.6297],[10.9032,47.6373],[10.9195,47.6609],[10.906,47.6881],[10.9135,47.7044],[10.9027,47.7117],[10.9103,47.7216],[10.9057,47.7313],[10.9152,47.7372],[10.9061,47.7453],[10.9219,47.744],[10.9374,47.763],[10.9504,47.7606],[10.9511,47.7704],[10.9599,47.7743],[11.0142,47.7709],[11.0373,47.7736],[11.0025,47.7734],[10.9819,47.8002],[10.9862,47.814],[10.9733,47.8109],[10.9585,47.8238],[10.9965,47.8318],[10.9901,47.8401],[10.9687,47.8422],[10.9987,47.8631],[10.9745,47.8742],[10.9747,47.8837],[10.9881,47.8816],[10.9806,47.8883],[10.9864,47.895],[11.0218,47.9091],[11.0352,47.8987],[11.0675,47.8989],[11.0833,47.9062],[11.0719,47.9202],[11.1232,47.9292],[11.1322,47.9529],[11.1182,47.9992],[11.1203,48.0633],[11.0942,48.0721],[11.1048,48.0773],[11.0995,48.0898],[11.0215,48.1059],[11.0093,48.1168],[10.992,48.1154],[10.9862,48.1247],[10.9594,48.127],[10.9586,48.1347],[10.9452,48.1382],[10.9647,48.1466],[10.9585,48.1677],[10.9744,48.1729],[10.998,48.1563],[11.0072,48.1546],[11.0131,48.1676],[11.0061,48.1647],[10.993,48.1761],[11.0249,48.1781],[11.0344,48.1926],[10.982,48.2099],[10.9836,48.2299],[10.9937,48.2232],[10.9988,48.2303],[11.031,48.231],[11.049,48.2242],[11.0384,48.2329],[11.0588,48.2459],[11.0443,48.2556],[11.0635,48.2548],[11.0686,48.2454],[11.062,48.2743],[11.0699,48.2814],[11.0968,48.2672],[11.0967,48.2602],[11.1489,48.2699],[11.1493,48.2771],[11.1588,48.279],[11.1489,48.2841],[11.1533,48.2897],[11.1773,48.2967],[11.2013,48.2788],[11.2267,48.2817],[11.2525,48.2613],[11.2938,48.2605],[11.3107,48.2322],[11.3248,48.2282],[11.3368,48.2344],[11.3417,48.2286],[11.3789,48.2355],[11.3841,48.227],[11.3974,48.2273],[11.4047,48.2191],[11.4024,48.2014],[11.3908,48.2005],[11.391,48.1815],[11.3691,48.1765],[11.3608,48.1581],[11.3891,48.1479],[11.3896,48.1279],[11.4129,48.1275],[11.4263,48.1365],[11.4649,48.1284],[11.463,48.1053],[11.4744,48.1036],[11.4709,48.0832],[11.5036,48.0693],[11.5042,48.0624],[11.5413,48.0779],[11.5441,48.0683],[11.5585,48.0634],[11.5454,48.0681],[11.5535,48.084],[11.5886,48.0934],[11.5936,48.085],[11.6078,48.0856],[11.6104,48.0754],[11.6465,48.0755],[11.6503,48.0693],[11.6445,48.0542],[11.5931,48.0542],[11.6703,48.0521],[11.6738,48.0454],[11.659,48.0422],[11.659,48.0315],[11.6505,48.0271],[11.666,48.0121],[11.6647,48.0038],[11.6254,48.0048],[11.6311,47.995],[11.6678,47.9944],[11.6693,47.9832],[11.6899,47.9765],[11.6883,47.9629],[11.7024,47.9392],[11.6807,47.9369],[11.659,47.9227],[11.6551,47.9281],[11.6236,47.9203],[11.5642,47.9238],[11.5655,47.9043],[11.574,47.8982],[11.5392,47.8771],[11.5332,47.8833],[11.5167,47.8808],[11.5222,47.9024],[11.4916,47.9025],[11.483,47.8934],[11.484,47.8998],[11.4757,47.8979],[11.4721,47.8918],[11.515,47.8594],[11.5229,47.8194],[11.5091,47.8209],[11.5027,47.7979],[11.4764,47.7828],[11.4715,47.769],[11.4462,47.7734],[11.4319,47.7878],[11.3999,47.786],[11.403,47.7648],[11.4152,47.7556],[11.4126,47.7469],[11.4303,47.7435],[11.3741,47.7288],[11.3648,47.7187],[11.3719,47.7066],[11.3439,47.6938],[11.3533,47.675],[11.3612,47.6762],[11.3514,47.685],[11.415,47.6986],[11.4339,47.6694],[11.4201,47.6666],[11.4297,47.6636],[11.4306,47.654],[11.4134,47.652],[11.416,47.6353],[11.4012,47.6301],[11.3763,47.6371],[11.3792,47.6308],[11.3672,47.6222],[11.349,47.6186],[11.3512,47.6115],[11.3695,47.6078],[11.3646,47.5996],[11.3742,47.5902],[11.3918,47.5824],[11.301,47.5708],[11.2928,47.5528],[11.3183,47.5498],[11.3261,47.5314],[11.3656,47.5125],[11.3747,47.5149],[11.3854,47.5001],[11.4102,47.4951],[11.3838,47.4722],[11.4094,47.4667],[11.4212,47.4446],[11.3386,47.4499],[11.3297,47.4381],[11.291,47.4271],[11.2901,47.4073],[11.2726,47.398],[11.2223,47.3973],[11.2536,47.4277],[11.2055,47.4339],[11.1281,47.4122],[11.1148,47.3955],[11.006,47.3941],[10.9704,47.4002],[10.971,47.4166],[10.9846,47.421],[10.9836,47.43]]]}},{"type":"Feature","properties":{"plz":"83","c":[12.2397,47.8145]},"geometry":{"type":"Polygon","coordinates":[[[11.4118,47.6359],[11.4134,47.652],[11.4561,47.6528],[11.4306,47.654],[11.4297,47.6636],[11.4214,47.6625],[11.422,47.6691],[11.4339,47.6694],[11.415,47.6986],[11.3514,47.685],[11.3612,47.6762],[11.3533,47.675],[11.3439,47.6938],[11.3719,47.7066],[11.3648,47.7187],[11.3741,47.7289],[11.4303,47.7435],[11.4126,47.7469],[11.4152,47.7556],[11.403,47.7648],[11.3999,47.786],[11.4319,47.7878],[11.4462,47.7734],[11.4715,47.769],[11.4764,47.7828],[11.5027,47.7979],[11.5091,47.8209],[11.5229,47.8194],[11.515,47.8594],[11.4721,47.8918],[11.4757,47.8979],[11.484,47.8998],[11.483,47.8934],[11.4916,47.9025],[11.5222,47.9024],[11.5167,47.8808],[11.5332,47.8833],[11.5392,47.8771],[11.574,47.8982],[11.5655,47.9043],[11.5642,47.9238],[11.6236,47.9203],[11.6551,47.9281],[11.659,47.9227],[11.6807,47.9369],[11.7024,47.9392],[11.715,47.9159],[11.7564,47.9222],[11.7564,47.9384],[11.7766,47.9432],[11.788,47.9292],[11.8245,47.9233],[11.8397,47.9489],[11.8611,47.9484],[11.8724,47.9569],[11.9297,47.932],[11.9283,47.939],[11.9513,47.9427],[11.9359,47.9537],[11.9266,47.984],[11.9346,47.9932],[11.9679,47.9835],[12.0007,47.9541],[12.0035,47.9627],[12.0221,47.9613],[12.032,47.9751],[12.0284,47.9901],[12.0372,47.9914],[12.0404,48.0052],[12.0061,48.0158],[12.0207,48.0205],[12.0259,48.0325],[11.9979,48.0425],[11.9989,48.0484],[12.0278,48.0508],[12.0402,48.0608],[12.0435,48.0484],[12.0596,48.057],[12.0755,48.0553],[12.0783,48.0871],[12.0628,48.0989],[12.0809,48.0993],[12.0735,48.1104],[12.0877,48.1166],[12.0837,48.1268],[12.0659,48.1227],[12.0693,48.1279],[12.0504,48.1286],[12.0333,48.1605],[12.0507,48.1542],[12.0534,48.1626],[12.1036,48.1692],[12.0991,48.1719],[12.1112,48.1858],[12.1324,48.1842],[12.1369,48.1942],[12.1533,48.192],[12.1495,48.1963],[12.1571,48.2002],[12.172,48.2007],[12.1708,48.2074],[12.1794,48.2081],[12.1801,48.2005],[12.1867,48.2176],[12.2025,48.2193],[12.2068,48.2036],[12.2192,48.2004],[12.2014,48.1892],[12.2157,48.1701],[12.2033,48.1659],[12.2069,48.1553],[12.2243,48.1517],[12.2314,48.1649],[12.2614,48.1572],[12.2684,48.172],[12.2626,48.1804],[12.2991,48.1806],[12.311,48.1924],[12.3462,48.1817],[12.3541,48.1487],[12.3467,48.1457],[12.3817,48.1534],[12.3846,48.1456],[12.4184,48.142],[12.396,48.1172],[12.4233,48.1317],[12.4343,48.1214],[12.4306,48.115],[12.4408,48.1111],[12.4592,48.1192],[12.4707,48.117],[12.4696,48.111],[12.5192,48.104],[12.5154,48.099],[12.5242,48.0954],[12.5667,48.1028],[12.5843,48.0677],[12.6152,48.0643],[12.6133,48.0267],[12.6164,48.0451],[12.6816,48.0459],[12.6825,48.0252],[12.6998,48.0197],[12.7028,48.0068],[12.7242,48.0138],[12.7411,48.005],[12.7504,47.9884],[12.7705,47.986],[12.7821,47.9884],[12.7755,48.0089],[12.78,48.0198],[12.7977,48.0254],[12.808,48.0436],[12.8387,48.0251],[12.8538,48.0125],[12.8794,47.95],[12.8759,47.9626],[12.9173,47.955],[12.9226,47.9394],[12.9377,47.9437],[13.004,47.8447],[12.9625,47.7983],[12.9393,47.7848],[12.9277,47.7699],[12.9422,47.771],[12.9448,47.7644],[12.9053,47.7234],[12.9298,47.7097],[12.9872,47.7074],[12.9984,47.7132],[12.9866,47.6935],[13.0087,47.7224],[13.0459,47.7127],[13.0807,47.687],[13.0769,47.6728],[13.0989,47.6352],[13.0626,47.6015],[13.0706,47.587],[13.0437,47.5834],[13.0427,47.5737],[13.0575,47.5621],[13.0309,47.5326],[13.0473,47.5215],[13.0476,47.4922],[13.0269,47.4867],[13.0037,47.4634],[12.9948,47.4786],[12.978,47.4847],[12.9682,47.4745],[12.9087,47.4969],[12.8828,47.5206],[12.8517,47.5308],[12.8477,47.546],[12.8093,47.5474],[12.7843,47.5689],[12.7791,47.5791],[12.7953,47.5932],[12.7929,47.6006],[12.8245,47.6121],[12.7586,47.6516],[12.7785,47.6609],[12.7812,47.6738],[12.7572,47.663],[12.7327,47.6796],[12.6958,47.6822],[12.6661,47.681],[12.6483,47.6701],[12.6031,47.6737],[12.575,47.6323],[12.5364,47.6365],[12.4992,47.6251],[12.4407,47.6739],[12.4424,47.6925],[12.4716,47.6923],[12.4291,47.6964],[12.3636,47.6838],[12.3361,47.6918],[12.338,47.6971],[12.2552,47.6795],[12.2413,47.6944],[12.265,47.7325],[12.257,47.743],[12.2265,47.718],[12.1835,47.7005],[12.1624,47.7012],[12.2082,47.6135],[12.1781,47.6009],[12.179,47.6144],[12.1398,47.6053],[12.0824,47.6097],[12.0607,47.6188],[12.0219,47.6111],[12.0085,47.6252],[11.9762,47.613],[11.9137,47.6138],[11.855,47.6024],[11.844,47.5812],[11.781,47.5912],[11.6639,47.5836],[11.6362,47.5946],[11.6283,47.5929],[11.6335,47.5806],[11.6058,47.5811],[11.5869,47.5547],[11.5881,47.5255],[11.5724,47.5145],[11.5057,47.5047],[11.4493,47.5072],[11.4421,47.5179],[11.4102,47.4951],[11.3854,47.5001],[11.3747,47.5149],[11.3656,47.5125],[11.3338,47.5355],[11.3261,47.5314],[11.3183,47.5498],[11.2928,47.5528],[11.301,47.5708],[11.3918,47.5824],[11.3742,47.5902],[11.3646,47.5996],[11.3695,47.6078],[11.3512,47.6115],[11.349,47.6186],[11.3672,47.6222],[11.3792,47.6308],[11.3763,47.6371],[11.4012,47.6301],[11.4118,47.6359]]]}},{"type":"Feature","properties":{"plz":"84","c":[12.4167,48.4484]},"geometry":{"type":"Polygon","coordinates":[[[12.0248,48.2101],[12.0348,48.211],[12.0376,48.23],[12.0337,48.2224],[12.0319,48.2296],[12.0111,48.235],[12.0131,48.2637],[12.0046,48.2725],[12.0091,48.2824],[12.034,48.2846],[12.041,48.2972],[12.0493,48.2976],[12.0469,48.3066],[12.0586,48.3129],[12.0485,48.318],[12.0416,48.3359],[12.0593,48.341],[12.0535,48.3463],[12.0635,48.3513],[12.0633,48.3648],[12.0837,48.3648],[12.0489,48.3661],[12.0478,48.3852],[12.0608,48.3931],[12.0416,48.385],[12.0249,48.4008],[12.0322,48.4074],[12.025,48.4067],[12.0194,48.437],[12.0102,48.4386],[12.0154,48.4442],[12.0095,48.4511],[11.9916,48.4498],[12.0034,48.4653],[11.9977,48.4681],[12.0076,48.4963],[12.0305,48.508],[11.987,48.4913],[11.9581,48.4992],[11.9758,48.5116],[11.9611,48.5323],[11.9712,48.5374],[11.963,48.5472],[11.9728,48.551],[11.9579,48.5661],[11.9672,48.5802],[11.9426,48.5729],[11.8861,48.5886],[11.8661,48.5792],[11.8661,48.5704],[11.8335,48.5737],[11.8371,48.5675],[11.7728,48.5497],[11.7726,48.5421],[11.7648,48.5422],[11.7753,48.5349],[11.7648,48.5243],[11.7207,48.5278],[11.6639,48.5101],[11.6602,48.5521],[11.669,48.5514],[11.658,48.5627],[11.6765,48.5646],[11.6714,48.5711],[11.7034,48.5833],[11.7019,48.5927],[11.7137,48.5923],[11.6978,48.6052],[11.7066,48.6163],[11.6937,48.618],[11.6919,48.6303],[11.7131,48.6482],[11.6854,48.6634],[11.6954,48.6836],[11.6537,48.7005],[11.671,48.7233],[11.7214,48.718],[11.8087,48.7233],[11.8326,48.7176],[11.8334,48.7085],[11.8816,48.7091],[11.8907,48.6999],[11.9077,48.701],[11.9107,48.7097],[11.9282,48.7112],[11.9469,48.7268],[11.9695,48.7292],[11.9895,48.7422],[11.992,48.7524],[12.0409,48.7593],[12.0304,48.7716],[12.0389,48.776],[12.024,48.786],[12.0145,48.7778],[11.9966,48.7823],[12.005,48.7954],[11.977,48.8069],[11.9884,48.8113],[11.978,48.8157],[11.9785,48.823],[11.993,48.8162],[12.0261,48.8251],[12.0315,48.8496],[12.0191,48.8618],[12.0344,48.8691],[12.0239,48.8752],[12.0301,48.878],[12.052,48.8787],[12.0543,48.8728],[12.0811,48.8784],[12.0873,48.8657],[12.1157,48.8612],[12.1299,48.862],[12.1409,48.8786],[12.1548,48.8699],[12.1504,48.8774],[12.1721,48.874],[12.1864,48.8675],[12.1876,48.8514],[12.1976,48.8413],[12.2516,48.8507],[12.2641,48.862],[12.2733,48.8519],[12.269,48.8436],[12.2778,48.8419],[12.2846,48.8512],[12.3021,48.823],[12.3128,48.828],[12.3319,48.8224],[12.3384,48.8145],[12.3295,48.8082],[12.3328,48.7981],[12.3474,48.7861],[12.3776,48.7813],[12.382,48.7643],[12.399,48.7582],[12.4318,48.7665],[12.4504,48.7458],[12.452,48.7575],[12.4702,48.7548],[12.4681,48.7602],[12.4948,48.7652],[12.5193,48.7523],[12.5224,48.7571],[12.525,48.748],[12.5353,48.7512],[12.5256,48.7395],[12.5386,48.7317],[12.5308,48.7174],[12.5432,48.7145],[12.5555,48.6962],[12.5711,48.7009],[12.5797,48.6887],[12.5741,48.6868],[12.5787,48.6772],[12.5645,48.668],[12.5518,48.6696],[12.5567,48.6607],[12.5693,48.6626],[12.5545,48.6493],[12.5623,48.639],[12.5584,48.6331],[12.5753,48.618],[12.5628,48.6196],[12.5656,48.6137],[12.532,48.6034],[12.5284,48.5843],[12.5791,48.5834],[12.5819,48.5914],[12.5993,48.5952],[12.6096,48.574],[12.5897,48.5699],[12.6041,48.5445],[12.5882,48.5305],[12.5943,48.5215],[12.6282,48.5111],[12.6339,48.4976],[12.6235,48.4956],[12.6245,48.4825],[12.6582,48.49],[12.6737,48.5098],[12.6947,48.5074],[12.691,48.5232],[12.7086,48.5137],[12.7085,48.5204],[12.7199,48.5236],[12.7275,48.5169],[12.7139,48.5324],[12.7184,48.5477],[12.7382,48.5454],[12.7335,48.5367],[12.7491,48.5418],[12.7611,48.5242],[12.7733,48.5246],[12.7521,48.5083],[12.786,48.5103],[12.7902,48.5],[12.7998,48.5062],[12.808,48.5016],[12.8392,48.528],[12.8666,48.5201],[12.8674,48.5297],[12.8901,48.5293],[12.9047,48.5457],[12.9428,48.5536],[12.9546,48.5723],[12.9785,48.567],[12.9945,48.5802],[13.0132,48.5834],[13.0213,48.5795],[13.0163,48.5744],[13.0243,48.5612],[13.0001,48.5471],[12.9971,48.5314],[13.0732,48.5552],[13.0848,48.5427],[13.0854,48.5487],[13.0973,48.5481],[13.1058,48.5401],[13.0975,48.5371],[13.0859,48.4907],[13.1166,48.4884],[13.1175,48.4634],[13.123,48.4628],[13.1176,48.4481],[13.1422,48.4364],[13.1363,48.4262],[13.1043,48.4327],[13.0948,48.4278],[13.0893,48.397],[13.0997,48.3921],[13.0776,48.3846],[13.0933,48.3815],[13.0802,48.3718],[13.0792,48.355],[13.0557,48.3468],[13.0554,48.3303],[13.0322,48.319],[13.071,48.3083],[13.0744,48.2934],[13.0686,48.2917],[13.0811,48.2773],[13.013,48.253],[12.9666,48.2147],[12.8722,48.2021],[12.8312,48.155],[12.799,48.1465],[12.7863,48.1233],[12.7595,48.1273],[12.7587,48.1187],[12.7462,48.1126],[12.7519,48.1131],[12.758,48.0769],[12.808,48.0436],[12.7977,48.0254],[12.78,48.0198],[12.7755,48.0089],[12.7821,47.9884],[12.7504,47.9884],[12.7411,48.005],[12.7242,48.0138],[12.7028,48.0068],[12.6998,48.0197],[12.6825,48.0252],[12.6816,48.0459],[12.6164,48.0451],[12.6159,48.0691],[12.5843,48.0677],[12.5601,48.1056],[12.5495,48.0967],[12.5242,48.0954],[12.5154,48.099],[12.5192,48.104],[12.4696,48.111],[12.4707,48.117],[12.4592,48.1192],[12.4408,48.1111],[12.4306,48.115],[12.4343,48.1214],[12.4233,48.1317],[12.396,48.1172],[12.4184,48.142],[12.3846,48.1456],[12.3817,48.1534],[12.3541,48.1487],[12.3426,48.1851],[12.311,48.1924],[12.2991,48.1806],[12.2626,48.1804],[12.2684,48.172],[12.2614,48.1572],[12.2314,48.1649],[12.2243,48.1517],[12.2069,48.1553],[12.2033,48.1659],[12.2157,48.1701],[12.2014,48.1892],[12.2324,48.202],[12.2068,48.2036],[12.2025,48.2193],[12.1867,48.2176],[12.1801,48.2005],[12.1794,48.2081],[12.1708,48.2074],[12.172,48.2007],[12.1571,48.2002],[12.1495,48.1963],[12.1533,48.192],[12.1369,48.1942],[12.1324,48.1842],[12.1112,48.1858],[12.0991,48.1719],[12.1036,48.1692],[12.0534,48.1626],[12.0507,48.1542],[12.0333,48.1605],[12.0411,48.1397],[12.0022,48.1614],[12.0146,48.1633],[12.0108,48.1701],[12.0284,48.1844],[12.0173,48.1868],[12.0263,48.1981],[12.0248,48.2101]]]}},{"type":"Feature","properties":{"plz":"85","c":[11.603,48.4672]},"geometry":{"type":"Polygon","coordinates":[[[11.4047,48.2191],[11.3789,48.2355],[11.3417,48.2286],[11.3368,48.2344],[11.3248,48.2282],[11.3107,48.2322],[11.2938,48.2605],[11.2525,48.2613],[11.2267,48.2817],[11.2013,48.2788],[11.1773,48.2967],[11.1533,48.2897],[11.1489,48.2841],[11.1588,48.279],[11.1493,48.2771],[11.1489,48.2699],[11.1139,48.2695],[11.1207,48.276],[11.1099,48.2972],[11.1269,48.3015],[11.1175,48.3091],[11.1214,48.3146],[11.1299,48.3242],[11.1635,48.326],[11.1741,48.3363],[11.1666,48.343],[11.177,48.3441],[11.1618,48.3484],[11.1732,48.3559],[11.1659,48.3582],[11.1658,48.3688],[11.1837,48.3662],[11.1754,48.3768],[11.1882,48.3758],[11.1984,48.3868],[11.1992,48.3952],[11.1892,48.3979],[11.1783,48.4172],[11.2143,48.4305],[11.2395,48.4307],[11.2466,48.4422],[11.2808,48.4347],[11.276,48.4282],[11.2834,48.4169],[11.3252,48.417],[11.3318,48.4105],[11.3509,48.4115],[11.3884,48.431],[11.3447,48.455],[11.3259,48.4482],[11.3014,48.4528],[11.2984,48.4663],[11.3051,48.4723],[11.2953,48.4745],[11.3004,48.4836],[11.3148,48.4847],[11.3119,48.5031],[11.325,48.5026],[11.3139,48.5164],[11.3647,48.542],[11.3932,48.5355],[11.3979,48.5394],[11.3901,48.5462],[11.4025,48.5479],[11.3857,48.5537],[11.389,48.5637],[11.4586,48.5872],[11.4457,48.6059],[11.431,48.6041],[11.4256,48.614],[11.444,48.6186],[11.4518,48.6293],[11.4377,48.6335],[11.4311,48.6458],[11.384,48.6341],[11.3619,48.6447],[11.3581,48.6617],[11.3455,48.6625],[11.3508,48.6664],[11.3383,48.6811],[11.3746,48.6898],[11.3684,48.7072],[11.354,48.7116],[11.3531,48.7204],[11.3685,48.7231],[11.3657,48.7304],[11.327,48.7218],[11.304,48.7503],[11.2738,48.7615],[11.2633,48.7763],[11.2254,48.7715],[11.1889,48.7949],[11.1658,48.7916],[11.1491,48.8028],[11.1659,48.8026],[11.1734,48.8148],[11.1592,48.83],[11.0959,48.8388],[11.1179,48.8514],[11.1291,48.8473],[11.1286,48.8569],[11.1385,48.8639],[11.1343,48.8788],[11.1477,48.8903],[11.1216,48.9025],[11.096,48.8898],[11.0984,48.8966],[11.0869,48.904],[11.0682,48.9001],[11.0597,48.888],[11.0271,48.8897],[11.0448,48.9009],[11.0319,48.9085],[11.0453,48.902],[11.0583,48.9132],[11.0716,48.9113],[11.0729,48.9178],[11.0509,48.9319],[11.0703,48.9536],[11.1021,48.9663],[11.1422,48.9651],[11.148,48.9848],[11.1432,48.9914],[11.1626,48.996],[11.1554,49.0026],[11.1647,49.0043],[11.1633,49.0148],[11.1856,49.014],[11.1896,49.0229],[11.1795,49.0259],[11.2166,49.0509],[11.2473,49.0472],[11.2554,49.0528],[11.2518,49.0393],[11.2696,49.0279],[11.2634,49.0143],[11.2875,49.0041],[11.297,49.0061],[11.2973,49.0164],[11.3058,49.0038],[11.3328,48.9995],[11.3513,49.0165],[11.346,49.0197],[11.3814,49.0171],[11.3865,49.031],[11.4443,49.041],[11.4507,49.0315],[11.4427,49.0252],[11.4792,49.0156],[11.4582,49.0123],[11.448,48.9915],[11.4586,48.9752],[11.4462,48.9579],[11.5,48.9632],[11.5213,48.9565],[11.5112,48.9376],[11.5174,48.9182],[11.508,48.9056],[11.5705,48.8944],[11.5463,48.8829],[11.5652,48.8842],[11.5672,48.8586],[11.6022,48.8609],[11.6089,48.8438],[11.6234,48.8402],[11.6226,48.8325],[11.6482,48.8239],[11.6597,48.8361],[11.6766,48.8344],[11.6778,48.8457],[11.668,48.8553],[11.6878,48.8741],[11.7183,48.8653],[11.7227,48.8441],[11.7189,48.8365],[11.6992,48.8388],[11.7023,48.8207],[11.7087,48.8121],[11.7411,48.8158],[11.7258,48.8108],[11.7388,48.8007],[11.7359,48.7903],[11.7159,48.7775],[11.7113,48.785],[11.6959,48.7858],[11.6996,48.7631],[11.7157,48.7559],[11.6523,48.7436],[11.6571,48.7296],[11.6704,48.7237],[11.6537,48.7005],[11.6954,48.6836],[11.6854,48.6634],[11.7131,48.6482],[11.6919,48.6303],[11.6937,48.618],[11.7066,48.6163],[11.6966,48.6115],[11.7077,48.5869],[11.6714,48.5711],[11.6765,48.5646],[11.658,48.5627],[11.669,48.5514],[11.6602,48.5521],[11.6612,48.5131],[11.6782,48.5097],[11.7207,48.5278],[11.7648,48.5243],[11.7753,48.5349],[11.7648,48.5422],[11.7726,48.5421],[11.7728,48.5497],[11.81,48.5639],[11.8298,48.5609],[11.8371,48.5675],[11.8335,48.5737],[11.8661,48.5704],[11.8661,48.5792],[11.8861,48.5886],[11.897,48.58],[11.8979,48.5867],[11.9102,48.5852],[11.9426,48.5729],[11.9602,48.5788],[11.9617,48.5575],[11.9728,48.551],[11.963,48.5472],[11.9712,48.5374],[11.9555,48.5306],[11.9611,48.5323],[11.9758,48.5116],[11.9581,48.4992],[11.9743,48.4919],[12.0103,48.4956],[11.9977,48.4681],[12.0034,48.4653],[11.9916,48.4498],[12.0095,48.4511],[12.0154,48.4442],[12.0102,48.4386],[12.0194,48.437],[12.0186,48.4148],[12.0322,48.4074],[12.0249,48.4008],[12.0513,48.3785],[12.0443,48.375],[12.0489,48.3661],[12.0633,48.3648],[12.0559,48.3366],[12.0345,48.3379],[12.0586,48.3129],[12.0469,48.3066],[12.0503,48.2977],[12.041,48.2972],[12.034,48.2846],[12.0091,48.2824],[12.0046,48.2725],[12.0131,48.2637],[12.0141,48.2455],[11.9989,48.243],[12.0319,48.2296],[12.0368,48.2155],[12.0213,48.2071],[12.0263,48.1981],[12.0193,48.1857],[12.0039,48.1832],[12.0284,48.1844],[12.0263,48.1798],[12.0105,48.1724],[12.0146,48.1633],[12.0022,48.1614],[12.0432,48.1415],[12.0504,48.1286],[12.0693,48.1279],[12.0659,48.1227],[12.0837,48.1268],[12.0877,48.1166],[12.0735,48.1104],[12.0809,48.0993],[12.0628,48.0989],[12.0783,48.0871],[12.0755,48.0553],[12.0596,48.057],[12.0435,48.0484],[12.0402,48.0608],[12.0278,48.0508],[11.9969,48.0492],[11.9979,48.0425],[12.0259,48.0325],[12.0207,48.0205],[12.0061,48.0158],[12.0404,48.0052],[12.0372,47.9914],[12.0284,47.9901],[12.032,47.9751],[12.0221,47.9613],[12.0035,47.9627],[12.0007,47.9541],[11.9679,47.9835],[11.9346,47.9932],[11.9266,47.984],[11.9465,47.9431],[11.9283,47.939],[11.9297,47.932],[11.8724,47.9569],[11.8611,47.9484],[11.8397,47.9489],[11.8245,47.9233],[11.788,47.9292],[11.7766,47.9432],[11.7564,47.9384],[11.7564,47.9222],[11.715,47.9159],[11.6883,47.9629],[11.6899,47.9765],[11.6693,47.9832],[11.6678,47.9944],[11.6311,47.995],[11.6254,48.0048],[11.6647,48.0038],[11.666,48.0121],[11.6505,48.0271],[11.659,48.0315],[11.659,48.0422],[11.6738,48.0454],[11.6703,48.0521],[11.6445,48.0542],[11.6465,48.0755],[11.6104,48.0754],[11.6078,48.0856],[11.6912,48.0734],[11.681,48.0841],[11.7146,48.1111],[11.6941,48.1194],[11.6977,48.1253],[11.712,48.123],[11.7123,48.1334],[11.7218,48.1359],[11.7083,48.1479],[11.6782,48.1443],[11.6739,48.1565],[11.6956,48.18],[11.6622,48.1829],[11.6655,48.1762],[11.6454,48.1737],[11.6284,48.1795],[11.6505,48.217],[11.639,48.226],[11.6071,48.2282],[11.6116,48.2191],[11.5875,48.2135],[11.5823,48.2286],[11.5474,48.227],[11.4998,48.2481],[11.4907,48.2454],[11.4911,48.2231],[11.4576,48.2088],[11.4024,48.2014],[11.4047,48.2191]]]}},{"type":"Feature","properties":{"plz":"86","c":[10.8391,48.4112]},"geometry":{"type":"Polygon","coordinates":[[[10.6221,47.9477],[10.6009,47.9663],[10.5672,47.9707],[10.5526,47.9816],[10.5443,48.0204],[10.5671,48.0318],[10.5461,48.0386],[10.5548,48.0592],[10.5464,48.064],[10.5315,48.0559],[10.5259,48.0654],[10.5276,48.0793],[10.5152,48.0915],[10.5236,48.112],[10.5098,48.1328],[10.5497,48.1452],[10.5419,48.158],[10.5512,48.1801],[10.5977,48.1909],[10.5764,48.1963],[10.5911,48.2109],[10.5624,48.2067],[10.5687,48.1985],[10.5317,48.2064],[10.5319,48.2204],[10.495,48.2211],[10.4703,48.2073],[10.4426,48.2077],[10.4445,48.1918],[10.4222,48.1954],[10.4175,48.1889],[10.4066,48.1954],[10.4087,48.1843],[10.349,48.1597],[10.3522,48.174],[10.3186,48.1823],[10.3159,48.1953],[10.308,48.184],[10.2949,48.1845],[10.2936,48.1714],[10.2832,48.1645],[10.2324,48.1689],[10.2236,48.1633],[10.2182,48.169],[10.2214,48.1791],[10.237,48.1841],[10.2259,48.1824],[10.2335,48.1849],[10.2229,48.1863],[10.2257,48.1919],[10.2528,48.1982],[10.255,48.2181],[10.2664,48.2218],[10.2718,48.2397],[10.2851,48.2435],[10.2858,48.2653],[10.3163,48.2661],[10.286,48.2836],[10.2988,48.3008],[10.289,48.3026],[10.3332,48.3325],[10.3428,48.3344],[10.3574,48.3211],[10.3705,48.3278],[10.3651,48.3343],[10.3875,48.3347],[10.4041,48.3231],[10.5096,48.3334],[10.5213,48.3473],[10.5072,48.3523],[10.5166,48.3539],[10.5192,48.3723],[10.513,48.3741],[10.5258,48.3899],[10.5486,48.3974],[10.5442,48.4051],[10.5056,48.4091],[10.5422,48.4258],[10.5279,48.4712],[10.5457,48.481],[10.5548,48.4746],[10.597,48.4879],[10.5726,48.5006],[10.57,48.515],[10.591,48.5327],[10.5635,48.5444],[10.6155,48.5541],[10.6273,48.5672],[10.6143,48.5739],[10.6203,48.5835],[10.6125,48.5913],[10.6718,48.6215],[10.6933,48.6212],[10.6884,48.631],[10.7081,48.6422],[10.6993,48.6507],[10.6629,48.6574],[10.6557,48.6723],[10.6221,48.6849],[10.6222,48.6937],[10.6022,48.6912],[10.5935,48.6813],[10.5687,48.6839],[10.5434,48.7053],[10.4796,48.6947],[10.4716,48.7028],[10.4831,48.7051],[10.4818,48.7126],[10.4549,48.7293],[10.4637,48.7359],[10.4504,48.735],[10.4478,48.7275],[10.4159,48.7483],[10.4283,48.7559],[10.4121,48.7712],[10.4172,48.7764],[10.4311,48.7702],[10.4344,48.7764],[10.4273,48.7863],[10.4344,48.7895],[10.421,48.7991],[10.4485,48.8101],[10.448,48.8319],[10.4265,48.837],[10.429,48.8457],[10.448,48.8496],[10.4526,48.8734],[10.4597,48.8689],[10.4446,48.8803],[10.4533,48.8902],[10.4213,48.9061],[10.4535,48.915],[10.452,48.9265],[10.4379,48.933],[10.4518,48.9373],[10.4308,48.9463],[10.4201,48.9683],[10.4039,48.9668],[10.4015,48.9744],[10.4329,48.984],[10.4208,48.9919],[10.4302,48.9997],[10.4242,49.004],[10.4522,49.0115],[10.5444,49.0071],[10.5391,49.0219],[10.5543,49.0231],[10.5451,49.0253],[10.5533,49.0333],[10.5958,49.0342],[10.6102,49.0148],[10.6273,49.0208],[10.6425,49.0165],[10.6389,48.9983],[10.6288,48.9957],[10.6354,48.9875],[10.6441,48.9855],[10.6405,48.9814],[10.673,48.9808],[10.6943,48.9538],[10.689,48.9442],[10.7016,48.9435],[10.6711,48.9242],[10.6786,48.9095],[10.7231,48.9006],[10.7376,48.9249],[10.778,48.917],[10.7706,48.9263],[10.8175,48.9493],[10.812,48.9369],[10.8255,48.9312],[10.8326,48.9131],[10.8079,48.9077],[10.8153,48.9013],[10.8637,48.8935],[10.8531,48.8851],[10.8707,48.8828],[10.8681,48.8756],[10.9058,48.8823],[10.9308,48.8629],[10.9646,48.8553],[10.9777,48.8649],[10.9848,48.8605],[10.9685,48.8532],[10.9699,48.8423],[10.9986,48.8436],[10.9952,48.836],[11.0055,48.8228],[11.0453,48.8194],[11.0371,48.8102],[11.0398,48.7994],[11.0563,48.7901],[11.0686,48.7913],[11.0768,48.8084],[11.115,48.8063],[11.1214,48.8124],[11.1658,48.7916],[11.1889,48.7949],[11.2254,48.7715],[11.2633,48.7763],[11.2738,48.7615],[11.304,48.7503],[11.327,48.7218],[11.3657,48.7304],[11.3685,48.7231],[11.3531,48.7204],[11.354,48.7116],[11.3684,48.7072],[11.3746,48.6898],[11.3324,48.682],[11.3508,48.6664],[11.3455,48.6625],[11.3581,48.6617],[11.3619,48.6447],[11.384,48.6341],[11.4274,48.643],[11.4518,48.6293],[11.444,48.6186],[11.4256,48.614],[11.431,48.6041],[11.4457,48.6059],[11.4586,48.5872],[11.389,48.5637],[11.3857,48.5537],[11.4025,48.5479],[11.3901,48.5462],[11.3979,48.5394],[11.3932,48.5355],[11.3647,48.542],[11.3414,48.5356],[11.3307,48.5218],[11.3139,48.5164],[11.325,48.5026],[11.3119,48.5031],[11.3148,48.4847],[11.2909,48.4744],[11.3051,48.4723],[11.2984,48.4663],[11.3014,48.4528],[11.3259,48.4482],[11.3447,48.455],[11.3884,48.431],[11.3509,48.4115],[11.3318,48.4105],[11.3252,48.417],[11.2834,48.4169],[11.276,48.4282],[11.2808,48.4347],[11.2466,48.4422],[11.2395,48.4307],[11.2143,48.4305],[11.1795,48.4158],[11.1892,48.3979],[11.1992,48.3952],[11.1984,48.3868],[11.1882,48.3758],[11.1754,48.3768],[11.1837,48.3662],[11.1536,48.3747],[11.1732,48.3559],[11.1643,48.3435],[11.1562,48.3444],[11.1741,48.3363],[11.157,48.3223],[11.1299,48.3242],[11.1214,48.3146],[11.1175,48.3091],[11.1269,48.3015],[11.1099,48.2972],[11.1193,48.2715],[11.0967,48.2602],[11.0968,48.2672],[11.0699,48.2814],[11.062,48.2743],[11.0667,48.2555],[11.0443,48.2556],[11.0588,48.2459],[11.0384,48.2329],[11.049,48.2242],[11.0387,48.2223],[11.031,48.231],[10.9988,48.2303],[10.9937,48.2232],[10.9836,48.2299],[10.9776,48.2076],[11.0355,48.195],[11.0249,48.1781],[10.993,48.1761],[11.0061,48.1647],[11.0131,48.1676],[11.0046,48.1561],[10.9744,48.1729],[10.959,48.163],[10.9541,48.168],[10.9647,48.1466],[10.9452,48.1382],[10.9586,48.1347],[10.9594,48.127],[11.1026,48.0882],[11.1048,48.0773],[11.0942,48.0721],[11.1203,48.0633],[11.1182,47.9992],[11.1322,47.9529],[11.13,47.9357],[11.1208,47.9296],[11.0719,47.9202],[11.0833,47.9062],[11.0675,47.8989],[11.0352,47.8987],[11.0218,47.9091],[10.9864,47.895],[10.9806,47.8883],[10.9881,47.8816],[10.9747,47.8837],[10.9745,47.8742],[10.9987,47.8631],[10.9687,47.8422],[10.9901,47.8401],[10.9965,47.8318],[10.9585,47.8238],[10.9733,47.8109],[10.9862,47.814],[10.9819,47.8002],[11.0025,47.7734],[10.9599,47.7743],[10.9511,47.7704],[10.9504,47.7606],[10.9374,47.763],[10.9219,47.744],[10.9061,47.7453],[10.9152,47.7372],[10.9057,47.7313],[10.9123,47.7243],[10.9027,47.7117],[10.9135,47.7044],[10.906,47.6881],[10.9195,47.6609],[10.8764,47.6551],[10.8493,47.6677],[10.8235,47.6567],[10.7782,47.6622],[10.798,47.6868],[10.7728,47.6578],[10.7403,47.6686],[10.7623,47.6735],[10.754,47.6764],[10.755,47.6883],[10.7301,47.6815],[10.7375,47.6961],[10.7157,47.7054],[10.7188,47.7131],[10.7359,47.7171],[10.7331,47.7443],[10.7495,47.7587],[10.7397,47.7585],[10.7377,47.7658],[10.7772,47.7667],[10.7829,47.7752],[10.7487,47.7972],[10.7539,47.8075],[10.747,47.8104],[10.7553,47.8115],[10.7641,47.8346],[10.7583,47.8383],[10.7713,47.8478],[10.7638,47.8484],[10.7675,47.8543],[10.7491,47.8541],[10.7822,47.8749],[10.7895,47.8846],[10.7715,47.8837],[10.7729,47.8965],[10.7794,47.8956],[10.7911,47.9076],[10.7789,47.9062],[10.7835,47.9217],[10.7738,47.9222],[10.7734,47.9369],[10.7637,47.9405],[10.7342,47.9301],[10.7243,47.945],[10.692,47.9389],[10.6913,47.9584],[10.7271,47.9585],[10.7275,47.9687],[10.7137,47.9712],[10.7117,47.9783],[10.6889,47.9811],[10.6719,47.9661],[10.6374,47.969],[10.6221,47.9477]]]}},{"type":"Feature","properties":{"plz":"87","c":[10.3966,47.7515]},"geometry":{"type":"Polygon","coordinates":[[[10.3865,47.3566],[10.3569,47.337],[10.3487,47.3174],[10.3303,47.3048],[10.2957,47.2999],[10.2382,47.2719],[10.2012,47.2769],[10.174,47.2702],[10.1796,47.296],[10.1991,47.2975],[10.216,47.3111],[10.1995,47.3265],[10.2372,47.3736],[10.2362,47.3819],[10.2271,47.3889],[10.2126,47.3804],[10.1818,47.3924],[10.1694,47.3858],[10.1659,47.3689],[10.1417,47.3672],[10.1193,47.3756],[10.0998,47.3548],[10.0862,47.3995],[10.0691,47.4102],[10.0937,47.4169],[10.1056,47.4287],[10.0938,47.4405],[10.0912,47.4593],[10.0705,47.4558],[10.0448,47.4876],[9.9951,47.4863],[9.9874,47.4985],[9.9957,47.5028],[9.9653,47.5209],[9.9712,47.5442],[9.9584,47.5629],[10.0012,47.565],[10.0225,47.583],[10.0362,47.5733],[10.0616,47.5802],[10.06,47.5984],[10.069,47.6036],[10.0602,47.6079],[10.0757,47.6182],[10.076,47.6419],[10.0946,47.6652],[10.09,47.6734],[10.1138,47.6663],[10.1302,47.6768],[10.1283,47.6907],[10.1393,47.698],[10.1157,47.7188],[10.1161,47.7614],[10.0827,47.7711],[10.0797,47.7812],[10.0654,47.7857],[10.0915,47.8045],[10.1167,47.8008],[10.1107,47.8065],[10.1197,47.8126],[10.138,47.8097],[10.1027,47.8425],[10.11,47.8471],[10.1071,47.8532],[10.0924,47.8444],[10.1054,47.8643],[10.0831,47.8556],[10.077,47.8678],[10.0915,47.8674],[10.107,47.8781],[10.0956,47.8849],[10.1032,47.8891],[10.1016,47.9057],[10.1104,47.9106],[10.105,47.9234],[10.1099,47.9369],[10.0848,47.9574],[10.0889,47.9696],[10.1153,47.9737],[10.1197,48.0042],[10.1361,48.0228],[10.128,48.0333],[10.1412,48.0465],[10.1367,48.1083],[10.1506,48.1178],[10.1929,48.1233],[10.1964,48.1333],[10.2151,48.1433],[10.206,48.1532],[10.2095,48.1636],[10.2324,48.1689],[10.2737,48.1623],[10.2936,48.1714],[10.2949,48.1845],[10.308,48.184],[10.3139,48.198],[10.3186,48.1823],[10.3522,48.174],[10.349,48.1597],[10.4087,48.1843],[10.4066,48.1954],[10.4175,48.1889],[10.4222,48.1954],[10.4445,48.1918],[10.4426,48.2077],[10.4703,48.2073],[10.4796,48.2172],[10.5185,48.2251],[10.5319,48.2204],[10.5317,48.2064],[10.5687,48.1985],[10.5624,48.2067],[10.5848,48.2131],[10.5916,48.2064],[10.5764,48.1963],[10.5977,48.1909],[10.5437,48.1753],[10.5419,48.158],[10.5497,48.1452],[10.5098,48.1328],[10.5236,48.112],[10.5152,48.0915],[10.5276,48.0793],[10.5259,48.0654],[10.5315,48.0559],[10.5464,48.064],[10.5548,48.0592],[10.5461,48.0386],[10.5671,48.0318],[10.5443,48.0204],[10.5575,47.9777],[10.5492,47.9785],[10.6009,47.9663],[10.6158,47.9493],[10.6272,47.9472],[10.6374,47.969],[10.6719,47.9661],[10.6889,47.9811],[10.7117,47.9783],[10.7137,47.9712],[10.7275,47.9687],[10.7241,47.9576],[10.6913,47.9584],[10.692,47.9389],[10.7243,47.945],[10.7342,47.9301],[10.7637,47.9405],[10.7734,47.9369],[10.7738,47.9222],[10.7835,47.9217],[10.7789,47.9062],[10.7911,47.9076],[10.7729,47.8965],[10.7715,47.8837],[10.7895,47.8846],[10.7822,47.8749],[10.7491,47.8541],[10.7675,47.8543],[10.7638,47.8484],[10.7713,47.8478],[10.7583,47.8383],[10.7641,47.8346],[10.7553,47.8115],[10.747,47.8104],[10.7539,47.8075],[10.7487,47.7972],[10.7829,47.7752],[10.7726,47.765],[10.7377,47.7658],[10.7397,47.7585],[10.7495,47.7587],[10.7331,47.7443],[10.7359,47.7171],[10.7188,47.7131],[10.7157,47.7054],[10.7375,47.6961],[10.7301,47.6815],[10.755,47.6883],[10.754,47.6764],[10.7623,47.6735],[10.7403,47.6686],[10.7728,47.6578],[10.8235,47.6567],[10.8493,47.6677],[10.8764,47.6551],[10.9151,47.6604],[10.9032,47.6373],[10.9266,47.6297],[10.9366,47.6165],[10.9539,47.6165],[10.9419,47.6096],[10.9433,47.5971],[10.9265,47.5866],[10.8728,47.5724],[10.8865,47.5368],[10.7775,47.5139],[10.7635,47.5198],[10.7585,47.5345],[10.6946,47.5448],[10.691,47.5588],[10.6348,47.559],[10.5976,47.5694],[10.5803,47.5557],[10.5711,47.5335],[10.4889,47.5404],[10.4544,47.5558],[10.4313,47.5038],[10.4426,47.4846],[10.468,47.4771],[10.4659,47.453],[10.4759,47.4322],[10.4374,47.4127],[10.4292,47.3912],[10.4368,47.3804],[10.4197,47.3846],[10.3891,47.3703],[10.3865,47.3566]],[[10.4732,47.5701],[10.4707,47.5797],[10.5035,47.5928],[10.429,47.5776],[10.4511,47.5547],[10.4732,47.5701]]]}},{"type":"Feature","properties":{"plz":"88","c":[9.6507,47.9098]},"geometry":{"type":"Polygon","coordinates":[[[9.2655,47.694],[9.2264,47.7232],[9.2255,47.74],[9.1386,47.77],[9.12,47.7846],[9.1264,47.7903],[9.1176,47.8022],[9.0807,47.8078],[9.0765,47.8201],[9.0834,47.8253],[9.0698,47.8381],[9.0766,47.8418],[9.0654,47.8553],[9.0841,47.858],[9.1034,47.8415],[9.129,47.8467],[9.1193,47.8575],[9.1387,47.8592],[9.1305,47.8651],[9.1457,47.8729],[9.1513,47.8951],[9.1045,47.9055],[9.0973,47.9143],[9.0648,47.9159],[9.0693,47.9307],[9.0817,47.9387],[9.0773,47.9417],[9.0125,47.9369],[9.0204,47.9475],[9.0118,47.9738],[9.0213,47.9793],[9.0099,47.996],[8.9811,47.9946],[8.9722,47.983],[8.9341,47.9947],[8.9789,48.0325],[8.9711,48.0405],[8.9597,48.0359],[8.9602,48.0282],[8.9518,48.0297],[8.9556,48.0412],[8.9355,48.0466],[8.9358,48.0576],[8.9883,48.058],[8.9971,48.0708],[8.9766,48.0864],[8.979,48.0927],[9.0229,48.098],[9.0272,48.1096],[9.0721,48.0981],[9.0702,48.0861],[9.1087,48.101],[9.1152,48.0967],[9.0862,48.0703],[9.0854,48.0571],[9.1211,48.0586],[9.1082,48.0378],[9.1306,48.0218],[9.1826,48.0327],[9.1746,48.0289],[9.1929,47.9795],[9.2253,47.9722],[9.2267,47.9871],[9.2356,47.9779],[9.2473,47.9884],[9.2612,47.9742],[9.2786,47.9753],[9.2832,47.9825],[9.2964,47.9808],[9.2981,47.9931],[9.2783,47.992],[9.2882,48.0002],[9.275,48.0075],[9.2792,48.0149],[9.2614,48.0368],[9.2702,48.0501],[9.2864,48.0604],[9.3196,48.0632],[9.3185,48.0693],[9.3331,48.0667],[9.3257,48.0792],[9.3312,48.086],[9.3518,48.0896],[9.3651,48.0813],[9.3652,48.0894],[9.3533,48.0926],[9.35,48.1012],[9.3559,48.1047],[9.3281,48.112],[9.3173,48.131],[9.2869,48.1409],[9.2903,48.149],[9.2634,48.1473],[9.2687,48.1595],[9.2968,48.162],[9.3043,48.1792],[9.3203,48.1891],[9.3082,48.2246],[9.3238,48.2248],[9.3475,48.2396],[9.3677,48.2229],[9.3995,48.2244],[9.4235,48.2338],[9.4191,48.2451],[9.4324,48.2671],[9.4434,48.254],[9.4642,48.2664],[9.4966,48.2568],[9.4978,48.2446],[9.5337,48.2523],[9.5226,48.2458],[9.5345,48.2389],[9.5275,48.2308],[9.5404,48.2253],[9.5219,48.2172],[9.5449,48.2013],[9.5456,48.1904],[9.581,48.1942],[9.5973,48.2073],[9.6245,48.1997],[9.6279,48.1876],[9.6177,48.1856],[9.6417,48.1874],[9.6578,48.1747],[9.6613,48.1637],[9.6487,48.1512],[9.6525,48.1513],[9.6879,48.1793],[9.7292,48.1711],[9.7486,48.1788],[9.7258,48.1881],[9.7479,48.192],[9.742,48.2032],[9.7672,48.2122],[9.7641,48.2268],[9.7948,48.2313],[9.7861,48.2379],[9.799,48.2386],[9.7931,48.2451],[9.804,48.2517],[9.8321,48.2536],[9.8342,48.2466],[9.8448,48.2464],[9.8478,48.2597],[9.8754,48.2762],[9.8823,48.294],[9.9093,48.284],[9.9194,48.2873],[9.9262,48.2687],[9.9361,48.2702],[9.9409,48.259],[9.9401,48.2669],[9.9822,48.2691],[9.9775,48.2629],[9.9892,48.2626],[9.9843,48.2555],[9.991,48.2435],[10.0132,48.2485],[10.0202,48.2313],[10.0409,48.2286],[10.0288,48.2176],[10.0431,48.2039],[10.009,48.2037],[10.0402,48.2024],[10.0434,48.1941],[10.0841,48.1979],[10.0903,48.1621],[10.112,48.1251],[10.1359,48.1118],[10.1359,48.0766],[10.1441,48.0741],[10.1412,48.0465],[10.128,48.0333],[10.1361,48.0228],[10.1197,48.0042],[10.1155,47.9758],[10.0889,47.9696],[10.0848,47.9574],[10.1099,47.937],[10.105,47.9234],[10.1125,47.9165],[10.0956,47.8849],[10.107,47.8781],[10.0915,47.8674],[10.0754,47.8675],[10.0831,47.8556],[10.1054,47.8643],[10.0924,47.8444],[10.1071,47.8532],[10.11,47.8471],[10.1027,47.8425],[10.138,47.8097],[10.1197,47.8126],[10.1107,47.8065],[10.1167,47.8008],[10.0915,47.8045],[10.0654,47.7857],[10.0797,47.7812],[10.0827,47.7711],[10.119,47.7595],[10.1157,47.7188],[10.1393,47.698],[10.1283,47.6907],[10.1302,47.6768],[10.1138,47.6663],[10.09,47.6734],[10.0946,47.6652],[10.076,47.6419],[10.0757,47.6182],[10.0602,47.6079],[10.069,47.6036],[10.06,47.5984],[10.0616,47.5802],[10.0362,47.5733],[10.0225,47.583],[10.0012,47.565],[9.9866,47.5679],[9.975,47.5597],[9.9629,47.5656],[9.9584,47.5629],[9.9696,47.5496],[9.9588,47.5431],[9.9626,47.5345],[9.9411,47.5382],[9.9207,47.5297],[9.902,47.5442],[9.8711,47.5486],[9.8785,47.5465],[9.8745,47.5285],[9.8159,47.5476],[9.826,47.5604],[9.8208,47.5708],[9.8274,47.5786],[9.8023,47.5959],[9.7769,47.5954],[9.7564,47.5798],[9.7472,47.5559],[9.735,47.5462],[9.7366,47.5349],[9.7284,47.5338],[9.713,47.5507],[9.6808,47.5422],[9.6753,47.5458],[9.6789,47.5571],[9.6514,47.5574],[9.6098,47.5713],[9.5959,47.5884],[9.5546,47.587],[9.5298,47.603],[9.5174,47.6325],[9.5021,47.647],[9.4627,47.6483],[9.3927,47.6682],[9.349,47.661],[9.2655,47.694]]]}},{"type":"Feature","properties":{"plz":"89","c":[10.1079,48.4653]},"geometry":{"type":"Polygon","coordinates":[[[9.6279,48.1876],[9.6245,48.1997],[9.5985,48.2068],[9.581,48.1942],[9.5456,48.1904],[9.5449,48.2013],[9.5219,48.2172],[9.5404,48.2253],[9.5275,48.2308],[9.5345,48.2389],[9.5226,48.2458],[9.5337,48.2523],[9.522,48.2564],[9.5304,48.2633],[9.5066,48.2689],[9.5077,48.281],[9.5581,48.2935],[9.5514,48.3002],[9.5555,48.3063],[9.5343,48.3185],[9.5499,48.3198],[9.5579,48.332],[9.5799,48.3271],[9.5921,48.3557],[9.5886,48.3671],[9.6051,48.3734],[9.5823,48.3773],[9.5906,48.3835],[9.5805,48.3932],[9.6214,48.3958],[9.6237,48.4142],[9.6558,48.4152],[9.6659,48.4276],[9.6855,48.4193],[9.7085,48.4189],[9.6799,48.4241],[9.6894,48.4408],[9.7002,48.4441],[9.6857,48.4669],[9.6611,48.469],[9.6363,48.4566],[9.6188,48.4589],[9.6134,48.4718],[9.5929,48.4766],[9.5819,48.489],[9.6345,48.4915],[9.6632,48.5196],[9.6562,48.524],[9.6892,48.5183],[9.6818,48.5244],[9.6941,48.541],[9.7229,48.5468],[9.7213,48.5578],[9.7301,48.5634],[9.832,48.5592],[9.8487,48.5423],[9.8797,48.5379],[9.8727,48.5471],[9.8837,48.5498],[9.8789,48.5524],[9.8877,48.5601],[9.8726,48.5664],[9.877,48.5709],[9.9199,48.5698],[9.9464,48.5858],[9.9624,48.5827],[9.9619,48.5942],[9.9938,48.5972],[9.9644,48.5949],[9.9612,48.6037],[9.9695,48.6151],[9.9467,48.6242],[9.9529,48.6279],[9.9453,48.6353],[9.9211,48.6369],[9.8976,48.6463],[9.8874,48.6591],[9.8636,48.6631],[9.8508,48.6803],[9.8636,48.6836],[9.8681,48.6909],[9.861,48.6946],[9.8696,48.7047],[9.8802,48.707],[9.8903,48.6974],[9.9258,48.7024],[9.9209,48.7168],[9.9415,48.722],[9.9335,48.7302],[9.9417,48.7337],[9.9973,48.7266],[10.0023,48.737],[10.0273,48.7245],[10.0499,48.7258],[10.0248,48.7272],[10.0252,48.7347],[10.0451,48.7473],[10.0701,48.7468],[10.0825,48.7589],[10.0958,48.7533],[10.0997,48.763],[10.1327,48.7654],[10.148,48.7867],[10.15,48.773],[10.1649,48.771],[10.1614,48.7593],[10.1758,48.7482],[10.1796,48.7768],[10.2211,48.7831],[10.2269,48.7714],[10.2511,48.7706],[10.2516,48.7622],[10.2888,48.7544],[10.3085,48.7395],[10.3318,48.739],[10.3184,48.7324],[10.3358,48.7335],[10.3281,48.7284],[10.3343,48.723],[10.3633,48.7291],[10.3633,48.7435],[10.3754,48.7377],[10.3866,48.7408],[10.386,48.7483],[10.4047,48.7404],[10.4343,48.7412],[10.4478,48.7275],[10.4504,48.735],[10.4637,48.7359],[10.4549,48.7293],[10.4818,48.7126],[10.4831,48.7051],[10.4716,48.7028],[10.4796,48.6947],[10.5485,48.7035],[10.552,48.6931],[10.5765,48.6807],[10.6222,48.6937],[10.6227,48.6846],[10.6557,48.6723],[10.6629,48.6574],[10.6905,48.6539],[10.7081,48.6422],[10.6884,48.631],[10.6933,48.6212],[10.6718,48.6215],[10.6286,48.5946],[10.6069,48.5908],[10.6203,48.5835],[10.6143,48.5739],[10.6273,48.5672],[10.6155,48.5541],[10.5635,48.5444],[10.5759,48.5344],[10.5878,48.536],[10.5891,48.5293],[10.57,48.515],[10.5726,48.5006],[10.597,48.4879],[10.5548,48.4746],[10.5457,48.481],[10.5279,48.4712],[10.5422,48.4258],[10.5058,48.4139],[10.5442,48.4051],[10.5486,48.3974],[10.5258,48.3899],[10.513,48.3741],[10.4624,48.3706],[10.5192,48.3723],[10.5166,48.3539],[10.5072,48.3523],[10.5213,48.3473],[10.5096,48.3334],[10.4041,48.3231],[10.3865,48.3316],[10.3979,48.339],[10.3651,48.3343],[10.3705,48.3278],[10.3574,48.3211],[10.3428,48.3344],[10.2924,48.3085],[10.289,48.3026],[10.2988,48.3008],[10.286,48.2836],[10.3141,48.2666],[10.2858,48.2653],[10.2851,48.2435],[10.2718,48.2397],[10.2664,48.2218],[10.255,48.2181],[10.2528,48.1982],[10.2257,48.1919],[10.2229,48.1863],[10.2335,48.1849],[10.2259,48.1824],[10.237,48.1841],[10.2134,48.1789],[10.2214,48.1791],[10.2236,48.1633],[10.2095,48.1636],[10.2092,48.1465],[10.1938,48.153],[10.2151,48.1433],[10.1964,48.1333],[10.1929,48.1233],[10.1506,48.1178],[10.1367,48.1083],[10.108,48.1319],[10.0841,48.1979],[10.0434,48.1941],[10.0358,48.2],[10.0431,48.2039],[10.0361,48.2051],[10.0406,48.211],[10.0288,48.2176],[10.0409,48.2286],[10.0202,48.2313],[10.0129,48.2473],[9.991,48.2435],[9.9843,48.2555],[9.9892,48.2626],[9.9775,48.2629],[9.9822,48.2691],[9.9262,48.2687],[9.9194,48.2873],[9.9052,48.2848],[9.8954,48.2932],[9.8823,48.294],[9.8754,48.2762],[9.8478,48.2597],[9.8448,48.2464],[9.8342,48.2466],[9.8321,48.2536],[9.7893,48.2472],[9.799,48.2386],[9.7861,48.2379],[9.7948,48.2313],[9.7641,48.2268],[9.7672,48.2122],[9.742,48.2032],[9.7479,48.192],[9.7258,48.1881],[9.7486,48.1788],[9.7292,48.1711],[9.6879,48.1793],[9.6557,48.157],[9.6578,48.1747],[9.6417,48.1874],[9.6724,48.204],[9.6344,48.1839],[9.6166,48.1893],[9.6279,48.1876]]]}},{"type":"Feature","properties":{"plz":"90","c":[11.0556,49.4218]},"geometry":{"type":"Polygon","coordinates":[[[10.9783,49.3845],[10.9377,49.3774],[10.9351,49.3666],[10.9247,49.3712],[10.934,49.3648],[10.9288,49.3562],[10.8678,49.3562],[10.7856,49.3887],[10.7816,49.3831],[10.7576,49.3865],[10.7643,49.3816],[10.7544,49.3795],[10.7315,49.383],[10.7291,49.3729],[10.7141,49.3701],[10.718,49.3661],[10.6743,49.3602],[10.6552,49.3672],[10.6516,49.3735],[10.6608,49.3807],[10.6253,49.3868],[10.6293,49.3926],[10.5989,49.4059],[10.5961,49.4319],[10.6123,49.432],[10.6119,49.44],[10.6189,49.441],[10.6146,49.4462],[10.5724,49.4381],[10.5497,49.4473],[10.5541,49.4662],[10.5371,49.471],[10.53,49.4909],[10.552,49.4762],[10.5655,49.477],[10.5579,49.4721],[10.5868,49.4729],[10.5964,49.4825],[10.5875,49.4868],[10.5958,49.4895],[10.6111,49.4852],[10.606,49.4702],[10.6366,49.4688],[10.6336,49.4734],[10.6421,49.4768],[10.6641,49.4689],[10.6772,49.4775],[10.6988,49.4766],[10.6902,49.4522],[10.6974,49.436],[10.7383,49.4338],[10.7595,49.4466],[10.7491,49.4559],[10.7606,49.4613],[10.7598,49.4689],[10.7339,49.4707],[10.7277,49.4814],[10.7326,49.4869],[10.7186,49.4985],[10.7405,49.5032],[10.7439,49.5146],[10.7559,49.5117],[10.7592,49.521],[10.7712,49.511],[10.7895,49.5102],[10.7874,49.5255],[10.7972,49.524],[10.813,49.536],[10.8687,49.5428],[10.8837,49.5361],[10.8847,49.5417],[10.8996,49.5399],[10.8975,49.5469],[10.9043,49.549],[10.9338,49.5346],[10.9756,49.541],[11.0323,49.5335],[11.0305,49.5403],[11.0389,49.5435],[11.0326,49.5528],[11.0384,49.5604],[11.0338,49.5816],[11.042,49.5909],[11.1029,49.5846],[11.1992,49.5911],[11.2181,49.6095],[11.2302,49.5985],[11.2523,49.5947],[11.2641,49.607],[11.2775,49.6064],[11.2886,49.5928],[11.2682,49.5825],[11.2827,49.578],[11.2671,49.578],[11.2693,49.5679],[11.2596,49.5752],[11.1892,49.5626],[11.1977,49.5448],[11.1814,49.5112],[11.2493,49.5247],[11.2544,49.5107],[11.2668,49.5062],[11.2416,49.4866],[11.2608,49.4963],[11.27,49.4858],[11.3099,49.475],[11.3158,49.4657],[11.2813,49.4724],[11.2829,49.4638],[11.2722,49.4634],[11.2833,49.4376],[11.3024,49.4322],[11.2786,49.4299],[11.3522,49.4292],[11.3469,49.4081],[11.3691,49.4175],[11.3746,49.433],[11.4138,49.419],[11.4431,49.4239],[11.4517,49.4201],[11.4454,49.414],[11.46,49.4108],[11.4233,49.3928],[11.4208,49.3759],[11.3945,49.37],[11.405,49.3636],[11.3787,49.3532],[11.3772,49.3588],[11.3561,49.3627],[11.39,49.3419],[11.383,49.3277],[11.3451,49.3196],[11.3351,49.303],[11.3283,49.3073],[11.3331,49.2896],[11.3418,49.2862],[11.3298,49.2835],[11.3259,49.2776],[11.3365,49.2788],[11.3166,49.2649],[11.3226,49.2536],[11.2928,49.2359],[11.3223,49.2028],[11.2919,49.2105],[11.2352,49.2058],[11.2248,49.216],[11.2175,49.211],[11.1861,49.2176],[11.2043,49.2364],[11.1636,49.2473],[11.1621,49.2573],[11.1697,49.2579],[11.1642,49.2769],[11.1813,49.282],[11.203,49.2767],[11.2157,49.2924],[11.199,49.2898],[11.1778,49.3049],[11.1901,49.2933],[11.1864,49.2859],[11.1525,49.2769],[11.0874,49.286],[11.0951,49.3009],[11.0798,49.3394],[11.073,49.3327],[11.0535,49.3418],[11.033,49.3721],[11.0163,49.3694],[10.9783,49.3845]]]}},{"type":"Feature","properties":{"plz":"91","c":[10.8635,49.3883]},"geometry":{"type":"Polygon","coordinates":[[[10.5444,49.0071],[10.4242,49.004],[10.4302,48.9997],[10.4208,48.9919],[10.4329,48.984],[10.4103,48.9775],[10.3948,48.9902],[10.3787,48.9905],[10.382,48.9992],[10.3541,49.0047],[10.3576,49.0115],[10.3455,49.0174],[10.3501,49.0283],[10.3329,49.032],[10.3211,49.0255],[10.3025,49.0314],[10.3043,49.0382],[10.2952,49.0425],[10.2847,49.0365],[10.2658,49.0453],[10.2522,49.039],[10.2563,49.0615],[10.2655,49.0618],[10.2343,49.0743],[10.2471,49.0798],[10.2506,49.0923],[10.228,49.0891],[10.2226,49.098],[10.2117,49.0943],[10.2041,49.0974],[10.2107,49.0969],[10.2154,49.1133],[10.2294,49.1112],[10.2251,49.1202],[10.257,49.1293],[10.2556,49.1381],[10.2482,49.1493],[10.2155,49.1637],[10.1968,49.1558],[10.1952,49.1699],[10.1773,49.1732],[10.1813,49.1826],[10.171,49.178],[10.1569,49.1925],[10.1353,49.2003],[10.1291,49.1956],[10.1258,49.2108],[10.1406,49.2089],[10.1199,49.2473],[10.1323,49.2508],[10.1093,49.2579],[10.1191,49.2577],[10.1144,49.2668],[10.1229,49.2746],[10.1299,49.2754],[10.1223,49.2727],[10.1261,49.2622],[10.1496,49.269],[10.145,49.2752],[10.1563,49.2808],[10.1341,49.296],[10.1315,49.3051],[10.1454,49.3164],[10.1329,49.3277],[10.1626,49.339],[10.1231,49.3246],[10.1105,49.3288],[10.1131,49.3357],[10.1032,49.3414],[10.1068,49.3529],[10.1222,49.3503],[10.1246,49.3559],[10.1131,49.3602],[10.1172,49.3691],[10.1072,49.3789],[10.1264,49.3879],[10.1446,49.3836],[10.1618,49.3953],[10.139,49.4037],[10.1522,49.4012],[10.1524,49.4118],[10.1331,49.4379],[10.1189,49.4439],[10.1118,49.4386],[10.0949,49.4481],[10.0979,49.457],[10.1221,49.4638],[10.1183,49.4724],[10.1316,49.4713],[10.138,49.4789],[10.1729,49.4756],[10.1781,49.4886],[10.2317,49.4885],[10.2541,49.5039],[10.2571,49.5145],[10.2831,49.5229],[10.2836,49.5356],[10.2944,49.5422],[10.2576,49.5554],[10.3159,49.5797],[10.3231,49.5912],[10.3054,49.5909],[10.2977,49.6029],[10.3291,49.6034],[10.3291,49.6102],[10.2948,49.6116],[10.3034,49.6179],[10.2881,49.621],[10.3013,49.6272],[10.3081,49.6211],[10.3479,49.6222],[10.3881,49.6342],[10.3626,49.6653],[10.368,49.672],[10.3577,49.6776],[10.3732,49.6885],[10.386,49.6872],[10.3809,49.6935],[10.3328,49.6984],[10.3388,49.7042],[10.3525,49.6998],[10.4115,49.7431],[10.421,49.7453],[10.4163,49.7312],[10.4222,49.7313],[10.4357,49.7502],[10.4637,49.7405],[10.5062,49.7387],[10.5098,49.7344],[10.4779,49.7255],[10.4896,49.7181],[10.4797,49.7069],[10.4917,49.7043],[10.5513,49.7127],[10.5743,49.7248],[10.5743,49.7098],[10.5956,49.7127],[10.5985,49.7065],[10.6123,49.707],[10.624,49.7204],[10.6712,49.7224],[10.7268,49.7096],[10.7011,49.7224],[10.7483,49.7271],[10.7477,49.7342],[10.7997,49.7329],[10.8565,49.7588],[10.8779,49.7564],[10.8725,49.7708],[10.9319,49.7849],[10.9169,49.777],[10.9277,49.7693],[10.935,49.779],[10.9622,49.7705],[10.9792,49.7753],[10.9824,49.7856],[11.0093,49.7818],[11.0488,49.7949],[11.0813,49.794],[11.0838,49.803],[11.1001,49.8056],[11.1056,49.8369],[11.0961,49.8365],[11.0966,49.8427],[11.1059,49.8498],[11.0919,49.8512],[11.0983,49.8589],[11.0796,49.8635],[11.0896,49.8692],[11.0777,49.8972],[11.0636,49.9052],[11.0792,49.9051],[11.0832,49.9142],[11.1054,49.9201],[11.1112,49.9154],[11.1027,49.9107],[11.1243,49.9069],[11.1515,49.9253],[11.1509,49.9193],[11.1744,49.9181],[11.1842,49.9089],[11.2214,49.9147],[11.2509,49.9253],[11.2489,49.9306],[11.2602,49.9296],[11.269,49.9125],[11.2434,49.8881],[11.2919,49.8909],[11.3001,49.8779],[11.3096,49.8798],[11.3086,49.8729],[11.3607,49.8828],[11.3844,49.8738],[11.4096,49.8784],[11.3931,49.8676],[11.3942,49.8571],[11.3824,49.8473],[11.3884,49.8407],[11.3837,49.8294],[11.3525,49.8271],[11.3428,49.8128],[11.3668,49.8036],[11.3924,49.8042],[11.4046,49.8166],[11.454,49.819],[11.4713,49.8362],[11.5012,49.838],[11.5035,49.829],[11.5283,49.8129],[11.5543,49.8308],[11.5744,49.8343],[11.5998,49.8276],[11.599,49.8191],[11.6239,49.8171],[11.6346,49.8021],[11.6434,49.8078],[11.6589,49.8021],[11.6732,49.811],[11.7029,49.8014],[11.7229,49.7792],[11.7611,49.7723],[11.7438,49.7633],[11.7881,49.7533],[11.7744,49.749],[11.7827,49.7479],[11.7743,49.7299],[11.7567,49.7281],[11.766,49.7153],[11.7601,49.7112],[11.7456,49.7243],[11.7046,49.7217],[11.6797,49.7324],[11.6595,49.7132],[11.6696,49.7019],[11.6546,49.7017],[11.6474,49.6879],[11.6617,49.6743],[11.6513,49.6717],[11.6542,49.6549],[11.5912,49.6115],[11.5806,49.6186],[11.5605,49.6125],[11.5526,49.6009],[11.5595,49.5937],[11.5686,49.5974],[11.5647,49.585],[11.5762,49.5792],[11.5516,49.5738],[11.5543,49.5645],[11.5438,49.5598],[11.5307,49.565],[11.4953,49.5448],[11.5109,49.5533],[11.5492,49.5445],[11.5511,49.5388],[11.5407,49.5364],[11.5469,49.533],[11.5452,49.5168],[11.5612,49.5107],[11.5968,49.5144],[11.6264,49.4872],[11.591,49.4843],[11.5959,49.4721],[11.5573,49.4331],[11.5591,49.4163],[11.5372,49.4091],[11.4857,49.4252],[11.5008,49.4304],[11.4645,49.4219],[11.4587,49.4326],[11.4486,49.4217],[11.4138,49.419],[11.3746,49.433],[11.3758,49.4239],[11.3469,49.4081],[11.3522,49.4292],[11.3265,49.4268],[11.2833,49.4376],[11.2701,49.4562],[11.2769,49.4569],[11.2722,49.4634],[11.2829,49.4638],[11.2813,49.4724],[11.3158,49.4657],[11.3099,49.475],[11.2542,49.4942],[11.2668,49.5062],[11.2544,49.5107],[11.2493,49.5247],[11.184,49.5101],[11.1885,49.5372],[11.1977,49.5448],[11.1906,49.5612],[11.2596,49.5752],[11.259,49.5705],[11.2828,49.5637],[11.2692,49.5685],[11.2671,49.578],[11.2827,49.578],[11.2682,49.5825],[11.2886,49.5928],[11.2775,49.6064],[11.2641,49.607],[11.2523,49.5947],[11.2302,49.5985],[11.2181,49.6095],[11.2076,49.5944],[11.1803,49.5874],[11.0585,49.5863],[11.043,49.5919],[11.0338,49.5816],[11.0384,49.5604],[11.0326,49.5528],[11.0389,49.5435],[11.0315,49.5357],[10.9756,49.541],[10.9338,49.5346],[10.9348,49.5424],[10.9043,49.549],[10.8975,49.5469],[10.8996,49.5399],[10.8847,49.5417],[10.8837,49.5361],[10.8687,49.5428],[10.813,49.536],[10.7972,49.524],[10.7768,49.5281],[10.7874,49.5255],[10.7895,49.5102],[10.7712,49.511],[10.7592,49.521],[10.7559,49.5117],[10.7428,49.5167],[10.7405,49.5032],[10.7186,49.4985],[10.7326,49.4869],[10.7277,49.4814],[10.7339,49.4707],[10.7598,49.4689],[10.7606,49.4613],[10.7491,49.4559],[10.7595,49.4466],[10.7383,49.4338],[10.6974,49.4359],[10.6902,49.4522],[10.6988,49.4766],[10.6772,49.4775],[10.6641,49.4689],[10.6421,49.4768],[10.6331,49.4681],[10.606,49.4702],[10.6111,49.4852],[10.5958,49.4895],[10.5875,49.4868],[10.5964,49.4825],[10.5868,49.4729],[10.5579,49.4721],[10.5655,49.477],[10.552,49.4762],[10.53,49.4909],[10.5348,49.4838],[10.5295,49.4842],[10.5371,49.471],[10.5541,49.4662],[10.5497,49.4473],[10.5724,49.4381],[10.6114,49.4485],[10.6189,49.441],[10.6119,49.44],[10.6123,49.432],[10.5961,49.4319],[10.5989,49.4059],[10.6293,49.3926],[10.6253,49.3868],[10.6608,49.3807],[10.6516,49.3735],[10.6622,49.3632],[10.718,49.3661],[10.7141,49.3701],[10.7291,49.3729],[10.7315,49.383],[10.7544,49.3795],[10.7643,49.3816],[10.7576,49.3865],[10.7816,49.3831],[10.7856,49.3887],[10.8678,49.3562],[10.9288,49.3562],[10.934,49.3648],[10.9247,49.3712],[10.9351,49.3666],[10.9377,49.3774],[10.9783,49.3845],[11.0163,49.3694],[11.033,49.3721],[11.0442,49.3635],[11.0384,49.3554],[11.0696,49.3314],[11.0798,49.3394],[11.0951,49.3009],[11.0874,49.286],[11.1525,49.2769],[11.1864,49.2859],[11.1901,49.2933],[11.1833,49.2979],[11.199,49.2898],[11.2157,49.2924],[11.203,49.2767],[11.1813,49.282],[11.1642,49.2769],[11.1697,49.2579],[11.1621,49.2573],[11.1636,49.2473],[11.2043,49.2364],[11.1861,49.2176],[11.2175,49.211],[11.2248,49.216],[11.2352,49.2058],[11.2658,49.2082],[11.2622,49.1966],[11.2716,49.1962],[11.2693,49.1886],[11.3136,49.1783],[11.3082,49.1631],[11.3259,49.1543],[11.3276,49.1419],[11.3214,49.132],[11.3168,49.1353],[11.3253,49.1173],[11.3525,49.1178],[11.3616,49.0992],[11.3681,49.0994],[11.3529,49.09],[11.3772,49.0889],[11.4039,49.0586],[11.4118,49.0631],[11.4259,49.0551],[11.4007,49.0536],[11.4144,49.035],[11.3865,49.031],[11.3814,49.0171],[11.346,49.0197],[11.3513,49.0165],[11.3269,48.998],[11.3058,49.0038],[11.2973,49.0164],[11.297,49.0061],[11.2875,49.0041],[11.2668,49.011],[11.2696,49.0279],[11.2489,49.0458],[11.2554,49.0528],[11.2013,49.0466],[11.1795,49.0259],[11.1896,49.0229],[11.1856,49.014],[11.1633,49.0148],[11.1647,49.0043],[11.1554,49.0026],[11.1626,48.996],[11.1432,48.9914],[11.148,48.9848],[11.1422,48.9651],[11.1021,48.9663],[11.0703,48.9536],[11.0509,48.9319],[11.0729,48.9178],[11.0716,48.9113],[11.0583,48.9132],[11.0453,48.902],[11.0319,48.9085],[11.0448,48.9009],[11.0295,48.8953],[11.0265,48.8862],[11.0597,48.888],[11.0682,48.9001],[11.0869,48.904],[11.0984,48.8966],[11.096,48.8898],[11.1216,48.9025],[11.1477,48.8903],[11.1343,48.8788],[11.1385,48.8639],[11.1286,48.8569],[11.1291,48.8473],[11.1179,48.8514],[11.0959,48.8388],[11.1165,48.8321],[11.1445,48.836],[11.166,48.8251],[11.1656,48.8168],[11.1734,48.8148],[11.1659,48.8026],[11.1458,48.7968],[11.1153,48.8129],[11.1113,48.8054],[11.0768,48.8084],[11.0686,48.7913],[11.0563,48.7901],[11.0398,48.7994],[11.0371,48.8102],[11.0473,48.8148],[11.0342,48.8225],[11.0055,48.8228],[10.9952,48.836],[10.9986,48.8436],[10.9699,48.8423],[10.9685,48.8532],[10.9848,48.8605],[10.9777,48.8649],[10.9646,48.8553],[10.9308,48.8629],[10.9058,48.8823],[10.8681,48.8756],[10.8707,48.8828],[10.8531,48.8851],[10.8637,48.8935],[10.8153,48.9013],[10.8079,48.9077],[10.8326,48.9131],[10.8255,48.9312],[10.812,48.9369],[10.8175,48.9493],[10.7706,48.9263],[10.778,48.917],[10.7376,48.9249],[10.7231,48.9006],[10.6753,48.911],[10.6817,48.9137],[10.6711,48.9242],[10.7006,48.939],[10.689,48.9442],[10.6956,48.9609],[10.6873,48.9606],[10.668,48.984],[10.6405,48.9814],[10.6441,48.9855],[10.6288,48.9957],[10.6389,48.9983],[10.6425,49.0165],[10.667,49.0172],[10.6273,49.0208],[10.6102,49.0148],[10.5958,49.0342],[10.5764,49.0359],[10.5533,49.0333],[10.5451,49.0253],[10.5543,49.0231],[10.5391,49.0219],[10.5444,49.0071]]]}},{"type":"Feature","properties":{"plz":"92","c":[11.9536,49.4436]},"geometry":{"type":"Polygon","coordinates":[[[11.6982,49.0876],[11.6936,49.0765],[11.6757,49.0781],[11.6749,49.0636],[11.6898,49.0578],[11.6678,49.0526],[11.6781,49.0452],[11.6605,49.0295],[11.6602,49.0158],[11.6444,49.0042],[11.6139,49.0086],[11.6175,48.9978],[11.6106,48.9945],[11.6218,48.984],[11.5949,48.9574],[11.5994,48.9515],[11.5,48.9632],[11.4578,48.9544],[11.4462,48.9579],[11.4586,48.9752],[11.448,48.9915],[11.4582,49.0123],[11.4792,49.0156],[11.4427,49.0252],[11.4507,49.0315],[11.4443,49.041],[11.4072,49.0379],[11.4007,49.0536],[11.4259,49.0551],[11.4118,49.0631],[11.4039,49.0586],[11.3772,49.0889],[11.3529,49.09],[11.3681,49.0994],[11.3616,49.0992],[11.3525,49.1178],[11.3253,49.1173],[11.319,49.1289],[11.3259,49.1543],[11.3082,49.1631],[11.3136,49.1783],[11.2693,49.1886],[11.2716,49.1962],[11.2622,49.2006],[11.2629,49.2114],[11.3122,49.2097],[11.3223,49.2028],[11.2928,49.2359],[11.3226,49.2536],[11.3166,49.2649],[11.3365,49.2788],[11.3259,49.2776],[11.3298,49.2835],[11.3418,49.2862],[11.3331,49.2896],[11.3262,49.3025],[11.3283,49.3073],[11.3351,49.303],[11.3451,49.3196],[11.3677,49.3214],[11.3644,49.3262],[11.3919,49.3278],[11.3798,49.331],[11.39,49.3419],[11.3728,49.3571],[11.405,49.3636],[11.3945,49.37],[11.4208,49.3759],[11.4233,49.3928],[11.46,49.4108],[11.4454,49.414],[11.4489,49.4283],[11.4587,49.4326],[11.4645,49.4219],[11.4786,49.4272],[11.5372,49.4091],[11.5532,49.4125],[11.5591,49.4163],[11.5573,49.4331],[11.5959,49.4721],[11.5912,49.4851],[11.6184,49.4824],[11.6361,49.4862],[11.6185,49.4889],[11.6172,49.4994],[11.5968,49.5144],[11.5612,49.5107],[11.5452,49.5168],[11.5469,49.533],[11.5407,49.5364],[11.5511,49.5388],[11.5509,49.5463],[11.5368,49.5425],[11.5109,49.5533],[11.5307,49.565],[11.5438,49.5598],[11.5543,49.5645],[11.5516,49.5738],[11.5762,49.5792],[11.5647,49.585],[11.5686,49.5974],[11.5595,49.5937],[11.5526,49.6009],[11.5605,49.6125],[11.5806,49.6186],[11.5912,49.6115],[11.6542,49.6549],[11.6513,49.6717],[11.6617,49.6743],[11.6474,49.6879],[11.6546,49.7017],[11.6696,49.7019],[11.6595,49.7132],[11.6797,49.7324],[11.692,49.7328],[11.7046,49.7217],[11.7456,49.7243],[11.7601,49.7112],[11.766,49.7153],[11.7567,49.7281],[11.7743,49.7299],[11.7827,49.7479],[11.7744,49.749],[11.7881,49.7533],[11.7617,49.7619],[11.7877,49.7714],[11.7794,49.7765],[11.7855,49.7833],[11.7754,49.7877],[11.7819,49.7939],[11.7763,49.7974],[11.8073,49.8086],[11.788,49.8119],[11.7767,49.8262],[11.7627,49.8203],[11.7517,49.8277],[11.7574,49.8318],[11.7336,49.8392],[11.7892,49.8366],[11.7891,49.8281],[11.8294,49.8171],[11.824,49.8103],[11.8332,49.8052],[11.828,49.8052],[11.8495,49.8024],[11.8722,49.811],[11.9097,49.7997],[11.9351,49.8124],[11.9518,49.8049],[11.9808,49.8172],[11.9729,49.8256],[11.9843,49.8397],[12.023,49.8601],[12.0077,49.8701],[12.0195,49.8911],[12.014,49.8984],[12.0537,49.9009],[12.0612,49.8857],[12.0802,49.8855],[12.1144,49.8677],[12.1334,49.8782],[12.1742,49.8792],[12.1693,49.8558],[12.1936,49.8334],[12.1876,49.8293],[12.1944,49.8228],[12.1842,49.8214],[12.2118,49.8089],[12.2031,49.8021],[12.2357,49.7999],[12.2293,49.7838],[12.2365,49.7713],[12.2632,49.7627],[12.2955,49.7711],[12.3354,49.7584],[12.3726,49.7709],[12.3849,49.7606],[12.3779,49.7568],[12.4015,49.7586],[12.4128,49.7325],[12.4257,49.7306],[12.4425,49.7038],[12.485,49.6887],[12.522,49.6864],[12.53,49.6663],[12.5173,49.6456],[12.5286,49.64],[12.5235,49.6283],[12.5343,49.6261],[12.5281,49.6181],[12.5607,49.6196],[12.5641,49.5968],[12.5767,49.5863],[12.5741,49.5598],[12.5939,49.5422],[12.5886,49.5385],[12.6414,49.5269],[12.6442,49.4849],[12.6298,49.4766],[12.6249,49.4835],[12.6365,49.4882],[12.6146,49.4882],[12.6112,49.4762],[12.5908,49.4788],[12.5863,49.4722],[12.5929,49.4667],[12.5434,49.4611],[12.5264,49.4466],[12.5423,49.4387],[12.5557,49.4194],[12.5478,49.416],[12.5623,49.4085],[12.5552,49.4023],[12.5696,49.3868],[12.5611,49.3863],[12.5617,49.3763],[12.5478,49.375],[12.5471,49.3656],[12.5728,49.3566],[12.5715,49.3468],[12.587,49.3365],[12.5727,49.3269],[12.5831,49.3123],[12.5754,49.2949],[12.5091,49.3068],[12.51,49.316],[12.4969,49.302],[12.471,49.2984],[12.4879,49.2867],[12.4756,49.2703],[12.4578,49.2718],[12.4593,49.2608],[12.4362,49.2768],[12.4222,49.2754],[12.4143,49.2639],[12.3809,49.2642],[12.4151,49.2535],[12.4007,49.2485],[12.4093,49.2409],[12.3953,49.2411],[12.4034,49.2389],[12.403,49.2368],[12.3887,49.2329],[12.3977,49.2327],[12.4059,49.2208],[12.3875,49.2293],[12.3534,49.2298],[12.3541,49.2232],[12.3372,49.2132],[12.3316,49.218],[12.3001,49.21],[12.3008,49.2272],[12.2927,49.2216],[12.2937,49.2279],[12.2828,49.2302],[12.2802,49.2231],[12.272,49.2365],[12.2217,49.2481],[12.2236,49.2608],[12.1655,49.2484],[12.1281,49.2645],[12.0756,49.248],[12.0384,49.2526],[12.0519,49.2649],[12.0231,49.2855],[12.0221,49.3039],[12.0062,49.2995],[11.9971,49.308],[11.9982,49.2948],[11.9866,49.2975],[11.9737,49.2888],[11.9819,49.2788],[11.9406,49.2794],[11.9445,49.2692],[11.9832,49.2519],[11.941,49.2357],[11.9546,49.2149],[11.9362,49.22],[11.9421,49.2075],[11.9363,49.1875],[11.9256,49.1887],[11.9066,49.1733],[11.8614,49.1703],[11.8616,49.1555],[11.8504,49.1579],[11.8445,49.151],[11.8232,49.1572],[11.811,49.1746],[11.7741,49.1361],[11.7805,49.1293],[11.7613,49.131],[11.7638,49.1236],[11.7464,49.1203],[11.7512,49.1048],[11.7004,49.0948],[11.6925,49.0898],[11.6982,49.0876]]]}},{"type":"Feature","properties":{"plz":"93","c":[12.2682,49.0801]},"geometry":{"type":"Polygon","coordinates":[[[11.9469,48.7268],[11.8907,48.6999],[11.8816,48.7091],[11.8334,48.7085],[11.8326,48.7176],[11.8087,48.7233],[11.6691,48.7207],[11.6571,48.7296],[11.6555,48.7427],[11.7157,48.7559],[11.6996,48.7631],[11.6959,48.7858],[11.7113,48.785],[11.7159,48.7775],[11.7359,48.7903],[11.7388,48.8007],[11.7258,48.8108],[11.7411,48.8158],[11.7087,48.8121],[11.7023,48.8207],[11.6992,48.8388],[11.7189,48.8365],[11.7227,48.8441],[11.7183,48.8653],[11.6878,48.8741],[11.6794,48.8593],[11.669,48.8578],[11.6461,48.8675],[11.6728,48.8555],[11.6766,48.8344],[11.6597,48.8361],[11.641,48.8243],[11.6089,48.8438],[11.6022,48.8609],[11.5672,48.8586],[11.5652,48.8842],[11.5567,48.8856],[11.5705,48.8944],[11.508,48.9056],[11.5174,48.9182],[11.5112,48.9376],[11.5305,48.9611],[11.5994,48.9515],[11.5949,48.9574],[11.6218,48.984],[11.6106,48.9945],[11.6175,48.9978],[11.6139,49.0086],[11.6444,49.0042],[11.6602,49.0158],[11.6605,49.0295],[11.6781,49.0452],[11.6747,49.0511],[11.6898,49.0578],[11.6749,49.0636],[11.6757,49.0781],[11.6936,49.0765],[11.6982,49.0876],[11.6925,49.0898],[11.7004,49.0948],[11.7512,49.1048],[11.7464,49.1203],[11.7638,49.1236],[11.7613,49.131],[11.7805,49.1293],[11.7741,49.1361],[11.7959,49.1548],[11.7981,49.168],[11.811,49.1746],[11.8232,49.1572],[11.8445,49.151],[11.8504,49.1579],[11.8616,49.1555],[11.8614,49.1703],[11.9066,49.1733],[11.9256,49.1887],[11.9363,49.1875],[11.9426,49.2043],[11.9362,49.22],[11.9546,49.2149],[11.941,49.2357],[11.9832,49.2519],[11.9445,49.2692],[11.9444,49.2788],[11.9819,49.2788],[11.9737,49.2888],[11.9866,49.2975],[11.9982,49.2948],[11.9971,49.308],[12.0062,49.2995],[12.0221,49.3039],[12.0231,49.2855],[12.0519,49.2649],[12.0384,49.2526],[12.0756,49.248],[12.1281,49.2645],[12.1655,49.2484],[12.2173,49.2614],[12.2236,49.2608],[12.2217,49.2481],[12.272,49.2365],[12.2802,49.2231],[12.2828,49.2302],[12.2937,49.2279],[12.2927,49.2216],[12.3008,49.2272],[12.3001,49.21],[12.3316,49.218],[12.3372,49.2132],[12.3541,49.2232],[12.3534,49.2298],[12.3875,49.2293],[12.4059,49.2208],[12.4054,49.2267],[12.4154,49.2237],[12.3887,49.2329],[12.403,49.2368],[12.3953,49.2411],[12.4093,49.2409],[12.4007,49.2485],[12.4151,49.2535],[12.3809,49.2642],[12.3861,49.2674],[12.4143,49.2639],[12.4222,49.2754],[12.4362,49.2768],[12.4593,49.2608],[12.4578,49.2718],[12.4756,49.2703],[12.4879,49.2867],[12.471,49.2984],[12.4969,49.302],[12.51,49.316],[12.5091,49.3068],[12.5754,49.2949],[12.5831,49.3123],[12.5727,49.3269],[12.587,49.3365],[12.5715,49.3468],[12.5728,49.3566],[12.5471,49.3656],[12.5478,49.375],[12.5617,49.3763],[12.5611,49.3863],[12.5696,49.3868],[12.5552,49.4023],[12.5623,49.4085],[12.5478,49.416],[12.5557,49.4194],[12.5423,49.4387],[12.5264,49.4466],[12.5434,49.4611],[12.5929,49.4667],[12.5863,49.4722],[12.5908,49.4788],[12.6112,49.4762],[12.6146,49.4882],[12.6258,49.4904],[12.6365,49.4882],[12.6249,49.4835],[12.6298,49.4766],[12.6485,49.4683],[12.658,49.4503],[12.6556,49.4348],[12.7087,49.4248],[12.7148,49.4141],[12.7577,49.3948],[12.7581,49.3752],[12.7813,49.3604],[12.7787,49.3482],[12.8031,49.3416],[12.8435,49.3451],[12.8769,49.3325],[12.8889,49.3332],[12.88,49.3504],[12.9014,49.3496],[12.9726,49.3339],[13.0071,49.3057],[13.0291,49.3043],[13.0255,49.2788],[13.034,49.2639],[13.0559,49.2636],[13.0604,49.2502],[13.083,49.2456],[13.086,49.2294],[13.1142,49.2183],[13.109,49.2029],[13.1709,49.1736],[13.1602,49.1594],[13.1642,49.1467],[13.1344,49.1271],[13.1335,49.1117],[13.0685,49.1293],[13.0653,49.1422],[13.0337,49.1364],[13.0336,49.129],[12.9844,49.1026],[12.9637,49.1039],[12.9512,49.1248],[12.9243,49.1335],[12.8936,49.1275],[12.8794,49.1375],[12.8632,49.1293],[12.8401,49.1352],[12.8238,49.1236],[12.7952,49.1224],[12.7853,49.1346],[12.7639,49.1235],[12.7636,49.1102],[12.7365,49.1124],[12.7361,49.1197],[12.6852,49.1013],[12.6522,49.1098],[12.6478,49.0998],[12.6222,49.1048],[12.6176,49.0956],[12.6015,49.1018],[12.5823,49.1018],[12.5888,49.1014],[12.5879,49.0929],[12.5545,49.0895],[12.5318,49.0747],[12.5268,49.0574],[12.4924,49.061],[12.4955,49.0553],[12.4737,49.0407],[12.4803,49.0227],[12.491,49.0179],[12.4835,49.0004],[12.4894,48.9807],[12.4834,48.975],[12.4431,48.9819],[12.4381,48.9717],[12.4525,48.9655],[12.4537,48.9542],[12.4396,48.957],[12.4393,48.9374],[12.4462,48.9344],[12.4429,48.9225],[12.4572,48.9197],[12.4422,48.9151],[12.4361,48.8988],[12.426,48.8994],[12.4237,48.8875],[12.4318,48.8777],[12.3834,48.8499],[12.361,48.8469],[12.3426,48.86],[12.3282,48.8565],[12.3158,48.8772],[12.3226,48.8624],[12.2999,48.8557],[12.3025,48.8467],[12.2939,48.8398],[12.2846,48.8512],[12.2778,48.8419],[12.269,48.8436],[12.2733,48.8519],[12.2641,48.862],[12.2516,48.8507],[12.1976,48.8413],[12.1876,48.8514],[12.1864,48.8675],[12.1504,48.8774],[12.1548,48.8699],[12.1338,48.8768],[12.1299,48.862],[12.0873,48.8657],[12.0725,48.8798],[12.024,48.875],[12.0344,48.8691],[12.0191,48.8618],[12.0315,48.8496],[12.0261,48.8251],[11.993,48.8162],[11.9785,48.823],[11.978,48.8157],[11.9884,48.8113],[11.9776,48.8071],[12.005,48.7954],[11.9966,48.7823],[12.0145,48.7778],[12.024,48.786],[12.0391,48.7763],[12.0304,48.7716],[12.0413,48.7567],[11.992,48.7524],[11.9895,48.7422],[11.9695,48.7292],[11.9469,48.7268]]]}},{"type":"Feature","properties":{"plz":"94","c":[13.0985,48.7701]},"geometry":{"type":"Polygon","coordinates":[[[12.7787,48.5444],[12.7335,48.5367],[12.7382,48.5454],[12.7184,48.5477],[12.7139,48.5324],[12.7199,48.5236],[12.7085,48.5204],[12.7086,48.5137],[12.691,48.5232],[12.6947,48.5074],[12.6737,48.5098],[12.6582,48.49],[12.6245,48.4825],[12.6235,48.4956],[12.6339,48.4976],[12.6282,48.5111],[12.5943,48.5215],[12.5882,48.5305],[12.6041,48.5445],[12.5897,48.5699],[12.6096,48.574],[12.5993,48.5952],[12.5819,48.5914],[12.5791,48.5834],[12.5475,48.58],[12.5261,48.5879],[12.532,48.6034],[12.5755,48.6197],[12.5584,48.6331],[12.5623,48.639],[12.5545,48.6493],[12.5693,48.6626],[12.5567,48.6607],[12.5515,48.6701],[12.5645,48.668],[12.5787,48.6772],[12.5741,48.6868],[12.5797,48.6887],[12.5711,48.7009],[12.5555,48.6962],[12.5308,48.7174],[12.5386,48.7317],[12.5256,48.7395],[12.5353,48.7512],[12.525,48.748],[12.5224,48.7571],[12.5193,48.7523],[12.4948,48.7652],[12.4681,48.7602],[12.4702,48.7548],[12.452,48.7575],[12.4504,48.7458],[12.4318,48.7665],[12.4406,48.7791],[12.4236,48.7625],[12.399,48.7582],[12.382,48.7643],[12.3776,48.7813],[12.3474,48.7861],[12.3328,48.7981],[12.3295,48.8082],[12.3384,48.8145],[12.3319,48.8224],[12.3128,48.828],[12.3021,48.823],[12.296,48.8308],[12.2999,48.8557],[12.3141,48.8631],[12.3363,48.8541],[12.3426,48.86],[12.361,48.8469],[12.3834,48.8499],[12.4035,48.864],[12.4597,48.8415],[12.4012,48.8654],[12.4318,48.8777],[12.4339,48.887],[12.4237,48.8875],[12.426,48.8994],[12.4361,48.8988],[12.4422,48.9151],[12.4827,48.9206],[12.4429,48.9225],[12.4396,48.957],[12.4537,48.9542],[12.4525,48.9655],[12.4381,48.9717],[12.4431,48.9819],[12.4834,48.975],[12.4894,48.9807],[12.4835,49.0004],[12.491,49.0179],[12.4722,49.0364],[12.4955,49.0553],[12.4924,49.061],[12.5268,49.0574],[12.5318,49.0747],[12.5545,49.0895],[12.5879,49.0929],[12.6015,49.1018],[12.6176,49.0956],[12.6222,49.1048],[12.6478,49.0998],[12.6522,49.1098],[12.6773,49.1015],[12.7063,49.1043],[12.703,49.1071],[12.7361,49.1197],[12.7365,49.1124],[12.7636,49.1102],[12.7639,49.1235],[12.7853,49.1346],[12.7952,49.1224],[12.8238,49.1236],[12.8401,49.1352],[12.8632,49.1293],[12.8794,49.1375],[12.8936,49.1275],[12.9243,49.1335],[12.9512,49.1248],[12.9674,49.0944],[12.9637,49.1039],[13.0001,49.1071],[13.0336,49.129],[13.0337,49.1364],[13.0653,49.1422],[13.0685,49.1293],[13.1335,49.1117],[13.1344,49.1271],[13.1642,49.1467],[13.1602,49.1594],[13.1709,49.1736],[13.1769,49.1642],[13.1703,49.144],[13.2055,49.1222],[13.2359,49.1138],[13.2823,49.1205],[13.3361,49.0938],[13.3758,49.0586],[13.3974,49.0507],[13.3917,49.0422],[13.4058,49.0238],[13.4004,49.0164],[13.4094,49.0032],[13.4027,48.9872],[13.4171,48.9797],[13.4948,48.9417],[13.5083,48.9421],[13.5071,48.9691],[13.5801,48.9707],[13.6102,48.9386],[13.6099,48.9445],[13.6304,48.9479],[13.6225,48.9388],[13.6555,48.8936],[13.6696,48.8905],[13.6714,48.8801],[13.7379,48.886],[13.7653,48.8337],[13.793,48.83],[13.7881,48.8249],[13.8152,48.7971],[13.8043,48.7813],[13.8396,48.7716],[13.8226,48.7564],[13.8191,48.7318],[13.796,48.7135],[13.7773,48.7253],[13.8034,48.708],[13.8114,48.7087],[13.8141,48.7009],[13.8374,48.7005],[13.8335,48.6919],[13.8135,48.6918],[13.8193,48.6749],[13.8141,48.6497],[13.8265,48.6349],[13.8226,48.6142],[13.8013,48.5974],[13.8059,48.5798],[13.7701,48.5536],[13.7553,48.5645],[13.7467,48.5529],[13.7549,48.5512],[13.7437,48.544],[13.7478,48.5294],[13.7333,48.5253],[13.7322,48.5164],[13.6641,48.5342],[13.6561,48.5463],[13.599,48.5696],[13.5799,48.5594],[13.5666,48.5622],[13.5133,48.591],[13.4893,48.5741],[13.5016,48.5809],[13.504,48.5725],[13.4745,48.5624],[13.4754,48.5561],[13.4636,48.554],[13.4513,48.5635],[13.4207,48.5705],[13.4466,48.5617],[13.4374,48.5568],[13.4386,48.5487],[13.4498,48.5384],[13.445,48.5275],[13.4582,48.5119],[13.4271,48.4571],[13.44,48.4334],[13.4146,48.3786],[13.3271,48.322],[13.2616,48.2951],[13.1769,48.2944],[13.1282,48.2785],[13.0811,48.2773],[13.0686,48.2917],[13.0744,48.2934],[13.071,48.3083],[13.0322,48.319],[13.0554,48.3303],[13.0557,48.3468],[13.0792,48.355],[13.0802,48.3718],[13.0933,48.3815],[13.0853,48.3839],[13.0997,48.3921],[13.0893,48.397],[13.0948,48.4278],[13.1043,48.4327],[13.1363,48.4262],[13.1422,48.4364],[13.1546,48.434],[13.1176,48.4481],[13.123,48.4628],[13.1175,48.4634],[13.1166,48.4884],[13.085,48.489],[13.0975,48.5371],[13.1087,48.5344],[13.0973,48.5481],[13.0854,48.5487],[13.0882,48.5445],[13.0848,48.5427],[13.0732,48.5552],[13.0005,48.534],[13.0001,48.5471],[13.0243,48.5612],[13.0163,48.5744],[13.0213,48.5795],[13.0132,48.5834],[12.9945,48.5802],[12.9785,48.567],[12.9546,48.5723],[12.9428,48.5536],[12.8958,48.5408],[12.8901,48.5293],[12.8674,48.5297],[12.8665,48.5187],[12.8392,48.528],[12.808,48.5016],[12.786,48.5103],[12.7521,48.5083],[12.7733,48.5246],[12.7611,48.5242],[12.7575,48.5368],[12.7787,48.5444]]]}},{"type":"Feature","properties":{"plz":"95","c":[11.8606,50.0574]},"geometry":{"type":"Polygon","coordinates":[[[11.382,49.8326],[11.3931,49.8676],[11.4078,49.8772],[11.3921,49.8741],[11.3698,49.8821],[11.3842,49.8883],[11.3348,49.8789],[11.3427,49.8759],[11.3357,49.8731],[11.3098,49.875],[11.2932,49.8866],[11.3483,49.9058],[11.3761,49.9358],[11.3547,49.9449],[11.358,49.9793],[11.3705,49.9934],[11.3272,50.0014],[11.3292,50.0074],[11.3693,50.0137],[11.3247,50.0078],[11.3204,50.0153],[11.2983,50.0151],[11.2755,50.0289],[11.304,50.0393],[11.292,50.043],[11.3093,50.0587],[11.2969,50.0723],[11.3027,50.0846],[11.324,50.0832],[11.2987,50.1034],[11.3111,50.1164],[11.3254,50.1124],[11.3393,50.1318],[11.3509,50.1331],[11.3551,50.1259],[11.3586,50.1371],[11.3522,50.1398],[11.3635,50.1497],[11.34,50.1496],[11.3424,50.1603],[11.3605,50.1665],[11.3624,50.1838],[11.3758,50.1924],[11.3931,50.192],[11.3826,50.1871],[11.3964,50.1757],[11.4345,50.1834],[11.4137,50.1985],[11.4413,50.2233],[11.4465,50.2182],[11.4591,50.2256],[11.4637,50.2382],[11.4756,50.2331],[11.4871,50.2504],[11.528,50.2543],[11.5257,50.2608],[11.542,50.2656],[11.5368,50.2765],[11.566,50.2881],[11.5531,50.3149],[11.5288,50.3287],[11.539,50.3375],[11.5412,50.3557],[11.5353,50.3583],[11.5767,50.3624],[11.5805,50.3719],[11.5666,50.3781],[11.6106,50.3888],[11.6035,50.3985],[11.621,50.3872],[11.6416,50.3877],[11.707,50.4038],[11.7139,50.3966],[11.7449,50.4105],[11.7623,50.4056],[11.7525,50.4157],[11.7719,50.4112],[11.7797,50.4187],[11.7948,50.4183],[11.8169,50.4007],[11.8256,50.4039],[11.8232,50.3898],[11.8632,50.4008],[11.8823,50.4151],[11.9349,50.4237],[11.9541,50.4076],[11.949,50.3951],[11.9646,50.3998],[11.9837,50.3899],[11.9787,50.3691],[11.9848,50.3649],[11.973,50.3523],[12.0147,50.3476],[12.0489,50.3238],[12.0461,50.3312],[12.08,50.3269],[12.088,50.3327],[12.0903,50.3243],[12.126,50.3072],[12.1193,50.2989],[12.1391,50.2761],[12.0976,50.2623],[12.1023,50.2555],[12.0906,50.2524],[12.1269,50.2324],[12.1511,50.2357],[12.1456,50.2299],[12.162,50.2235],[12.1597,50.2112],[12.1754,50.2128],[12.1827,50.1992],[12.1972,50.199],[12.1889,50.1955],[12.2012,50.1886],[12.2073,50.1695],[12.216,50.1682],[12.1952,50.1432],[12.2008,50.1087],[12.2287,50.1024],[12.2336,50.0941],[12.2466,50.0975],[12.2754,50.0765],[12.2593,50.0566],[12.2713,50.0614],[12.3173,50.0534],[12.3253,50.0331],[12.3399,50.0392],[12.3675,50.0174],[12.4022,50.0146],[12.4017,50.0052],[12.4316,50.0025],[12.4353,49.9935],[12.4257,49.991],[12.4315,49.9844],[12.4607,49.9949],[12.4766,49.9807],[12.49,49.9816],[12.4996,49.972],[12.47,49.9483],[12.4783,49.9355],[12.5408,49.9243],[12.5512,49.9093],[12.5452,49.8956],[12.5216,49.8817],[12.5121,49.8594],[12.4979,49.8569],[12.498,49.8375],[12.4854,49.8431],[12.4731,49.8337],[12.4734,49.8151],[12.464,49.8101],[12.4726,49.7861],[12.3923,49.754],[12.3779,49.7568],[12.3849,49.7606],[12.3726,49.7709],[12.3354,49.7584],[12.2955,49.7711],[12.2632,49.7627],[12.2365,49.7713],[12.2293,49.7838],[12.2357,49.7999],[12.2031,49.8021],[12.2118,49.8089],[12.1842,49.8214],[12.1944,49.8228],[12.1876,49.8293],[12.1936,49.8334],[12.1693,49.8558],[12.1742,49.8792],[12.1598,49.8742],[12.1375,49.881],[12.1144,49.8677],[12.0802,49.8855],[12.0709,49.8806],[12.057,49.8896],[12.0625,49.8966],[12.0432,49.9024],[12.0371,49.896],[12.014,49.8984],[12.0195,49.8911],[12.0077,49.8701],[12.023,49.8601],[11.9843,49.8397],[11.9729,49.8256],[11.9816,49.8163],[11.9518,49.8049],[11.9351,49.8124],[11.9097,49.7997],[11.8722,49.811],[11.8495,49.8024],[11.828,49.8052],[11.8332,49.8052],[11.824,49.8103],[11.8294,49.8171],[11.7891,49.8281],[11.7892,49.8366],[11.7336,49.8392],[11.7574,49.8318],[11.7517,49.8277],[11.7627,49.8203],[11.7767,49.8262],[11.788,49.8119],[11.8073,49.8086],[11.7763,49.7974],[11.7819,49.7939],[11.7754,49.7877],[11.7855,49.7833],[11.7794,49.7765],[11.7877,49.7714],[11.7617,49.7619],[11.7438,49.7633],[11.7611,49.7723],[11.7229,49.7792],[11.7029,49.8014],[11.6732,49.811],[11.6589,49.8021],[11.6434,49.8078],[11.6346,49.8021],[11.6239,49.8171],[11.599,49.8191],[11.5998,49.8276],[11.5744,49.8343],[11.5543,49.8308],[11.5283,49.8129],[11.5035,49.829],[11.5008,49.8384],[11.4716,49.8371],[11.454,49.819],[11.4046,49.8166],[11.3924,49.8042],[11.3428,49.8128],[11.3525,49.8271],[11.382,49.8326]]]}},{"type":"Feature","properties":{"plz":"96","c":[11.0082,50.1119]},"geometry":{"type":"Polygon","coordinates":[[[10.6123,49.707],[10.5743,49.7098],[10.5743,49.7248],[10.5513,49.7127],[10.4797,49.7069],[10.4896,49.7181],[10.4779,49.7255],[10.5098,49.7344],[10.4221,49.7543],[10.432,49.7699],[10.4201,49.7747],[10.4288,49.7825],[10.4198,49.7903],[10.4618,49.836],[10.4401,49.8451],[10.4475,49.8485],[10.4529,49.8722],[10.4594,49.8788],[10.5025,49.8714],[10.5074,49.8814],[10.465,49.8886],[10.4578,49.8971],[10.4691,49.8944],[10.4673,49.9069],[10.4765,49.9091],[10.4636,49.915],[10.4834,49.9151],[10.489,49.925],[10.5085,49.9238],[10.5175,49.9273],[10.5141,49.9316],[10.5625,49.9318],[10.6039,49.9102],[10.6356,49.9107],[10.6333,49.8991],[10.6826,49.8822],[10.694,49.8902],[10.6866,49.8967],[10.7059,49.9046],[10.6914,49.9126],[10.7074,49.925],[10.7227,49.9175],[10.714,49.9224],[10.7166,49.9326],[10.7371,49.9389],[10.742,49.9479],[10.702,49.9679],[10.7013,49.9886],[10.7726,49.9992],[10.7648,50.0004],[10.7652,50.0134],[10.7296,50.005],[10.7249,50.0119],[10.6789,50.0069],[10.6637,50.0223],[10.6723,50.0259],[10.6597,50.041],[10.6837,50.0481],[10.6882,50.0641],[10.6612,50.0792],[10.595,50.0972],[10.6399,50.1052],[10.6408,50.1156],[10.6563,50.129],[10.6963,50.1297],[10.7008,50.1374],[10.6855,50.1424],[10.6678,50.1684],[10.6555,50.1587],[10.5981,50.1687],[10.6039,50.1767],[10.5808,50.191],[10.5939,50.1982],[10.5857,50.2032],[10.5959,50.2169],[10.5915,50.2205],[10.6598,50.2314],[10.6578,50.2236],[10.6869,50.2259],[10.6958,50.2117],[10.7195,50.2044],[10.7312,50.2129],[10.7267,50.2476],[10.7323,50.2518],[10.7694,50.2408],[10.782,50.2512],[10.8004,50.2515],[10.8074,50.2402],[10.8252,50.2376],[10.8518,50.2514],[10.8466,50.2762],[10.8042,50.2796],[10.8025,50.292],[10.7695,50.2931],[10.7418,50.316],[10.7201,50.3185],[10.715,50.333],[10.7294,50.3447],[10.714,50.3461],[10.7153,50.3637],[10.7546,50.3581],[10.7858,50.3853],[10.8044,50.3792],[10.8305,50.3927],[10.8573,50.3879],[10.8761,50.3966],[10.8932,50.3802],[10.933,50.3926],[10.9472,50.3849],[10.9594,50.3908],[10.9594,50.4008],[10.9394,50.4146],[10.9599,50.4165],[11.0014,50.443],[11.0237,50.4281],[11.0174,50.4353],[11.0292,50.4364],[11.0302,50.4272],[11.0435,50.4301],[11.0494,50.4418],[11.0892,50.437],[11.0798,50.4311],[11.1163,50.425],[11.1208,50.4422],[11.1464,50.4454],[11.143,50.4504],[11.1576,50.4566],[11.1759,50.4823],[11.2336,50.5075],[11.2725,50.5003],[11.2667,50.4911],[11.2843,50.4961],[11.2802,50.4854],[11.2603,50.4809],[11.2891,50.4855],[11.2917,50.4751],[11.3008,50.4883],[11.3232,50.491],[11.3214,50.5086],[11.3702,50.5232],[11.388,50.5156],[11.4234,50.5162],[11.4403,50.4988],[11.4354,50.4921],[11.4188,50.4934],[11.4259,50.4845],[11.4176,50.4818],[11.4154,50.468],[11.4236,50.4623],[11.4205,50.4434],[11.4514,50.4313],[11.4438,50.4208],[11.4637,50.4323],[11.4826,50.4308],[11.4884,50.4162],[11.4782,50.401],[11.5185,50.396],[11.5195,50.374],[11.5593,50.3837],[11.5726,50.4],[11.5934,50.4028],[11.6106,50.3888],[11.5666,50.3781],[11.5805,50.3719],[11.5767,50.3624],[11.5353,50.3583],[11.5412,50.3557],[11.539,50.3375],[11.5234,50.3174],[11.5328,50.3251],[11.5531,50.3149],[11.566,50.2881],[11.5368,50.2765],[11.542,50.2656],[11.5257,50.2608],[11.528,50.2543],[11.4871,50.2504],[11.4756,50.2331],[11.4523,50.2388],[11.4626,50.2345],[11.4591,50.2256],[11.4465,50.2182],[11.4413,50.2233],[11.4156,50.2014],[11.3801,50.1934],[11.4199,50.1979],[11.4345,50.1834],[11.3964,50.1757],[11.3826,50.1871],[11.3931,50.192],[11.3758,50.1924],[11.3624,50.1838],[11.3605,50.1665],[11.3424,50.1603],[11.34,50.1496],[11.3635,50.1497],[11.3522,50.1398],[11.3586,50.1371],[11.3551,50.1259],[11.3509,50.1331],[11.3393,50.1318],[11.3299,50.1161],[11.3123,50.1147],[11.2987,50.1034],[11.324,50.0832],[11.3027,50.0846],[11.2969,50.0723],[11.3093,50.0587],[11.292,50.043],[11.304,50.0393],[11.2755,50.0289],[11.2983,50.0151],[11.3204,50.0153],[11.3325,49.9965],[11.3562,50],[11.3705,49.9934],[11.358,49.9793],[11.3592,49.9541],[11.3476,49.9452],[11.3761,49.9358],[11.3483,49.9058],[11.2932,49.8866],[11.278,49.8926],[11.2434,49.8881],[11.269,49.9125],[11.2602,49.9296],[11.2489,49.9306],[11.2417,49.921],[11.2028,49.913],[11.2064,49.9204],[11.1951,49.9089],[11.1509,49.9193],[11.1515,49.9253],[11.1243,49.9069],[11.1027,49.9107],[11.1112,49.9154],[11.1054,49.9201],[11.0832,49.9142],[11.0792,49.9051],[11.0438,49.9064],[11.0704,49.9043],[11.0896,49.8692],[11.0796,49.8635],[11.0983,49.8589],[11.0919,49.8512],[11.1053,49.8529],[11.0954,49.8387],[11.1044,49.8357],[11.1001,49.8056],[11.0838,49.803],[11.0813,49.794],[11.0716,49.7986],[11.0252,49.7932],[11.0488,49.7949],[11.0093,49.7818],[10.9817,49.7864],[10.9859,49.7821],[10.9792,49.7753],[10.9622,49.7705],[10.935,49.779],[10.9265,49.7677],[10.9187,49.7722],[10.9319,49.7849],[10.8999,49.7783],[10.8988,49.7725],[10.8642,49.7726],[10.8779,49.7658],[10.8779,49.7564],[10.8565,49.7588],[10.7997,49.7329],[10.7477,49.7342],[10.7483,49.7271],[10.7126,49.7282],[10.7032,49.7174],[10.624,49.7204],[10.6123,49.707]]]}},{"type":"Feature","properties":{"plz":"97","c":[10.0045,49.9509]},"geometry":{"type":"Polygon","coordinates":[[[9.6807,49.4138],[9.6824,49.4085],[9.6716,49.4069],[9.6714,49.4151],[9.6385,49.4142],[9.6429,49.4304],[9.5955,49.4311],[9.5895,49.4398],[9.5967,49.4623],[9.5713,49.4803],[9.5596,49.5024],[9.571,49.5189],[9.5654,49.5283],[9.5747,49.5304],[9.5674,49.5326],[9.5732,49.5349],[9.5909,49.5229],[9.5917,49.5324],[9.58,49.5349],[9.5717,49.5517],[9.5426,49.5476],[9.5373,49.5558],[9.5161,49.5559],[9.5038,49.5708],[9.4991,49.5874],[9.512,49.6024],[9.544,49.6009],[9.5371,49.6155],[9.5517,49.6215],[9.548,49.6337],[9.5393,49.6399],[9.5275,49.635],[9.52,49.6431],[9.502,49.6373],[9.4533,49.6479],[9.4498,49.6563],[9.397,49.6719],[9.4122,49.6755],[9.4063,49.6794],[9.4223,49.6961],[9.3998,49.7296],[9.3803,49.7262],[9.3808,49.7054],[9.3446,49.7001],[9.3377,49.7137],[9.374,49.728],[9.283,49.7417],[9.2623,49.7238],[9.28,49.7656],[9.2965,49.7695],[9.2929,49.7825],[9.3193,49.7925],[9.3204,49.8052],[9.3611,49.8176],[9.3538,49.8362],[9.3738,49.8375],[9.3666,49.8536],[9.4138,49.8801],[9.4348,49.8839],[9.4267,49.8998],[9.431,49.9117],[9.4223,49.9177],[9.4539,49.9265],[9.4652,49.9166],[9.4637,49.9277],[9.4802,49.9436],[9.4596,49.9484],[9.4159,49.9337],[9.4053,49.9354],[9.4514,49.95],[9.4412,49.9619],[9.4434,49.9762],[9.4304,49.991],[9.4081,49.9971],[9.4128,50.0091],[9.3973,50.011],[9.3999,49.9955],[9.3953,49.9955],[9.395,50.0119],[9.4057,50.0135],[9.389,50.0266],[9.3927,50.033],[9.3904,50.0359],[9.3872,50.0291],[9.3602,50.043],[9.3552,50.0378],[9.3622,50.0284],[9.337,50.0385],[9.3499,50.0576],[9.3429,50.064],[9.3612,50.0688],[9.3422,50.0837],[9.513,50.0943],[9.5193,50.1059],[9.5074,50.1455],[9.5311,50.1611],[9.5281,50.1681],[9.4981,50.1756],[9.5015,50.193],[9.5162,50.1946],[9.4946,50.2268],[9.5014,50.2432],[9.5144,50.2343],[9.5336,50.2346],[9.5422,50.2243],[9.5747,50.2323],[9.5828,50.2214],[9.6206,50.2244],[9.6366,50.2352],[9.6636,50.234],[9.6371,50.2514],[9.6546,50.2715],[9.7024,50.2803],[9.7457,50.3103],[9.7435,50.3464],[9.733,50.3562],[9.7459,50.366],[9.7597,50.4019],[9.7512,50.4113],[9.7618,50.4253],[9.7804,50.4183],[9.7894,50.4251],[9.8069,50.4221],[9.8079,50.4123],[9.86,50.3975],[9.8705,50.4095],[9.8832,50.3988],[9.9578,50.4233],[9.9881,50.4455],[9.9971,50.4612],[10.0184,50.4665],[10.0411,50.4951],[10.0413,50.5165],[10.0734,50.5269],[10.0699,50.5354],[10.1079,50.5638],[10.1263,50.5614],[10.1207,50.5559],[10.1372,50.5428],[10.1467,50.5433],[10.1508,50.5523],[10.177,50.5424],[10.1765,50.5504],[10.204,50.5546],[10.2086,50.5405],[10.2322,50.531],[10.2301,50.5113],[10.2565,50.5129],[10.3016,50.4937],[10.3307,50.4944],[10.3414,50.4831],[10.336,50.4658],[10.3666,50.4387],[10.3809,50.4396],[10.3706,50.4318],[10.4048,50.4231],[10.3842,50.4058],[10.3948,50.3933],[10.4234,50.3926],[10.4505,50.402],[10.4635,50.3762],[10.4913,50.3751],[10.4963,50.3655],[10.4862,50.3631],[10.4919,50.3542],[10.5127,50.3598],[10.5147,50.3499],[10.5317,50.365],[10.5446,50.3643],[10.5618,50.3372],[10.6011,50.3333],[10.5922,50.3168],[10.605,50.2931],[10.5976,50.2891],[10.6014,50.2827],[10.5909,50.2718],[10.5765,50.2715],[10.6074,50.2721],[10.5981,50.2626],[10.6115,50.2495],[10.5971,50.2461],[10.6101,50.2279],[10.5915,50.2205],[10.5959,50.2169],[10.5857,50.2032],[10.5939,50.1982],[10.5808,50.191],[10.5942,50.1878],[10.6039,50.1767],[10.5981,50.1687],[10.6082,50.1659],[10.6555,50.1587],[10.6678,50.1684],[10.6855,50.1424],[10.7008,50.1374],[10.6963,50.1297],[10.6479,50.1256],[10.6399,50.1052],[10.595,50.0972],[10.6612,50.0792],[10.6882,50.0641],[10.6837,50.0481],[10.6597,50.041],[10.6723,50.0259],[10.6637,50.0223],[10.6789,50.0069],[10.7249,50.0119],[10.7296,50.005],[10.7652,50.0134],[10.7648,50.0004],[10.7532,49.9935],[10.7013,49.9886],[10.702,49.9679],[10.742,49.9479],[10.6914,49.9126],[10.7059,49.9046],[10.6866,49.8967],[10.694,49.8902],[10.6826,49.8822],[10.6333,49.8991],[10.6356,49.9107],[10.6039,49.9102],[10.5625,49.9318],[10.5136,49.9317],[10.5175,49.9273],[10.489,49.925],[10.4834,49.9151],[10.4636,49.915],[10.4765,49.9091],[10.4673,49.9069],[10.4691,49.8944],[10.4578,49.8971],[10.465,49.8886],[10.5074,49.8814],[10.5025,49.8714],[10.4594,49.8788],[10.4401,49.8451],[10.4618,49.836],[10.4366,49.8144],[10.44,49.8067],[10.39,49.7868],[10.4223,49.7956],[10.4288,49.7825],[10.4201,49.7747],[10.432,49.7699],[10.4221,49.7543],[10.4363,49.752],[10.4222,49.7313],[10.4163,49.7312],[10.421,49.7453],[10.4115,49.7431],[10.3525,49.6998],[10.342,49.7046],[10.3083,49.7025],[10.3388,49.7042],[10.3328,49.6984],[10.3587,49.6923],[10.3387,49.6888],[10.3827,49.694],[10.3852,49.685],[10.3732,49.6885],[10.3577,49.6776],[10.368,49.672],[10.3626,49.6653],[10.3881,49.6342],[10.3479,49.6222],[10.3081,49.6211],[10.3013,49.6272],[10.2873,49.6208],[10.3034,49.6179],[10.2914,49.6162],[10.2948,49.6116],[10.3291,49.6102],[10.3291,49.6034],[10.2977,49.6029],[10.3054,49.5909],[10.3231,49.5912],[10.3159,49.5797],[10.2576,49.5554],[10.2944,49.5422],[10.2836,49.5356],[10.2831,49.5229],[10.2571,49.5145],[10.236,49.4895],[10.1852,49.4919],[10.1729,49.4756],[10.138,49.4789],[10.1316,49.4713],[10.1183,49.4724],[10.1221,49.4638],[10.0979,49.457],[10.0949,49.4481],[10.1118,49.4386],[10.1189,49.4439],[10.1331,49.4379],[10.1524,49.4118],[10.1522,49.4012],[10.139,49.4037],[10.161,49.3904],[10.1446,49.3836],[10.112,49.3851],[10.1078,49.3897],[10.1141,49.3937],[10.1068,49.396],[10.0522,49.3899],[10.0319,49.3845],[10.0417,49.3691],[9.9772,49.3775],[9.9603,49.3602],[9.9345,49.3516],[9.924,49.3734],[9.9035,49.3675],[9.8944,49.3745],[9.8854,49.3685],[9.8779,49.3743],[9.8417,49.3705],[9.8482,49.3777],[9.8377,49.3949],[9.8117,49.3884],[9.8007,49.3956],[9.8002,49.4078],[9.7747,49.3935],[9.7579,49.4032],[9.7481,49.3941],[9.7124,49.3979],[9.7073,49.4049],[9.7132,49.4115],[9.7018,49.4179],[9.6872,49.4096],[9.6807,49.4138]]]}},{"type":"Feature","properties":{"plz":"98","c":[10.6628,50.5581]},"geometry":{"type":"Polygon","coordinates":[[[10.5548,50.3412],[10.5542,50.3566],[10.5446,50.3643],[10.5317,50.365],[10.5147,50.3499],[10.5127,50.3598],[10.4919,50.3542],[10.4862,50.3631],[10.4963,50.3655],[10.4913,50.3751],[10.4635,50.3762],[10.4505,50.402],[10.4234,50.3926],[10.3948,50.3933],[10.3842,50.409],[10.4031,50.4262],[10.3706,50.4318],[10.3809,50.4396],[10.3666,50.4387],[10.336,50.4658],[10.3414,50.4831],[10.3307,50.4944],[10.3016,50.4937],[10.2565,50.5129],[10.2301,50.5113],[10.2322,50.531],[10.2086,50.5405],[10.204,50.5546],[10.1744,50.5504],[10.177,50.5424],[10.1508,50.5523],[10.1467,50.5433],[10.1372,50.5428],[10.1207,50.5559],[10.1263,50.5614],[10.1079,50.5638],[10.0699,50.5354],[10.0734,50.5269],[10.0413,50.5165],[10.0394,50.5319],[10.0615,50.5566],[10.0462,50.5722],[10.0489,50.5986],[10.038,50.6141],[10.0584,50.6264],[10.0813,50.6197],[10.0782,50.6371],[10.0872,50.6412],[10.1025,50.6375],[10.1071,50.627],[10.1474,50.6168],[10.2044,50.6164],[10.2112,50.6254],[10.2015,50.6293],[10.2186,50.64],[10.1963,50.6672],[10.1786,50.6716],[10.1926,50.6883],[10.1845,50.6946],[10.1942,50.6957],[10.1835,50.6984],[10.1838,50.7182],[10.2087,50.7236],[10.2223,50.7373],[10.2126,50.7419],[10.2215,50.7498],[10.2014,50.7778],[10.2407,50.7662],[10.2431,50.7749],[10.246,50.7649],[10.263,50.7639],[10.3306,50.7874],[10.343,50.7798],[10.376,50.7816],[10.3841,50.7865],[10.3748,50.7965],[10.3904,50.804],[10.3796,50.8068],[10.4052,50.8153],[10.4115,50.8505],[10.4282,50.8426],[10.4658,50.8508],[10.5024,50.8328],[10.5158,50.8367],[10.5379,50.8272],[10.5459,50.8021],[10.5383,50.7824],[10.5625,50.7815],[10.5648,50.7563],[10.5848,50.7359],[10.6132,50.7378],[10.6414,50.7275],[10.6499,50.7157],[10.6689,50.7239],[10.6863,50.7155],[10.7043,50.716],[10.7219,50.7386],[10.7545,50.7158],[10.744,50.6896],[10.7648,50.6839],[10.789,50.6889],[10.7949,50.6808],[10.7918,50.6982],[10.8102,50.7149],[10.8109,50.7341],[10.8229,50.7462],[10.8405,50.746],[10.8464,50.7328],[10.8694,50.7309],[10.899,50.7344],[10.9289,50.7494],[10.9604,50.7409],[10.9554,50.7344],[10.9624,50.7278],[11.0147,50.733],[11.0109,50.7257],[11.0314,50.7066],[11.0528,50.7082],[11.0569,50.6868],[11.0089,50.6876],[11.0269,50.6684],[11.0423,50.6796],[11.0634,50.675],[11.0553,50.6694],[11.066,50.6653],[11.0666,50.6573],[11.058,50.6495],[11.0652,50.6372],[11.058,50.6268],[11.0886,50.6097],[11.0945,50.617],[11.1384,50.6034],[11.1452,50.6214],[11.1525,50.6195],[11.1466,50.624],[11.1514,50.6315],[11.1585,50.6254],[11.1783,50.6277],[11.1939,50.6205],[11.1867,50.6146],[11.1968,50.6057],[11.1849,50.5976],[11.2289,50.5935],[11.2334,50.5771],[11.245,50.5712],[11.2733,50.5793],[11.2903,50.5726],[11.277,50.5716],[11.273,50.5656],[11.2984,50.5633],[11.298,50.5506],[11.3149,50.5359],[11.3317,50.5348],[11.347,50.5122],[11.3214,50.5086],[11.3232,50.491],[11.3008,50.4883],[11.2917,50.4751],[11.2891,50.4855],[11.2652,50.4796],[11.2802,50.4854],[11.2843,50.4961],[11.2667,50.4911],[11.2725,50.5003],[11.232,50.5104],[11.2069,50.4913],[11.1759,50.4823],[11.1737,50.4696],[11.143,50.4504],[11.1464,50.4454],[11.1208,50.4422],[11.1163,50.425],[11.0798,50.4311],[11.0892,50.437],[11.0494,50.4418],[11.0435,50.4301],[11.0302,50.4272],[11.0292,50.4364],[11.0174,50.4353],[11.0237,50.4281],[11.0061,50.4352],[11.0014,50.443],[11.0399,50.4678],[10.9599,50.4165],[10.9394,50.4146],[10.9594,50.4008],[10.9594,50.3908],[10.9467,50.3862],[10.933,50.3926],[10.8932,50.3802],[10.8761,50.3966],[10.8573,50.3879],[10.8305,50.3927],[10.8044,50.3792],[10.7858,50.3853],[10.7546,50.3581],[10.7153,50.3637],[10.714,50.3461],[10.7294,50.3447],[10.715,50.333],[10.7201,50.3185],[10.7418,50.316],[10.7695,50.2931],[10.8025,50.292],[10.8042,50.2796],[10.8466,50.2762],[10.8518,50.2514],[10.8252,50.2376],[10.8074,50.2402],[10.8004,50.2515],[10.782,50.2512],[10.7694,50.2408],[10.7323,50.2518],[10.7259,50.241],[10.7312,50.2129],[10.7195,50.2044],[10.6958,50.2117],[10.6869,50.2259],[10.6578,50.2236],[10.6598,50.2314],[10.6121,50.2241],[10.5971,50.2461],[10.6115,50.2495],[10.5981,50.2626],[10.6074,50.2721],[10.5909,50.2718],[10.605,50.2931],[10.5923,50.3082],[10.6011,50.3333],[10.5548,50.3412]]]}},{"type":"Feature","properties":{"plz":"99","c":[10.8261,51.1025]},"geometry":{"type":"Polygon","coordinates":[[[10.5669,50.7723],[10.5586,50.7844],[10.5383,50.7824],[10.5459,50.8021],[10.5379,50.8272],[10.5158,50.8367],[10.5024,50.8328],[10.4672,50.8527],[10.4282,50.8426],[10.3872,50.8685],[10.3708,50.8623],[10.3246,50.8685],[10.3417,50.8812],[10.3389,50.9019],[10.3179,50.8975],[10.3117,50.9056],[10.3174,50.9118],[10.2921,50.8983],[10.2607,50.8993],[10.244,50.8776],[10.2469,50.8704],[10.2045,50.8613],[10.1728,50.8693],[10.196,50.8736],[10.2029,50.885],[10.1887,50.8736],[10.1488,50.8769],[10.1496,50.8821],[10.1207,50.878],[10.0788,50.9029],[10.0751,50.8897],[10.0809,50.887],[10.0674,50.8757],[10.0562,50.8802],[10.0587,50.89],[10.0414,50.8929],[10.051,50.8998],[10.0139,50.9203],[9.9714,50.9071],[9.969,50.9128],[9.9913,50.9354],[9.9662,50.934],[9.9543,50.9218],[9.95,50.9444],[9.991,50.9434],[10.0134,50.9347],[10.0245,50.9438],[10.0296,50.9371],[10.0693,50.9458],[10.0429,50.9487],[10.0427,50.9565],[10.032,50.9591],[10.0414,50.9675],[10.0196,50.9804],[10.032,51.0104],[10.0411,51.013],[10.1035,51.0033],[10.1193,51.0123],[10.133,51.0048],[10.1274,51.0006],[10.1347,50.9953],[10.1492,50.9937],[10.2053,51.0073],[10.1927,51.0187],[10.2147,51.0253],[10.2017,51.031],[10.205,51.035],[10.1847,51.0492],[10.1405,51.0601],[10.1549,51.0705],[10.1436,51.085],[10.1655,51.0995],[10.1604,51.1081],[10.172,51.1052],[10.1727,51.1183],[10.1521,51.1181],[10.118,51.14],[10.1673,51.1535],[10.1851,51.1412],[10.1791,51.1276],[10.1975,51.1122],[10.2092,51.1181],[10.2035,51.1328],[10.2096,51.1438],[10.2003,51.1499],[10.2072,51.1649],[10.2361,51.1838],[10.202,51.1951],[10.2078,51.1997],[10.1857,51.2192],[10.218,51.2313],[10.2677,51.2268],[10.2687,51.2344],[10.2829,51.2309],[10.3033,51.242],[10.3197,51.2605],[10.3041,51.266],[10.3057,51.2755],[10.3123,51.2747],[10.3118,51.2823],[10.3597,51.2828],[10.3782,51.311],[10.3745,51.3286],[10.3927,51.3435],[10.4838,51.3433],[10.5178,51.3611],[10.523,51.37],[10.5047,51.3939],[10.4932,51.393],[10.4959,51.4112],[10.481,51.4168],[10.4881,51.4225],[10.5021,51.4177],[10.5016,51.426],[10.4894,51.4298],[10.5198,51.4365],[10.4991,51.4552],[10.5089,51.4606],[10.5061,51.4753],[10.5229,51.4915],[10.5126,51.4957],[10.5395,51.5216],[10.5118,51.5252],[10.5147,51.5389],[10.4724,51.5515],[10.4862,51.5572],[10.4924,51.5688],[10.4879,51.575],[10.5191,51.5536],[10.5594,51.5567],[10.6011,51.5794],[10.6364,51.5622],[10.6604,51.5608],[10.6661,51.5778],[10.6383,51.5841],[10.6314,51.6025],[10.6336,51.6083],[10.6488,51.6065],[10.6408,51.6221],[10.6823,51.6289],[10.6766,51.6384],[10.7566,51.6416],[10.7632,51.6489],[10.8151,51.6393],[10.8206,51.6242],[10.8592,51.6328],[10.8867,51.6121],[10.9217,51.6174],[10.9142,51.61],[10.9376,51.6022],[10.9304,51.5912],[10.9021,51.594],[10.8954,51.6018],[10.8828,51.5791],[10.8916,51.5791],[10.9003,51.5653],[10.8964,51.5544],[10.9046,51.5498],[10.9116,51.5573],[10.9156,51.5481],[10.9475,51.5379],[10.9268,51.5207],[10.9451,51.5062],[10.9391,51.5005],[10.9489,51.5012],[10.9724,51.4829],[10.9621,51.4735],[10.961,51.4633],[10.9724,51.4537],[10.9668,51.4323],[10.9998,51.4287],[10.9907,51.4181],[11.0504,51.4204],[11.0455,51.4258],[11.0636,51.4294],[11.1227,51.4125],[11.1106,51.4024],[11.0897,51.403],[11.084,51.3921],[11.0933,51.3787],[11.0677,51.3733],[11.0544,51.3438],[11.0689,51.3434],[11.0635,51.3347],[11.0768,51.3313],[11.0716,51.3232],[11.0834,51.3214],[11.0684,51.3229],[11.0693,51.317],[11.0566,51.3133],[11.0687,51.2979],[11.0309,51.2894],[11.0375,51.2847],[11.0299,51.275],[11.0713,51.2682],[11.0937,51.2802],[11.091,51.2679],[11.1633,51.2558],[11.2199,51.2345],[11.2327,51.2467],[11.2429,51.2445],[11.2554,51.2644],[11.3039,51.2442],[11.3257,51.2605],[11.3284,51.2709],[11.3055,51.2718],[11.3144,51.2779],[11.3075,51.2844],[11.3242,51.2937],[11.3385,51.2845],[11.3271,51.2788],[11.3325,51.2734],[11.3573,51.2669],[11.351,51.2577],[11.3911,51.2485],[11.3652,51.2214],[11.3909,51.2175],[11.3915,51.2037],[11.4462,51.2088],[11.453,51.1919],[11.4431,51.1769],[11.4552,51.1952],[11.4685,51.1927],[11.4709,51.1698],[11.4853,51.1683],[11.4752,51.1657],[11.4792,51.1577],[11.472,51.1479],[11.4514,51.1465],[11.4633,51.1292],[11.4633,51.1127],[11.4854,51.1025],[11.5122,51.108],[11.5456,51.1024],[11.5477,51.1117],[11.5582,51.1088],[11.5718,51.1206],[11.6201,51.105],[11.6204,51.0969],[11.6382,51.1107],[11.6682,51.1104],[11.671,51.1029],[11.6928,51.0997],[11.6967,51.0876],[11.6819,51.0837],[11.6886,51.0616],[11.678,51.0605],[11.6868,51.0541],[11.6683,51.0424],[11.6752,51.0364],[11.6516,51.0238],[11.621,51.0274],[11.6229,51.0205],[11.6005,51.0144],[11.6048,51.0054],[11.5512,50.9929],[11.5249,50.9802],[11.523,50.9708],[11.5035,50.9669],[11.5023,50.9447],[11.5446,50.9404],[11.5072,50.9366],[11.5102,50.9166],[11.4905,50.9015],[11.4974,50.89],[11.4875,50.8807],[11.4614,50.8778],[11.4628,50.8663],[11.4383,50.8645],[11.4509,50.8423],[11.4604,50.8396],[11.4542,50.8278],[11.4299,50.8298],[11.4319,50.8169],[11.4154,50.8052],[11.3871,50.8027],[11.3961,50.808],[11.3897,50.8082],[11.3911,50.8187],[11.3812,50.8179],[11.3612,50.8152],[11.3578,50.7979],[11.321,50.7946],[11.3185,50.803],[11.2878,50.8103],[11.2998,50.8143],[11.2746,50.8193],[11.2761,50.8306],[11.251,50.8341],[11.2573,50.8151],[11.2238,50.7998],[11.1902,50.7992],[11.2086,50.7957],[11.1931,50.792],[11.1751,50.7714],[11.1907,50.7551],[11.1903,50.7358],[11.1696,50.7285],[11.1508,50.7333],[11.1364,50.7186],[11.1378,50.7255],[11.1177,50.7318],[11.0997,50.7299],[11.1003,50.7188],[11.0919,50.7124],[11.0951,50.698],[11.0723,50.6947],[11.0713,50.7192],[11.0607,50.7148],[11.0673,50.7097],[11.0314,50.7066],[11.0109,50.7257],[11.0147,50.733],[10.9624,50.7278],[10.9554,50.7344],[10.9604,50.7409],[10.9435,50.7472],[10.9289,50.7494],[10.899,50.7344],[10.8464,50.7328],[10.8405,50.746],[10.8229,50.7462],[10.8109,50.7341],[10.8102,50.7149],[10.7918,50.6982],[10.794,50.6856],[10.7648,50.6839],[10.744,50.6896],[10.7545,50.7158],[10.7219,50.7386],[10.7043,50.716],[10.6574,50.7266],[10.6499,50.7157],[10.6132,50.7378],[10.5744,50.7425],[10.5648,50.7563],[10.5669,50.7723]]]}}]}